/*
  Swiftwing NAS V1.3.0 Owner Approved Accounts

  Role:
    - Control / Login / NAS Web UI only
    - Discovers Storage Node 1 and Storage Node 2
 - Tracks ESP32-C3 DNS and ESP32 Monitor
    - Announces current Master IP to C3 DNS
    - DOES NOT store user files locally

  UI:
    /        = NAS file manager
    /status  = system/node monitoring page

  Board: ESP32
*/

#include <WiFi.h>
#include <WebServer.h>
#include <WiFiUdp.h>
#include <Preferences.h>
#include <stdlib.h>
#include <string.h>
#include <mbedtls/pkcs5.h>
#include "account_store_types.h"

// =====================================================
// CONFIG
// =====================================================

const char* DEFAULT_WIFI_SSID     = "BaBaWu";
const char* DEFAULT_WIFI_PASSWORD = "95042700Wu$";

const char* UI_USERNAME   = "admin";
const char* UI_PASSWORD   = "88888888";

// Must be exactly the same in Master, Node 1 and Node 2.
const char* NODE_API_KEY  = "BaBaWu";

const char* NAS_DOMAIN    = "swiftwingnas.tplinkdns.com";
const char* UI_BUILD      = "V1.2.9 COBALT MOTION FAN";
const uint8_t MAX_NAS_USERS = 16;
const uint8_t MAX_PENDING_NAS_USERS = 8;
const unsigned int USER_PASSWORD_ITERATIONS = 12000;

// =====================================================
// Network protocol
// =====================================================

const uint16_t HTTP_PORT              = 80;
const uint16_t STORAGE_DISCOVERY_PORT = 4210;
const uint16_t MASTER_ANNOUNCE_PORT   = 4211;
const uint16_t MASTER_LOCAL_PORT      = 4212;
const uint16_t DNS_STATUS_PORT        = 4213;
const uint16_t MONITOR_STATUS_PORT    = 4214;
const uint16_t MONITOR_FAN_CONTROL_PORT = 4216;

const unsigned long DISCOVERY_INTERVAL_MS = 3000;
const unsigned long MASTER_ANNOUNCE_MS    = 3000;
const unsigned long NODE_TIMEOUT_MS       = 12000;
const unsigned long SERVICE_TIMEOUT_MS    = 15000;

WebServer server(HTTP_PORT);

// =====================================================
// Forward declarations
// =====================================================

String jsonEscape(String s);
bool isAuthenticated();
int currentSessionSlot();
bool isAdminAuthenticated();

WiFiUDP storageUDP;
WiFiUDP masterAnnounceUDP;
WiFiUDP dnsStatusUDP;
WiFiUDP monitorStatusUDP;


// =====================================================
// Wi-Fi management / cluster provisioning
// =====================================================

const char* SWIFTWING_SETUP_SSID = "Swiftwing-Bridge";
const char* SWIFTWING_SETUP_PASS = "swiftwing-setup";
const char* WIFI_SYNC_KEY         = "SWIFTWING_WIFI_V1";
const uint16_t WIFI_SYNC_PORT     = 4220;
const uint16_t WIFI_SYNC_LOCAL_PORT = 4221;

Preferences wifiPrefs;
Preferences userPrefs;
WiFiUDP wifiSyncUDP;

String configuredSSID = "";
String configuredPass = "";
bool provisioningMode = false;
unsigned long wifiRestartAt = 0;
unsigned long lastReconnectAttempt = 0;

String hexEncode(const String &text) {
  const char *hex = "0123456789ABCDEF";
  String out;
  out.reserve(text.length() * 2);

  for (unsigned int i = 0; i < text.length(); i++) {
    uint8_t c = (uint8_t)text[i];
    out += hex[(c >> 4) & 0x0F];
    out += hex[c & 0x0F];
  }

  return out;
}

bool loadMasterWiFi() {
  wifiPrefs.begin("swiftwifi", true);
  configuredSSID = wifiPrefs.getString("ssid", "");
  configuredPass = wifiPrefs.getString("pass", "");
  wifiPrefs.end();
  return configuredSSID.length() > 0;
}

void saveMasterWiFi(const String &ssid, const String &pass) {
  wifiPrefs.begin("swiftwifi", false);
  wifiPrefs.putString("ssid", ssid);
  wifiPrefs.putString("pass", pass);
  wifiPrefs.end();
  configuredSSID = ssid;
  configuredPass = pass;
}

bool waitForMasterWiFi(unsigned long timeoutMs) {
  unsigned long start = millis();
  while (WiFi.status() != WL_CONNECTED && millis() - start < timeoutMs) {
    delay(250);
  }
  return WiFi.status() == WL_CONNECTED;
}

void startSwiftwingBridge() {
  WiFi.mode(WIFI_AP_STA);
  WiFi.setSleep(false);

  if (!WiFi.softAP(SWIFTWING_SETUP_SSID, SWIFTWING_SETUP_PASS, 1, 0, 8)) {
    Serial.println("Swiftwing-Bridge AP start failed");
  } else {
    Serial.print("Swiftwing-Bridge: ");
    Serial.println(WiFi.softAPIP());
  }
}

void connectWiFi() {
  startSwiftwingBridge();

  bool connected = false;
  bool hadSaved = loadMasterWiFi();

  // First try the saved network, if there is one.
  if (hadSaved) {
    Serial.print("Connecting saved WiFi: ");
    Serial.println(configuredSSID);

    WiFi.begin(
      configuredSSID.c_str(),
      configuredPass.c_str()
    );

    connected = waitForMasterWiFi(8000);
  }

  // Always keep the known home WiFi as a built-in fallback.
  // This makes reflashing/NVS changes much less fragile.
  if (!connected) {
    Serial.print("Trying built-in home WiFi: ");
    Serial.println(DEFAULT_WIFI_SSID);

    WiFi.disconnect();
    delay(150);

    configuredSSID = DEFAULT_WIFI_SSID;
    configuredPass = DEFAULT_WIFI_PASSWORD;

    WiFi.begin(
      DEFAULT_WIFI_SSID,
      DEFAULT_WIFI_PASSWORD
    );

    connected = waitForMasterWiFi(12000);

    if (connected) {
      saveMasterWiFi(
        DEFAULT_WIFI_SSID,
        DEFAULT_WIFI_PASSWORD
      );
    }
  }

  provisioningMode = !connected;

  if (connected) {
    Serial.print("Master WiFi: ");
    Serial.println(WiFi.SSID());
    Serial.print("Master IP: ");
    Serial.println(WiFi.localIP());
  } else {
    Serial.println("Home WiFi not connected.");
    Serial.println("Open http://192.168.4.1 and choose WiFi.");
  }
}

void maintainMasterWiFi() {
  if (WiFi.status() == WL_CONNECTED) {
    provisioningMode = false;
    return;
  }

  if (configuredSSID.length() == 0) {
    provisioningMode = true;
    return;
  }

  unsigned long now = millis();
  if (now - lastReconnectAttempt < 10000) return;

  lastReconnectAttempt = now;
  WiFi.begin(configuredSSID.c_str(), configuredPass.c_str());
}

void sendWiFiPacketTo(IPAddress target, const String &packet) {
  wifiSyncUDP.beginPacket(target, WIFI_SYNC_PORT);
  wifiSyncUDP.print(packet);
  wifiSyncUDP.endPacket();
}

void broadcastWiFiConfig(const String &ssid, const String &pass) {
  String packet =
    String("SWIFTWING_WIFI|") +
    WIFI_SYNC_KEY + "|" +
    hexEncode(ssid) + "|" +
    hexEncode(pass);

  // Send several times so Node1 / Node2 / C3 / Monitor all have a chance to receive it.
  for (int i = 0; i < 5; i++) {
    sendWiFiPacketTo(IPAddress(255, 255, 255, 255), packet);
    sendWiFiPacketTo(IPAddress(192, 168, 4, 255), packet);
    delay(80);
  }
}

bool wifiAdminAllowed() {
  return provisioningMode || isAdminAuthenticated();
}

void handleWiFiStatus() {
  if (!wifiAdminAllowed()) {
    server.send(401, "application/json", "{\"error\":\"unauthorized\"}");
    return;
  }

  String json = "{";
  json += "\"connected\":" + String(WiFi.status() == WL_CONNECTED ? "true" : "false") + ",";
  json += "\"ssid\":\"" + jsonEscape(WiFi.status() == WL_CONNECTED ? WiFi.SSID() : String("")) + "\",";
  json += "\"ip\":\"" + (WiFi.status() == WL_CONNECTED ? WiFi.localIP().toString() : String("")) + "\",";
  json += "\"rssi\":" + String(WiFi.status() == WL_CONNECTED ? WiFi.RSSI() : 0) + ",";
  json += "\"bridgeIp\":\"" + WiFi.softAPIP().toString() + "\"";
  json += "}";

  server.sendHeader("Cache-Control", "no-store");
  server.send(200, "application/json", json);
}

void handleWiFiScan() {
  if (!wifiAdminAllowed()) {
    server.send(401, "application/json", "{\"error\":\"unauthorized\"}");
    return;
  }

  int n = WiFi.scanNetworks(false, true);
  String json = "{\"networks\":[";
  bool first = true;

  for (int i = 0; i < n; i++) {
    String ssid = WiFi.SSID(i);
    if (ssid.length() == 0) continue;

    if (!first) json += ",";
    first = false;

    json += "{";
    json += "\"ssid\":\"" + jsonEscape(ssid) + "\",";
    json += "\"rssi\":" + String(WiFi.RSSI(i)) + ",";
    json += "\"open\":" + String(WiFi.encryptionType(i) == WIFI_AUTH_OPEN ? "true" : "false");
    json += "}";
  }

  json += "]}";
  WiFi.scanDelete();

  server.sendHeader("Cache-Control", "no-store");
  server.send(200, "application/json", json);
}

void handleWiFiApply() {
  if (!wifiAdminAllowed()) {
    server.send(401, "application/json", "{\"error\":\"unauthorized\"}");
    return;
  }

  if (!server.hasArg("ssid") || !server.hasArg("password")) {
    server.send(400, "application/json", "{\"error\":\"missing fields\"}");
    return;
  }

  String ssid = server.arg("ssid");
  String pass = server.arg("password");
  ssid.trim();

  if (ssid.length() == 0 || ssid.length() > 32 || pass.length() > 64) {
    server.send(400, "application/json", "{\"error\":\"invalid WiFi credentials\"}");
    return;
  }

  // Other four boards receive and save the new Wi-Fi first.
  broadcastWiFiConfig(ssid, pass);
  saveMasterWiFi(ssid, pass);

  server.send(
    200,
    "application/json",
    "{\"ok\":true,\"message\":\"Saved. All five boards are restarting onto the selected WiFi.\"}"
  );

  wifiRestartAt = millis() + 2200;
}



// =====================================================
// Child-board Wi-Fi bootstrap over Swiftwing-Bridge
// =====================================================

void handleWiFiBootstrap() {
  if (!server.hasArg("key") || server.arg("key") != WIFI_SYNC_KEY) {
    server.send(403, "text/plain", "Forbidden");
    return;
  }

  if (configuredSSID.length() == 0) {
    loadMasterWiFi();
  }

  if (configuredSSID.length() == 0) {
    server.send(503, "text/plain", "WiFi not configured yet");
    return;
  }

  String body =
    String("SWIFTWING_BOOTSTRAP|") +
    hexEncode(configuredSSID) + "|" +
    hexEncode(configuredPass);

  server.sendHeader("Cache-Control", "no-store");
  server.send(200, "text/plain", body);
}

// =====================================================
// Sessions - allow multiple client devices
// =====================================================

const int MAX_SESSIONS = 8;

struct UserSession {
  String token;
  String username;
  bool isAdmin;
  unsigned long lastSeen;
};

UserSession sessions[MAX_SESSIONS];

// =====================================================
// Device state
// =====================================================

// Node 1 - Primary Storage
String node1Id = "NODE1";
String node1Label = "Primary Storage";
IPAddress node1IP(0, 0, 0, 0);
uint16_t node1Port = 80;
bool node1Online = false;
bool node1StorageReady = false;
uint64_t node1TotalBytes = 0;
uint64_t node1UsedBytes = 0;
uint64_t node1FreeBytes = 0;
uint32_t node1UptimeSeconds = 0;
unsigned long node1LastSeen = 0;

// Node 2 - Backup Node
String node2Id = "NODE2";
String node2Label = "Backup Node";
IPAddress node2IP(0, 0, 0, 0);
uint16_t node2Port = 80;
bool node2Online = false;
bool node2StorageReady = false;
uint64_t node2TotalBytes = 0;
uint64_t node2UsedBytes = 0;
uint64_t node2FreeBytes = 0;
uint32_t node2UptimeSeconds = 0;
unsigned long node2LastSeen = 0;

bool c3Online = false;
IPAddress c3IP(0, 0, 0, 0);
uint32_t c3Uptime = 0;
unsigned long c3LastSeen = 0;

bool monitorOnline = false;
IPAddress monitorIP(0, 0, 0, 0);
uint32_t monitorUptime = 0;
int monitorRSSI = 0;
unsigned long monitorLastSeen = 0;
String monitorBoard = "ESP32";
bool monitorFanSupported = false;
uint8_t monitorFanPercent = 0;
uint8_t monitorFanOutputPercent = 0;

unsigned long lastDiscovery = 0;
unsigned long lastMasterAnnouncement = 0;

// These pages are gzip-compressed in flash. Keep Content-Encoding: gzip on
// every route that serves them; the browser receives the original HTML.
static const uint8_t WIFI_SETUP_PAGE[] PROGMEM = {
  0x1F, 0x8B, 0x08, 0x00, 0x00, 0x00, 0x00, 0x00, 0x02, 0xFF, 0xBD, 0x5D, 0xCD, 0x96, 0xDB, 0x46, 0x76, 0xDE, 0xEB, 0x29,
  0xE0, 0x56, 0x64, 0x12, 0x36, 0xC8, 0x06, 0x40, 0x80, 0x00, 0x49, 0xB1, 0x3D, 0x92, 0xC6, 0x1E, 0x2B, 0xC7, 0x92, 0x1D,
  0xB7, 0x9C, 0xC9, 0x9C, 0x99, 0x59, 0x80, 0x44, 0xA1, 0x1B, 0x23, 0x92, 0xA0, 0x01, 0x50, 0xDD, 0x3D, 0x34, 0xCF, 0xC9,
  0x23, 0x24, 0x9B, 0xE4, 0x0D, 0xB2, 0xCE, 0xAC, 0xB2, 0xCF, 0xA3, 0xCC, 0x93, 0xE4, 0xBB, 0x55, 0x05, 0xA0, 0x00, 0x82,
  0x3F, 0x2D, 0xDB, 0x39, 0x56, 0x77, 0xE3, 0xA7, 0x7E, 0x6E, 0xDD, 0xBA, 0xFF, 0xF7, 0xA2, 0xFC, 0xFC, 0x93, 0x30, 0x99,
  0xE7, 0x0F, 0x6B, 0xA6, 0xDD, 0xE6, 0xCB, 0xC5, 0xD5, 0x93, 0xE7, 0xC5, 0x1F, 0x16, 0x84, 0xF8, 0xB3, 0x64, 0x79, 0xA0,
  0xCD, 0x6F, 0x83, 0x34, 0x63, 0xF9, 0xF4, 0x62, 0x93, 0x47, 0x3D, 0xFF, 0xA2, 0x78, 0xBC, 0x0A, 0x96, 0x6C, 0x7A, 0xF1,
  0x21, 0x66, 0x77, 0xEB, 0x24, 0xCD, 0x2F, 0xB4, 0x79, 0xB2, 0xCA, 0xD9, 0x0A, 0xCD, 0xEE, 0xE2, 0x30, 0xBF, 0x9D, 0x86,
  0xEC, 0x43, 0x3C, 0x67, 0x3D, 0x7E, 0x63, 0xC4, 0xAB, 0x38, 0x8F, 0x83, 0x45, 0x2F, 0x9B, 0x07, 0x0B, 0x36, 0xB5, 0x1A,
  0x63, 0xE4, 0xB7, 0x6C, 0xC9, 0x7A, 0xF3, 0x64, 0x91, 0xA4, 0x17, 0x5A, 0x1C, 0xCA, 0x07, 0xAF, 0xE8, 0xFE, 0x0D, 0x5A,
  0x29, 0x43, 0x3F, 0x35, 0x87, 0xE6, 0xCC, 0xF2, 0xA8, 0x7F, 0x1E, 0xE7, 0x0B, 0x76, 0x75, 0x7D, 0x17, 0x47, 0xF9, 0x5D,
  0xBC, 0xBA, 0xD1, 0xDE, 0xBE, 0xB8, 0xD6, 0xFE, 0xF7, 0x7F, 0xB4, 0xB7, 0x2C, 0xBF, 0x4B, 0xD2, 0xF7, 0xDA, 0x35, 0xCB,
  0x37, 0xEB, 0xE7, 0x97, 0xA2, 0xD5, 0x93, 0xE7, 0xD9, 0x3C, 0x8D, 0xD7, 0xF9, 0x55, 0x9E, 0x3E, 0x6C, 0xE3, 0xA8, 0xBB,
  0x48, 0x00, 0xC7, 0x75, 0x9E, 0xA4, 0xC1, 0x0D, 0xEB, 0xDF, 0xB0, 0xFC, 0x75, 0xCE, 0x96, 0xDD, 0x4E, 0x56, 0x8C, 0xD5,
  0xE3, 0xF3, 0x77, 0xF4, 0xE9, 0x74, 0xDA, 0x59, 0xC4, 0x37, 0xB7, 0x79, 0x47, 0x07, 0x96, 0x36, 0x4B, 0x80, 0xD0, 0x2F,
  0x2E, 0xBE, 0x5C, 0x30, 0x71, 0x1F, 0xE4, 0x01, 0x90, 0xD3, 0xE7, 0x5D, 0x8A, 0xE6, 0xBB, 0x79, 0x90, 0xCF, 0x6F, 0xBB,
  0x4C, 0xDF, 0xEE, 0x9E, 0x5F, 0xCA, 0xA9, 0x01, 0x43, 0xFE, 0x40, 0xB0, 0xFC, 0x46, 0xE2, 0x53, 0xBB, 0xF8, 0xE1, 0xDD,
  0x57, 0xC0, 0xE7, 0xE4, 0xC9, 0x67, 0xDB, 0x59, 0x72, 0xDF, 0xCB, 0xE2, 0xBF, 0x62, 0xEE, 0xF1, 0x2C, 0x49, 0x43, 0x96,
  0xF6, 0xF0, 0x64, 0xF7, 0x64, 0x9C, 0x26, 0x49, 0xBE, 0xE5, 0x88, 0x01, 0xEA, 0x68, 0x86, 0x71, 0x18, 0xA4, 0xEF, 0x27,
  0xBD, 0xDE, 0xEC, 0x66, 0x2C, 0x71, 0x81, 0x9B, 0x75, 0xB0, 0x62, 0x0B, 0xDC, 0x07, 0x96, 0x63, 0xBB, 0xB8, 0xCF, 0xD9,
  0x7D, 0x3E, 0x7E, 0xCA, 0x3C, 0xC6, 0xA2, 0x08, 0xB7, 0xCB, 0x4D, 0xCE, 0xC2, 0xF1, 0x53, 0xDF, 0x1B, 0xB9, 0x33, 0x13,
  0xF7, 0x8B, 0x78, 0xC5, 0xC6, 0x4F, 0xED, 0xE1, 0xC0, 0x73, 0x1D, 0x1A, 0x6A, 0xB1, 0xC1, 0xAD, 0xEB, 0x7A, 0x5E, 0x18,
  0xC9, 0x5B, 0x7B, 0xFC, 0xD4, 0xF3, 0x47, 0x0E, 0xF3, 0x77, 0x4F, 0x88, 0x1E, 0x8C, 0x59, 0x12, 0x3E, 0x6C, 0x97, 0xF1,
  0xAA, 0x77, 0xCB, 0x68, 0x7D, 0x63, 0xCB, 0x34, 0x9F, 0x4D, 0x96, 0x41, 0x7A, 0x13, 0xAF, 0xC6, 0xE6, 0xEE, 0x09, 0x7F,
  0xBD, 0x4E, 0x32, 0xEC, 0x71, 0xB2, 0x1A, 0xA7, 0x6C, 0x11, 0xE4, 0xF1, 0x07, 0x36, 0x89, 0xB3, 0x84, 0xAE, 0xF0, 0x48,
  0x5C, 0xB1, 0xC9, 0x2C, 0x98, 0xBF, 0xBF, 0x49, 0x93, 0xCD, 0x2A, 0x1C, 0x7F, 0x08, 0xD2, 0x2E, 0x2D, 0x43, 0x9F, 0xF0,
  0xE5, 0xC9, 0x7B, 0x82, 0x5C, 0x9F, 0x44, 0xD8, 0xEE, 0x5E, 0x14, 0x2C, 0xE3, 0xC5, 0xC3, 0xF8, 0x35, 0x76, 0x3E, 0x35,
  0x7A, 0xC1, 0x7A, 0xBD, 0x60, 0xBD, 0xEC, 0x21, 0xC3, 0x4E, 0x19, 0x2F, 0xB1, 0x82, 0xF7, 0x6F, 0x82, 0xF9, 0x35, 0xBF,
  0xFD, 0x0A, 0xAD, 0x8D, 0x8B, 0x6B, 0x76, 0x93, 0x30, 0xED, 0x87, 0xD7, 0x17, 0xC6, 0x8B, 0x14, 0x94, 0x66, 0x64, 0xC1,
  0x2A, 0xEB, 0x65, 0x2C, 0x8D, 0x23, 0x01, 0xDF, 0x78, 0xC6, 0xA2, 0x24, 0x65, 0x5B, 0x49, 0x4A, 0xE3, 0x8B, 0x8B, 0x49,
  0x09, 0x71, 0x14, 0xDF, 0xB3, 0x70, 0x12, 0xAF, 0xB0, 0x29, 0x63, 0x73, 0xF2, 0xD7, 0x5E, 0xBC, 0x0A, 0xD9, 0xFD, 0xB8,
  0x67, 0xA1, 0x45, 0x4C, 0xD3, 0xF7, 0xD8, 0x07, 0x74, 0xC9, 0xC6, 0xAB, 0x64, 0xC5, 0x26, 0xC9, 0x3A, 0x98, 0xC7, 0xF9,
  0xC3, 0xB8, 0x6F, 0x2B, 0xCB, 0xE9, 0xC5, 0x4B, 0x90, 0xD2, 0x98, 0x30, 0x1B, 0xA4, 0xBD, 0x9B, 0x34, 0x08, 0x63, 0xF4,
  0xE8, 0xA6, 0x37, 0xB3, 0xA0, 0x0B, 0x64, 0x19, 0xD6, 0x00, 0x3F, 0x23, 0xD7, 0xE8, 0x5B, 0xBA, 0x66, 0xAD, 0xEF, 0x8D,
  0x3C, 0x05, 0x78, 0xEB, 0x20, 0x45, 0x23, 0xBA, 0xD7, 0x8D, 0x66, 0xCF, 0x91, 0x19, 0xB2, 0x1B, 0xE3, 0xEC, 0xFE, 0x2A,
  0x28, 0xA0, 0x23, 0x36, 0x76, 0xFC, 0xF5, 0xBD, 0x46, 0xBF, 0xE4, 0xEA, 0x83, 0x08, 0xEB, 0x78, 0xCC, 0xE2, 0xED, 0xD6,
  0xC5, 0x2B, 0x1B, 0x48, 0x90, 0x82, 0xA3, 0x4B, 0x88, 0xD9, 0x62, 0x11, 0xAF, 0x33, 0xA6, 0x05, 0xB9, 0xE6, 0xF9, 0xCF,
  0x34, 0xF7, 0x99, 0x80, 0xDE, 0x1D, 0x19, 0xBE, 0x63, 0x58, 0x43, 0x0B, 0xB0, 0x7B, 0x7A, 0x0D, 0xF0, 0xC1, 0xF0, 0x99,
  0x6E, 0x1C, 0x19, 0x66, 0xE0, 0x3E, 0xD3, 0x3C, 0x53, 0x8E, 0xE3, 0xB9, 0x86, 0x6B, 0x19, 0x96, 0xED, 0x1B, 0x7D, 0xB3,
  0x39, 0x8E, 0xFD, 0x4C, 0xDF, 0x3D, 0xE9, 0xDF, 0xA5, 0xC1, 0x7A, 0xBB, 0x0C, 0xEE, 0x85, 0xC8, 0x19, 0x5B, 0x96, 0x6D,
  0xAE, 0xEF, 0x4B, 0x2A, 0xD5, 0x82, 0x4D, 0x9E, 0x4C, 0xD6, 0x41, 0x18, 0x12, 0x93, 0x0D, 0xF0, 0x4A, 0xA3, 0xF7, 0x9A,
  0x63, 0x13, 0x8E, 0xFA, 0xB7, 0x2C, 0x4D, 0x5A, 0x48, 0x38, 0xF9, 0xC0, 0xD2, 0x68, 0x91, 0xDC, 0x8D, 0x6F, 0xE3, 0x30,
  0x64, 0x2B, 0x75, 0xFD, 0xCD, 0x1D, 0xB3, 0x4C, 0x97, 0xB6, 0xEC, 0xA9, 0x65, 0x5A, 0xD1, 0x20, 0x34, 0x24, 0x37, 0x6A,
  0xBE, 0xF9, 0x0C, 0xBB, 0xC3, 0x79, 0x7A, 0x8C, 0x9D, 0xD2, 0xC0, 0x09, 0x71, 0xA8, 0x3D, 0x1D, 0xD8, 0x8E, 0x37, 0x9C,
  0x97, 0xF0, 0xD8, 0x36, 0xC1, 0xE3, 0x94, 0xF0, 0x82, 0xFD, 0xF3, 0x3C, 0x59, 0x8E, 0xAD, 0x0A, 0xBA, 0x23, 0x5B, 0x18,
  0xCC, 0x30, 0x2A, 0x98, 0x7C, 0x92, 0x72, 0xEE, 0xF4, 0x9F, 0x4D, 0xF2, 0x64, 0x0D, 0xFA, 0xB5, 0x5C, 0x0C, 0x28, 0xB0,
  0x31, 0x30, 0x09, 0x19, 0x92, 0x7D, 0x6D, 0x8B, 0x6E, 0x3E, 0x6E, 0x7F, 0xC5, 0x6E, 0x0C, 0x7D, 0x63, 0x84, 0x5D, 0xF5,
  0x06, 0xD8, 0x55, 0xA7, 0xBE, 0x1B, 0xD8, 0x31, 0x5D, 0x82, 0xFC, 0x2E, 0x59, 0xB7, 0xE0, 0xB4, 0x20, 0x31, 0x6B, 0x12,
  0xC6, 0xD9, 0x7A, 0x11, 0x3C, 0x8C, 0xA3, 0x05, 0xBB, 0x9F, 0xFC, 0x65, 0x93, 0xE5, 0x71, 0xF4, 0xD0, 0x2B, 0x16, 0x88,
  0xF1, 0xA0, 0x3E, 0x66, 0x10, 0xE7, 0x0C, 0x88, 0xBF, 0x09, 0xD6, 0x63, 0x0E, 0x75, 0x00, 0x09, 0xBB, 0xEA, 0xC5, 0xE0,
  0xFB, 0x6C, 0x3C, 0x67, 0xB4, 0x80, 0x09, 0x75, 0xEF, 0xD1, 0xEE, 0x8F, 0xE9, 0x97, 0x9C, 0xFB, 0x65, 0x10, 0xDE, 0x30,
  0x83, 0x5F, 0xBE, 0xBA, 0x8D, 0xD7, 0xDB, 0x62, 0xAE, 0x78, 0x45, 0x1B, 0xD7, 0xE3, 0x53, 0x16, 0xD8, 0x1F, 0x02, 0xF9,
  0x60, 0x95, 0xB6, 0x6D, 0x0A, 0x9C, 0xC8, 0x1B, 0x4A, 0x11, 0xF5, 0x74, 0xE6, 0xCD, 0xFD, 0xC8, 0xE2, 0xE2, 0x69, 0x3C,
  0x42, 0xA3, 0x4D, 0xDC, 0x5B, 0x26, 0xAB, 0x84, 0x43, 0x6A, 0x5C, 0x7F, 0xF5, 0x06, 0xD7, 0xBD, 0xEF, 0xD9, 0xCD, 0x66,
  0x11, 0xA4, 0xC6, 0xAB, 0x64, 0x45, 0x42, 0x2F, 0x33, 0xCA, 0x16, 0x93, 0x05, 0xCB, 0x09, 0xDF, 0x74, 0x43, 0xB3, 0xF6,
  0x2D, 0xB6, 0x9C, 0x90, 0xC0, 0xEB, 0x71, 0xF4, 0x41, 0x3A, 0x2D, 0xC7, 0x9B, 0xF5, 0x9A, 0xA5, 0x73, 0x28, 0x14, 0xB9,
  0x0A, 0x0E, 0xBA, 0x9C, 0xDD, 0x67, 0xA3, 0x70, 0xE6, 0x4B, 0x20, 0x7B, 0xF2, 0xA1, 0x3D, 0x1F, 0x30, 0x37, 0x84, 0x98,
  0xB6, 0x8E, 0x62, 0x5A, 0x72, 0x81, 0x4D, 0x4B, 0x33, 0xF9, 0x5A, 0xB9, 0x8C, 0xE5, 0xA2, 0x62, 0xBE, 0x08, 0x96, 0xEB,
  0xAE, 0x8D, 0x87, 0x86, 0xF3, 0xE1, 0xCE, 0x18, 0xF8, 0x24, 0x4F, 0xF8, 0xEB, 0x3B, 0x41, 0x2E, 0xEE, 0xD0, 0x9C, 0x70,
  0xA4, 0x15, 0xD2, 0xBF, 0x6F, 0xFA, 0xCD, 0xC5, 0xF4, 0xFA, 0xA6, 0xC3, 0x96, 0xBB, 0x27, 0xEB, 0x73, 0xC0, 0x30, 0x6B,
  0x32, 0x9F, 0xAB, 0x27, 0x5D, 0x01, 0x88, 0x88, 0xBE, 0x31, 0xE1, 0xD0, 0x9D, 0x54, 0x9C, 0xED, 0x11, 0x2D, 0x03, 0x41,
  0x37, 0x69, 0x1C, 0x96, 0xFB, 0x4A, 0x37, 0x13, 0xFA, 0x05, 0x1D, 0xB2, 0x5C, 0x93, 0xB6, 0x21, 0x14, 0x6D, 0x96, 0xAB,
  0x6C, 0xDC, 0x1F, 0xD9, 0x51, 0xAA, 0x11, 0xD4, 0x51, 0x5A, 0x12, 0x12, 0xFA, 0x73, 0xB5, 0x69, 0xF4, 0x41, 0x70, 0x2B,
  0x36, 0xCF, 0xBF, 0xA3, 0xBB, 0xAD, 0xCA, 0x00, 0x44, 0xE8, 0x23, 0xC3, 0xF2, 0x8D, 0x01, 0xC8, 0x7C, 0xD4, 0xC2, 0xC5,
  0x02, 0x7E, 0x82, 0x54, 0x2F, 0x69, 0xC9, 0xF2, 0xAA, 0xB1, 0xBF, 0x86, 0x11, 0xB5, 0x7D, 0x04, 0x91, 0xAB, 0xB4, 0xCD,
  0x89, 0x3A, 0xCB, 0x83, 0x34, 0x57, 0x41, 0x66, 0x0F, 0x6C, 0x96, 0x26, 0x77, 0xDB, 0x8F, 0x25, 0xC1, 0x43, 0xE4, 0xB6,
  0x4F, 0x9B, 0xD8, 0xCD, 0x82, 0xEC, 0x7D, 0x7B, 0xE4, 0xCD, 0x87, 0x0D, 0xC9, 0x04, 0x9E, 0xD9, 0xF5, 0xB9, 0x75, 0x75,
  0xBD, 0xDC, 0x2A, 0x7B, 0xE7, 0x14, 0xB4, 0x25, 0x89, 0x67, 0x38, 0x28, 0x76, 0xFB, 0x69, 0x18, 0x31, 0x3F, 0x0A, 0x68,
  0xE3, 0x6E, 0x93, 0x2C, 0x57, 0xED, 0x89, 0xC1, 0xA0, 0x95, 0xFB, 0x6C, 0xE6, 0x58, 0x43, 0x47, 0x15, 0x4A, 0x24, 0x5D,
  0xC3, 0x81, 0x53, 0x32, 0xA4, 0x3F, 0x1F, 0xC2, 0x68, 0x29, 0x70, 0x0F, 0xD4, 0x6B, 0x5C, 0x48, 0x28, 0xF0, 0xD0, 0xED,
  0x7C, 0x93, 0x66, 0x68, 0x2E, 0x05, 0xDE, 0x4E, 0xCC, 0x3F, 0xBE, 0x25, 0xE1, 0xBE, 0xAD, 0x0D, 0xEE, 0xD9, 0xBE, 0x33,
  0x6A, 0x70, 0x98, 0xEB, 0x7B, 0x83, 0x00, 0x1C, 0xD6, 0xC7, 0x66, 0xE4, 0x9B, 0xEC, 0x55, 0x90, 0x86, 0x0D, 0x53, 0xA8,
  0x84, 0xBD, 0xB7, 0x60, 0x11, 0xA4, 0x6B, 0xB5, 0x00, 0x98, 0x58, 0xD1, 0x2C, 0xAC, 0x2D, 0xC0, 0x9C, 0x5B, 0x23, 0x3B,
  0xAC, 0xC8, 0x45, 0x91, 0xF9, 0x24, 0xB4, 0xE9, 0x7E, 0x27, 0xA7, 0x7A, 0x47, 0xD8, 0x55, 0x71, 0x3B, 0xD8, 0xC7, 0x6D,
  0xD1, 0x96, 0xEC, 0xE4, 0xAD, 0x32, 0xCE, 0x90, 0x96, 0xDD, 0xCE, 0x64, 0x1C, 0x27, 0x8F, 0x24, 0x9C, 0x5D, 0x7F, 0x0E,
  0x49, 0xF4, 0x3D, 0x28, 0xAF, 0x46, 0xCE, 0x75, 0xC9, 0xCB, 0x09, 0x75, 0xD8, 0x58, 0x0F, 0x29, 0x30, 0xDE, 0xF9, 0xA8,
  0x04, 0x86, 0xA2, 0xD2, 0xBC, 0x76, 0x1A, 0x98, 0x3B, 0xE6, 0x3E, 0x0D, 0xB0, 0x81, 0x5F, 0xD0, 0x40, 0xC0, 0x66, 0x8C,
  0x39, 0x1F, 0x2B, 0x94, 0xB1, 0xAF, 0xD8, 0xCC, 0xF8, 0x6D, 0x92, 0xB3, 0x6D, 0x03, 0xEC, 0x62, 0x02, 0xCF, 0xF7, 0xFD,
  0x60, 0xD0, 0xA4, 0xA9, 0xA6, 0x7C, 0xC2, 0x40, 0x2B, 0x96, 0x67, 0xDB, 0xC6, 0x5E, 0x4E, 0xEA, 0xF2, 0x49, 0x20, 0x68,
  0x47, 0x4D, 0xB7, 0xD2, 0x4C, 0x21, 0x53, 0xBA, 0x65, 0xD9, 0xDE, 0x60, 0xE4, 0x0E, 0xEB, 0x94, 0x33, 0xB3, 0x86, 0xF6,
  0xA8, 0xC5, 0x5C, 0x2E, 0x69, 0x89, 0xFA, 0x73, 0xC8, 0xCF, 0x10, 0x8A, 0x16, 0x44, 0x22, 0x37, 0x89, 0x5A, 0x14, 0x2A,
  0x17, 0x38, 0xF6, 0x1E, 0xE3, 0x08, 0xE9, 0xC1, 0xDB, 0x8F, 0x89, 0xD2, 0x27, 0x5C, 0x90, 0x08, 0x61, 0x5F, 0x01, 0xAA,
  0xF5, 0xAD, 0x61, 0xA6, 0x31, 0x08, 0x15, 0x43, 0x65, 0xA4, 0xEA, 0x31, 0x5F, 0x7D, 0xC1, 0x7D, 0x75, 0x56, 0xB3, 0x87,
  0xB3, 0xD1, 0xAC, 0x85, 0xDF, 0x79, 0x97, 0x7E, 0xC6, 0x16, 0x90, 0xD3, 0x2C, 0x6C, 0xF4, 0xF2, 0x2C, 0x7F, 0x36, 0x1F,
  0xD5, 0x7B, 0x39, 0xF6, 0xC0, 0x01, 0xD1, 0x90, 0x57, 0x75, 0x1B, 0x84, 0xB0, 0xDF, 0xB8, 0x7D, 0xAB, 0xD9, 0x5C, 0xFD,
  0x3D, 0xF5, 0x47, 0x81, 0xCD, 0x3C, 0x3E, 0xE8, 0x5B, 0x38, 0xA0, 0xDB, 0x86, 0xEA, 0xA9, 0xB1, 0x98, 0x6B, 0xF2, 0x76,
  0x4D, 0xFE, 0x72, 0x8E, 0xF0, 0xD7, 0x47, 0x50, 0x21, 0x4D, 0xF1, 0x3D, 0x4D, 0x58, 0xE7, 0xAF, 0x82, 0xA1, 0x1A, 0x7C,
  0xD6, 0xD4, 0x22, 0xFC, 0x35, 0x5B, 0x85, 0x7C, 0x98, 0xEF, 0xE2, 0xC5, 0xE2, 0x63, 0x79, 0x2D, 0x18, 0x84, 0x6E, 0x58,
  0x32, 0x96, 0x33, 0x73, 0xC2, 0x9F, 0xC3, 0x58, 0x35, 0xC5, 0xAA, 0xF2, 0x85, 0xA9, 0x90, 0x28, 0x99, 0x9D, 0xBB, 0x5A,
  0xD3, 0x7E, 0x76, 0xAB, 0xC8, 0x99, 0x19, 0x7C, 0xF5, 0xF7, 0xBB, 0x7E, 0x14, 0xB3, 0x45, 0xF8, 0x4D, 0x30, 0x63, 0x8B,
  0xFA, 0x9B, 0x52, 0x47, 0x79, 0xA3, 0x21, 0x9C, 0xDB, 0x5F, 0x5F, 0x2F, 0x42, 0x2D, 0x4A, 0x2B, 0xC6, 0x12, 0xD4, 0xC4,
  0xF5, 0x7D, 0xBC, 0x5A, 0x6F, 0x6A, 0x1C, 0xAD, 0x68, 0x08, 0x87, 0x1B, 0xDB, 0x05, 0x8F, 0x9A, 0x05, 0x8F, 0xB6, 0xA0,
  0x7F, 0x06, 0xF4, 0xCF, 0xEB, 0x3C, 0xEF, 0x99, 0xCC, 0x9A, 0x1D, 0x72, 0x91, 0x2B, 0x92, 0x4D, 0x36, 0x39, 0xF7, 0xEA,
  0x39, 0x36, 0x39, 0x30, 0xE3, 0x31, 0x90, 0x34, 0x67, 0xB7, 0xC9, 0x22, 0xE4, 0x5E, 0x03, 0xC7, 0xD2, 0x70, 0xE8, 0xB9,
  0x7E, 0x24, 0x1B, 0x44, 0x88, 0x64, 0x64, 0x0D, 0x5E, 0x1A, 0xCE, 0x7C, 0x77, 0x3E, 0x50, 0x19, 0xC7, 0xD4, 0xE8, 0x3F,
  0x5A, 0x2A, 0xB7, 0x87, 0xFC, 0xA1, 0x61, 0x59, 0xF8, 0xF1, 0x3D, 0x58, 0xFE, 0x43, 0x32, 0xF4, 0xD7, 0x29, 0x7C, 0x5F,
  0x84, 0x55, 0x8E, 0x2C, 0x5E, 0xDD, 0x7B, 0xB7, 0x75, 0xE9, 0xA4, 0x64, 0x67, 0x6E, 0x6D, 0xE9, 0xB6, 0x35, 0x18, 0xC2,
  0xEC, 0x93, 0x80, 0xB1, 0x30, 0xB2, 0xA3, 0xA8, 0x81, 0x46, 0xA7, 0xAE, 0xEA, 0xAD, 0x7D, 0xDE, 0xDD, 0x93, 0x60, 0x95,
  0xC4, 0x2A, 0x77, 0x5B, 0xEB, 0xDB, 0x99, 0x36, 0xDF, 0xCC, 0xE2, 0x39, 0x0C, 0xB1, 0xBF, 0xC6, 0x2C, 0xED, 0xF6, 0x6D,
  0xA3, 0x0F, 0x3F, 0xD3, 0x36, 0x2C, 0xDD, 0x68, 0x13, 0x6C, 0xBB, 0x62, 0xD1, 0x2D, 0x36, 0x84, 0x1D, 0x38, 0xB6, 0xE7,
  0x57, 0x2D, 0x82, 0x39, 0xD9, 0xC0, 0xDB, 0x8A, 0xB6, 0x78, 0x08, 0xAC, 0xDB, 0x1F, 0xF9, 0x2E, 0x61, 0x6F, 0x99, 0xDD,
  0xD4, 0x58, 0xC3, 0xAA, 0xF4, 0x4E, 0x30, 0x98, 0x99, 0x73, 0xEF, 0xA3, 0x55, 0x76, 0x43, 0x43, 0xB9, 0xEE, 0xAE, 0x0F,
  0x1D, 0x90, 0x23, 0x50, 0x53, 0xF8, 0x9C, 0x66, 0x61, 0x2E, 0x29, 0x72, 0x5D, 0x6A, 0x80, 0x82, 0xAB, 0x06, 0x23, 0x2B,
  0x18, 0xA9, 0xFB, 0x15, 0x06, 0xD9, 0x2D, 0x23, 0xC7, 0xC8, 0x85, 0xFF, 0xDA, 0xD0, 0x4F, 0xE4, 0xF0, 0x3A, 0x1F, 0x6F,
  0x62, 0x3C, 0x99, 0x6D, 0x60, 0x59, 0xAE, 0x04, 0x5D, 0xF6, 0x3E, 0xC4, 0x59, 0x3C, 0x5B, 0x30, 0x43, 0xA1, 0xD5, 0xE2,
  0xD9, 0xB6, 0xA0, 0x76, 0xC5, 0xD2, 0x02, 0x9C, 0x7E, 0x64, 0x16, 0x7C, 0xD0, 0x4B, 0xA2, 0x88, 0xE2, 0x19, 0xDC, 0x7B,
  0xFE, 0xCD, 0x92, 0xC1, 0x93, 0xED, 0x56, 0xFE, 0x83, 0x4F, 0x2B, 0xD7, 0xB7, 0xC2, 0x7F, 0x38, 0xA8, 0x1D, 0x77, 0x22,
  0xA0, 0x50, 0x52, 0x9C, 0x2F, 0x29, 0x4E, 0xA3, 0xD8, 0xC1, 0x4E, 0x06, 0x0C, 0x94, 0x97, 0xBB, 0x56, 0x7F, 0x42, 0xB5,
  0xF3, 0x76, 0x2D, 0xB0, 0x38, 0xBE, 0x80, 0xA5, 0x70, 0x97, 0x0F, 0xB8, 0x00, 0xFC, 0x32, 0x8C, 0x53, 0x8C, 0x4B, 0xB4,
  0x2B, 0xC0, 0x14, 0x66, 0xC4, 0x91, 0x05, 0x94, 0x4A, 0xA5, 0x55, 0x61, 0xF0, 0x91, 0x2B, 0x98, 0xD6, 0x29, 0x8B, 0x58,
  0x9A, 0xF5, 0x52, 0x16, 0x6E, 0xE6, 0x2C, 0xC4, 0xD6, 0x49, 0x2F, 0x8E, 0x6E, 0xF5, 0xED, 0x67, 0xC6, 0x67, 0x32, 0x84,
  0x86, 0x0B, 0x11, 0x8A, 0xA8, 0x98, 0xA9, 0x17, 0x6E, 0x52, 0x11, 0xE9, 0xEB, 0x9B, 0xD6, 0x32, 0xFB, 0x24, 0x5E, 0x52,
  0x48, 0x38, 0x58, 0xD1, 0xF0, 0x72, 0x69, 0xC9, 0x22, 0x3B, 0x3F, 0x16, 0xD0, 0x62, 0x93, 0x1C, 0xD2, 0x79, 0x5C, 0x47,
  0xFA, 0x7B, 0x3A, 0x52, 0xC6, 0x4E, 0xFF, 0x48, 0xE1, 0x59, 0x11, 0xCE, 0x9D, 0x5E, 0xF0, 0xD8, 0xEC, 0xC5, 0x9F, 0x35,
  0xB1, 0x77, 0x75, 0xC1, 0x37, 0x77, 0x43, 0x8B, 0x99, 0xE7, 0xC4, 0x77, 0x10, 0x56, 0x0D, 0x23, 0xCF, 0x78, 0x1A, 0x79,
  0xD1, 0x28, 0x9A, 0xF3, 0xF8, 0xCE, 0xC9, 0xC9, 0x44, 0x30, 0xE2, 0x44, 0x23, 0xEE, 0xEB, 0xB7, 0x42, 0x25, 0xEF, 0x9C,
  0xE1, 0xD0, 0xF2, 0xD9, 0xC9, 0xC9, 0xD4, 0x98, 0xC1, 0xD0, 0x85, 0xC0, 0x9F, 0x1D, 0xED, 0x22, 0xA8, 0xF6, 0x48, 0x83,
  0xBA, 0x7F, 0x5C, 0x87, 0x6F, 0x1E, 0x0E, 0x99, 0x3D, 0x69, 0x3A, 0xCD, 0xB6, 0x6B, 0x1A, 0xB6, 0x6B, 0xE3, 0xC7, 0x81,
  0xE3, 0xEC, 0x1C, 0xC7, 0x4F, 0xE1, 0x43, 0x16, 0x01, 0x0D, 0xE6, 0x98, 0x6E, 0x70, 0xB4, 0x87, 0x70, 0x1F, 0x1B, 0x90,
  0x78, 0xA1, 0x5D, 0xDF, 0xBF, 0xA7, 0xD1, 0x20, 0x1A, 0x46, 0x41, 0x89, 0xBC, 0x81, 0x3B, 0xF2, 0xBC, 0xD3, 0xE3, 0xB6,
  0x1A, 0xA6, 0x23, 0x16, 0x44, 0xF3, 0xA0, 0x36, 0x3A, 0x9E, 0x98, 0xD1, 0xF1, 0xF1, 0x14, 0x87, 0xB1, 0x61, 0xB1, 0x9A,
  0xFE, 0x68, 0xE6, 0xD5, 0x81, 0x35, 0x23, 0x27, 0x1A, 0x9D, 0x31, 0x1C, 0x19, 0xA2, 0xC7, 0x76, 0xAB, 0xF4, 0x66, 0x0A,
  0x0A, 0x80, 0x65, 0x34, 0xB2, 0x8E, 0x0E, 0x3C, 0x6F, 0x21, 0xBC, 0x19, 0x36, 0x76, 0xD0, 0xB2, 0xE0, 0x8A, 0x16, 0xDD,
  0xD0, 0xB7, 0x8F, 0x0E, 0x4B, 0xC2, 0xA9, 0x65, 0xD4, 0xBA, 0x2F, 0x17, 0x41, 0xA9, 0xEF, 0x59, 0x37, 0xA7, 0x86, 0x3D,
  0x77, 0x8F, 0x60, 0x32, 0x0C, 0xA3, 0xD9, 0xA9, 0xD1, 0x0E, 0xFA, 0x15, 0xA3, 0x91, 0x3D, 0x8B, 0xEA, 0x38, 0xF0, 0x91,
  0x52, 0xF1, 0x0F, 0xFA, 0x15, 0x2E, 0xBC, 0xB6, 0xD9, 0x49, 0xA4, 0x70, 0x03, 0xBD, 0x15, 0xDD, 0x05, 0x6E, 0xD9, 0x70,
  0xE0, 0x1F, 0x25, 0x2D, 0x61, 0x6E, 0x36, 0xC6, 0xF0, 0x43, 0x87, 0x59, 0x3F, 0x0F, 0xB9, 0x87, 0x2D, 0x47, 0x50, 0x11,
  0x62, 0xA1, 0xA7, 0xFB, 0xB6, 0x19, 0x95, 0x20, 0x77, 0x9F, 0xC8, 0xFD, 0xA0, 0x51, 0xE9, 0x21, 0xB0, 0x6F, 0xBA, 0x08,
  0x27, 0x9B, 0x30, 0x2A, 0x07, 0xC7, 0xB7, 0xBF, 0x30, 0x37, 0xEB, 0x53, 0x38, 0xEE, 0xD0, 0x0D, 0xEA, 0xF6, 0xE3, 0x60,
  0xE8, 0x8E, 0x46, 0xA5, 0xFD, 0xC8, 0xA5, 0x35, 0x3B, 0x67, 0xE4, 0x36, 0x9B, 0x6E, 0xE4, 0x84, 0xFE, 0x71, 0x99, 0x44,
  0x76, 0x5C, 0xE1, 0xC5, 0xC2, 0x13, 0x39, 0xC1, 0x1A, 0xC2, 0x10, 0x3B, 0xA5, 0x81, 0x9E, 0x46, 0x6E, 0xE4, 0x47, 0x85,
  0xF5, 0x5F, 0x72, 0xF2, 0x09, 0x1B, 0x82, 0x14, 0xED, 0x51, 0x7D, 0x7F, 0xF9, 0x99, 0x76, 0x8D, 0x0C, 0x24, 0xAC, 0x38,
  0x0E, 0x96, 0x96, 0x27, 0xEF, 0xD9, 0x2A, 0xD3, 0x82, 0x15, 0x7F, 0x20, 0x1F, 0x52, 0xCF, 0x34, 0x59, 0x68, 0x9B, 0x0C,
  0xED, 0x66, 0x0F, 0x1A, 0x92, 0x04, 0xE9, 0x83, 0xF6, 0x26, 0x40, 0xC2, 0x2D, 0xD5, 0xD6, 0x94, 0x36, 0xD5, 0x3E, 0xBB,
  0x3C, 0xBC, 0xC4, 0xED, 0x13, 0x4D, 0xAB, 0xA5, 0x2D, 0xF9, 0xF3, 0x09, 0x9E, 0x8A, 0xD4, 0x25, 0x37, 0xE7, 0xFD, 0x2A,
  0x75, 0x19, 0xCD, 0xA2, 0x79, 0xC4, 0x8A, 0x7B, 0xBB, 0x60, 0xDD, 0xE2, 0xC1, 0x60, 0x2C, 0xD4, 0xAE, 0x2B, 0x46, 0x10,
  0xF9, 0x4D, 0x6B, 0x6E, 0x8F, 0x06, 0x61, 0x95, 0xDF, 0x04, 0xDE, 0x47, 0x3E, 0xE5, 0x37, 0xA3, 0x00, 0xC6, 0x3E, 0x8F,
  0xDB, 0x0C, 0x47, 0x41, 0x99, 0xEF, 0x04, 0x8F, 0xB9, 0xD0, 0x55, 0x02, 0x04, 0x9E, 0xF2, 0x1C, 0xB8, 0x6E, 0x08, 0xEB,
  0xB6, 0x4C, 0x79, 0xC2, 0xA4, 0xF5, 0x66, 0x45, 0x0A, 0x14, 0xD6, 0xD6, 0x12, 0xB3, 0xDA, 0x90, 0x2A, 0x04, 0xC6, 0x4D,
  0x8A, 0x00, 0x2D, 0xBA, 0x98, 0x9E, 0xEF, 0xFA, 0x62, 0x90, 0x94, 0x26, 0x0D, 0x66, 0x8E, 0xE7, 0xDA, 0x68, 0x50, 0x52,
  0xB6, 0x55, 0x64, 0xDE, 0x04, 0x6D, 0x0F, 0x6C, 0xC3, 0x19, 0x19, 0x1E, 0xB9, 0x4B, 0xB6, 0x2E, 0xC1, 0xE7, 0xE9, 0xEE,
  0x3C, 0xB9, 0xB9, 0x41, 0x4A, 0x93, 0xB0, 0x81, 0x5D, 0x0E, 0x22, 0x5A, 0x49, 0xFD, 0x8D, 0xB0, 0xBA, 0x9F, 0xCE, 0x9D,
  0xD0, 0x04, 0x61, 0xEC, 0x77, 0x15, 0x68, 0x18, 0x0C, 0x9C, 0xC0, 0x33, 0x9B, 0x9D, 0x83, 0x39, 0xD9, 0x4D, 0xA4, 0xF6,
  0x86, 0x7E, 0x10, 0x8A, 0xCE, 0x37, 0xB0, 0xB7, 0xB3, 0x5E, 0x04, 0xF1, 0x23, 0xD5, 0xB4, 0x3D, 0x34, 0xEC, 0x81, 0x07,
  0x35, 0x8D, 0xF8, 0xB6, 0xE3, 0xEB, 0x93, 0xA2, 0x09, 0x47, 0x98, 0xD4, 0xE4, 0xAE, 0x51, 0xFC, 0x20, 0x8C, 0xAE, 0xAB,
  0x03, 0xDD, 0x2C, 0x08, 0xCD, 0xFB, 0xCD, 0xDC, 0x6A, 0xA0, 0x0A, 0x29, 0x43, 0x99, 0x6A, 0x13, 0x48, 0x71, 0x06, 0xC6,
  0x10, 0x4E, 0xA4, 0xE9, 0x73, 0x27, 0xD2, 0x10, 0x42, 0xD4, 0xA4, 0x4C, 0xA6, 0xB6, 0x3F, 0x9E, 0x6F, 0x57, 0x2D, 0x7A,
  0x65, 0x13, 0x2E, 0x30, 0x06, 0x10, 0x1C, 0x9E, 0xF0, 0x44, 0x55, 0xC8, 0x04, 0x62, 0xEC, 0x01, 0x42, 0x68, 0xA3, 0x12,
  0x16, 0xC9, 0xDE, 0xDC, 0xCD, 0x12, 0x52, 0xC7, 0x83, 0x2B, 0x0B, 0x1F, 0xCF, 0x27, 0x23, 0x45, 0x01, 0xBA, 0x68, 0x28,
  0x03, 0xDD, 0x02, 0x60, 0x64, 0x31, 0x91, 0x81, 0x75, 0x0A, 0x2C, 0x1C, 0xE3, 0x6E, 0x9E, 0x0D, 0x3F, 0x2F, 0xD3, 0x7D,
  0x6A, 0x98, 0x22, 0x69, 0x5D, 0xE6, 0x9C, 0xCD, 0xD1, 0x99, 0x49, 0x67, 0xA0, 0x77, 0x34, 0x00, 0x82, 0x46, 0x9C, 0xEE,
  0x1E, 0x9D, 0x73, 0x3E, 0xA3, 0xFB, 0x49, 0xD8, 0x85, 0x93, 0x70, 0x7E, 0xC6, 0x78, 0xF8, 0xCC, 0x50, 0x76, 0x76, 0x64,
  0xD8, 0x26, 0xE5, 0xBB, 0xAD, 0x46, 0xAE, 0xD7, 0x3D, 0x9E, 0x33, 0x76, 0x6C, 0xA4, 0x9E, 0x8B, 0x9C, 0x31, 0x65, 0x8B,
  0x2D, 0x0B, 0xDB, 0xEC, 0x83, 0xC0, 0x4D, 0xC7, 0x6D, 0x0C, 0xE5, 0x97, 0x96, 0xFB, 0x76, 0x9F, 0x29, 0xC5, 0x00, 0x03,
  0x30, 0x88, 0xE1, 0x58, 0x9C, 0x08, 0x0F, 0xF1, 0x27, 0x22, 0x8D, 0xE4, 0x0A, 0xB7, 0x32, 0x27, 0x94, 0xB2, 0xCB, 0xA2,
  0x43, 0xCC, 0x39, 0x9A, 0xCD, 0x6C, 0xFE, 0xB6, 0xC9, 0x99, 0x72, 0x5E, 0x84, 0x21, 0x5C, 0xB7, 0x95, 0x2D, 0xA9, 0x81,
  0xED, 0x09, 0xFE, 0x18, 0x28, 0x9C, 0xAB, 0xF0, 0xA4, 0x85, 0x50, 0x8D, 0x6D, 0x59, 0xA2, 0x8D, 0xED, 0xB7, 0x31, 0x25,
  0x97, 0x54, 0xC3, 0x82, 0xA3, 0x4C, 0x83, 0xFE, 0xEB, 0x0F, 0x4E, 0xF1, 0xE3, 0xE0, 0x00, 0x3F, 0x22, 0x1F, 0x0C, 0x61,
  0x62, 0x8D, 0x88, 0x1F, 0x95, 0xE9, 0x64, 0x31, 0xCA, 0x10, 0xE2, 0x7B, 0x76, 0x98, 0x19, 0x51, 0x1F, 0xE0, 0x63, 0xB3,
  0x90, 0xE2, 0xE7, 0x0C, 0x76, 0x94, 0x17, 0x6D, 0x63, 0x08, 0x0A, 0xB1, 0x46, 0xD2, 0xB7, 0x10, 0xA5, 0x37, 0x28, 0x04,
  0x42, 0xC9, 0x8D, 0x8C, 0x42, 0x51, 0x60, 0xBB, 0x72, 0x42, 0x79, 0x3C, 0x4A, 0xBC, 0x20, 0xA5, 0x29, 0x95, 0xA2, 0x1A,
  0xA5, 0x1A, 0xC0, 0x3B, 0x57, 0xDB, 0xCB, 0x34, 0xA5, 0xF2, 0x68, 0x2F, 0xC5, 0x74, 0x20, 0x19, 0xD8, 0x42, 0x21, 0xFA,
  0x7E, 0xD9, 0x4B, 0x83, 0xD8, 0x1A, 0x92, 0xA1, 0x49, 0x46, 0xFA, 0xA4, 0x2D, 0x9C, 0x7B, 0x86, 0x8F, 0xAC, 0x84, 0xF3,
  0x3D, 0x19, 0x1B, 0xFB, 0x25, 0xF2, 0xD6, 0x94, 0xE9, 0x3D, 0x1C, 0x31, 0xBD, 0xBB, 0x05, 0x4C, 0xBC, 0x31, 0x85, 0x23,
  0x79, 0xBC, 0xFA, 0xAC, 0x20, 0x9C, 0xE5, 0x3F, 0x32, 0x0A, 0x77, 0x20, 0xBD, 0x60, 0x34, 0xD3, 0x0D, 0x35, 0x02, 0x91,
  0xD6, 0x5D, 0x05, 0x38, 0xBF, 0xA2, 0xD0, 0xC9, 0x1F, 0xBA, 0xBD, 0x46, 0x25, 0x4D, 0x21, 0xB9, 0xA5, 0x35, 0x60, 0x50,
  0x7E, 0xD0, 0x73, 0x66, 0x7A, 0x3D, 0x41, 0x58, 0x35, 0x32, 0x64, 0x11, 0xD5, 0xBE, 0xA0, 0x37, 0x64, 0x31, 0x56, 0x83,
  0x5A, 0x0F, 0x07, 0x07, 0xBD, 0x66, 0xCB, 0x53, 0x01, 0xB0, 0x16, 0xD2, 0x11, 0x52, 0x46, 0x6F, 0x8D, 0x89, 0x89, 0xB1,
  0x7F, 0xB7, 0x78, 0x58, 0xDF, 0x6E, 0x0F, 0xD2, 0x5E, 0x31, 0x40, 0x23, 0x03, 0x59, 0x8B, 0x2B, 0xD6, 0xC1, 0xFC, 0x6A,
  0x91, 0x20, 0xAE, 0xB3, 0xBA, 0xD9, 0x36, 0xAA, 0x8B, 0x78, 0x68, 0x93, 0x82, 0x34, 0xA2, 0x40, 0x85, 0x5F, 0x96, 0xA1,
  0x1F, 0xF3, 0xDC, 0x10, 0x54, 0x8D, 0xD1, 0xCF, 0x0B, 0x3E, 0x91, 0xB1, 0xFB, 0x3D, 0xCB, 0xD0, 0x18, 0x40, 0x87, 0xDA,
  0x37, 0xF1, 0x8F, 0x1B, 0x20, 0xEB, 0x77, 0x24, 0x5B, 0xB4, 0x64, 0x85, 0xF2, 0xC3, 0x0F, 0xF1, 0x0D, 0xEF, 0xCB, 0xCD,
  0x5F, 0x4E, 0x9E, 0x62, 0x4F, 0x0A, 0x03, 0x98, 0x9A, 0x2D, 0x1E, 0xB8, 0xB1, 0xDB, 0xE7, 0x22, 0xE9, 0x7A, 0x93, 0x46,
  0x20, 0xED, 0x6D, 0x21, 0xA1, 0xEE, 0xC7, 0x50, 0x37, 0xA5, 0xBC, 0x7A, 0x18, 0x53, 0x36, 0xAF, 0xD2, 0xD0, 0x2A, 0x6E,
  0x2B, 0x21, 0xAF, 0x2B, 0x82, 0x65, 0x4F, 0x9D, 0x37, 0x95, 0xDB, 0x80, 0xC7, 0x69, 0xE7, 0x71, 0x3A, 0x5F, 0x70, 0x0D,
  0xA7, 0x0E, 0x76, 0xAF, 0xD7, 0x6E, 0x1F, 0x74, 0x43, 0xBD, 0xE5, 0xCA, 0xA0, 0x51, 0x9C, 0xE3, 0x3C, 0xDB, 0xD7, 0xFB,
  0x28, 0x2E, 0x2B, 0x15, 0x7F, 0x4D, 0xD2, 0xC3, 0x17, 0xDB, 0x7F, 0x6A, 0xEA, 0xA4, 0x64, 0xA5, 0x82, 0x25, 0xE5, 0xEA,
  0x90, 0xAA, 0x86, 0x30, 0x36, 0x47, 0x7A, 0x6D, 0x61, 0xFB, 0x4C, 0x52, 0xA9, 0xB1, 0x7A, 0xC3, 0xD2, 0x2F, 0x54, 0x9B,
  0x89, 0x47, 0x4D, 0x54, 0x85, 0x69, 0xB2, 0x26, 0x1C, 0x62, 0xA3, 0x90, 0x00, 0xDA, 0xA4, 0x5D, 0xAA, 0x9C, 0xD2, 0xB5,
  0x0C, 0xA1, 0x11, 0x10, 0x01, 0xEB, 0x82, 0x45, 0x9F, 0xE9, 0x62, 0xF3, 0xE0, 0xAB, 0x74, 0x51, 0xF4, 0x31, 0x20, 0x0D,
  0x7A, 0xC7, 0x66, 0xEF, 0xE3, 0xBC, 0xF7, 0xF1, 0x23, 0xB4, 0xA6, 0x3A, 0x0B, 0xD1, 0x63, 0x3B, 0xAD, 0x12, 0x49, 0x79,
  0x5C, 0xAC, 0x50, 0x79, 0xA8, 0x88, 0xBE, 0xC1, 0x61, 0xC9, 0xB7, 0xAB, 0x93, 0xDD, 0x2F, 0x2E, 0x07, 0x6A, 0x83, 0xC7,
  0x59, 0x57, 0xC4, 0xE0, 0x8D, 0x40, 0x6F, 0x8B, 0xB1, 0x1C, 0x1E, 0xBC, 0x7D, 0x3B, 0x4D, 0x8D, 0xB4, 0x8D, 0x5D, 0x5A,
  0x18, 0xB6, 0x45, 0x36, 0x0D, 0xD9, 0xDB, 0xF6, 0x29, 0x23, 0x03, 0x16, 0xBD, 0xC2, 0xC8, 0x75, 0x38, 0xC5, 0xCD, 0x77,
  0x45, 0x20, 0xA0, 0xC9, 0x6D, 0x0A, 0xBD, 0x3F, 0x86, 0xCF, 0x6C, 0xFF, 0x31, 0x7C, 0x26, 0x20, 0x1E, 0xF8, 0x86, 0xED,
  0x38, 0xD2, 0x2C, 0x6A, 0x70, 0x9A, 0xDD, 0xC6, 0x69, 0x2E, 0x8F, 0x21, 0xAB, 0x63, 0x29, 0x96, 0x90, 0xDE, 0xFA, 0x42,
  0x98, 0x3E, 0x1F, 0xC7, 0x5A, 0x45, 0xF0, 0x03, 0x45, 0x6C, 0x51, 0x74, 0x68, 0x8F, 0x78, 0x1E, 0x93, 0x17, 0x44, 0x8A,
  0x45, 0x8D, 0x0C, 0x84, 0x6D, 0xB9, 0x6F, 0x06, 0xAB, 0xF1, 0x94, 0x2D, 0xE8, 0xB4, 0xDA, 0x82, 0x40, 0xC9, 0xC8, 0x18,
  0xF2, 0x7D, 0x3E, 0x6F, 0x17, 0x4B, 0x6A, 0x53, 0xE1, 0xA2, 0x44, 0x35, 0x59, 0x66, 0x7B, 0x70, 0xA9, 0xB3, 0xB6, 0xC3,
  0xE5, 0x34, 0x26, 0x46, 0x65, 0x77, 0xFC, 0x26, 0x09, 0x83, 0x45, 0x5D, 0x88, 0x4B, 0x44, 0xD2, 0xF6, 0x6C, 0x90, 0x33,
  0x19, 0xD6, 0xAC, 0xC0, 0x93, 0x14, 0xE3, 0xFC, 0xA2, 0x92, 0x19, 0xC5, 0xB0, 0x7B, 0x20, 0x7F, 0x8D, 0x88, 0x4E, 0x03,
  0xE2, 0x53, 0xDE, 0x9F, 0x65, 0x55, 0xC2, 0x1C, 0x6E, 0x0F, 0xF7, 0x70, 0x79, 0x5C, 0x6D, 0x9F, 0x3C, 0x4F, 0x89, 0x56,
  0x52, 0xD3, 0xAA, 0x60, 0x74, 0xE0, 0x7B, 0x1D, 0x17, 0xA5, 0x6D, 0x3D, 0xE4, 0x52, 0x50, 0x97, 0x5F, 0xDF, 0xFE, 0x22,
  0xEA, 0x6A, 0xF0, 0x18, 0x6C, 0xEB, 0xAB, 0x9F, 0x27, 0x7D, 0x0A, 0x0A, 0x31, 0x25, 0x95, 0x1C, 0xEE, 0x6F, 0x1C, 0xD5,
  0x3B, 0x54, 0xFA, 0x15, 0x87, 0x6C, 0x16, 0xA4, 0x27, 0xB6, 0x62, 0x4F, 0x73, 0x3B, 0xBF, 0xB0, 0xE6, 0x56, 0x61, 0x3A,
  0xD3, 0x64, 0xAA, 0x41, 0x7C, 0x86, 0xCD, 0xB4, 0x47, 0x09, 0xBC, 0x2C, 0xF8, 0xD0, 0xA6, 0xF3, 0x72, 0x83, 0x96, 0x88,
  0xE4, 0xB0, 0xC8, 0xB0, 0x36, 0xF1, 0xB5, 0x4F, 0x31, 0xC3, 0x3A, 0xC5, 0xB8, 0xE6, 0x49, 0x1A, 0x6B, 0xE9, 0x21, 0x2D,
  0xBD, 0xC2, 0xFC, 0x34, 0x34, 0x7C, 0x73, 0x91, 0x2C, 0x16, 0xC0, 0x4A, 0xB6, 0x86, 0x3F, 0x43, 0xF6, 0x5C, 0xCD, 0xF4,
  0x53, 0xEC, 0x3E, 0xFC, 0xA3, 0xA8, 0xA7, 0x48, 0xAE, 0x54, 0x91, 0xCD, 0xFE, 0x82, 0xB7, 0x7F, 0x1B, 0x7C, 0xA8, 0x2F,
  0xA2, 0x34, 0x6C, 0xE1, 0x69, 0xCD, 0xDF, 0x3F, 0x4C, 0xCA, 0x7A, 0x96, 0xC2, 0x9C, 0xB5, 0x4D, 0x59, 0x71, 0x0D, 0xF7,
  0x12, 0x96, 0x15, 0x21, 0xC2, 0x80, 0x51, 0x3F, 0xA7, 0x32, 0xFE, 0x67, 0x5A, 0x0F, 0x45, 0xEF, 0x00, 0x5F, 0x2F, 0x2A,
  0xB1, 0x3D, 0x5E, 0x2E, 0x57, 0x39, 0xA2, 0x5E, 0x55, 0x3E, 0x27, 0x72, 0xE8, 0xE4, 0xC9, 0x6A, 0x66, 0xBD, 0xEE, 0x41,
  0x14, 0xEC, 0x5A, 0x45, 0xC1, 0xAE, 0xC3, 0x0B, 0x76, 0xF7, 0x2A, 0xD5, 0xDB, 0xFD, 0xD3, 0x43, 0x26, 0x98, 0x2A, 0x07,
  0x79, 0x1D, 0xFA, 0x2F, 0xA5, 0x56, 0x07, 0xC3, 0x5F, 0xDD, 0x7C, 0xB5, 0xEC, 0x76, 0xF3, 0xD5, 0xB6, 0x5B, 0xCC, 0x57,
  0x6E, 0xCE, 0xA9, 0x16, 0xAC, 0xCD, 0xC3, 0x7A, 0xB6, 0x39, 0xE0, 0xA1, 0xAE, 0x96, 0xE1, 0x9D, 0x3D, 0x9D, 0xCD, 0x6D,
  0x78, 0xD9, 0x9F, 0x3E, 0xCC, 0x70, 0x11, 0x89, 0x31, 0x6D, 0xD1, 0xFF, 0x90, 0x96, 0xE5, 0xBA, 0xC2, 0x2D, 0xB5, 0x19,
  0xA6, 0x45, 0x70, 0x8A, 0xBE, 0x8A, 0x38, 0x69, 0x0A, 0x79, 0xC3, 0xF6, 0x78, 0x0B, 0x02, 0xA8, 0x03, 0xFC, 0x8C, 0x2C,
  0x1E, 0x6F, 0x39, 0x25, 0xCC, 0x49, 0xC1, 0xAB, 0x6C, 0xE3, 0xBB, 0x0D, 0x2B, 0xD7, 0x39, 0x65, 0x27, 0x9F, 0x35, 0x82,
  0x62, 0x27, 0x0B, 0x92, 0x86, 0x75, 0x7B, 0xAC, 0xBC, 0xA6, 0xA2, 0xFD, 0x13, 0x0D, 0x25, 0x07, 0x9C, 0x68, 0x55, 0x23,
  0xE4, 0x93, 0x6D, 0x2B, 0xAB, 0x9C, 0x1A, 0xCA, 0x60, 0x41, 0x3B, 0xE3, 0x1F, 0xFB, 0x7C, 0xA8, 0xFC, 0xFC, 0xA2, 0xF9,
  0x11, 0x8D, 0xD9, 0xFE, 0x8D, 0x45, 0x8D, 0xD9, 0xE2, 0x15, 0xD2, 0x36, 0x71, 0x7E, 0xB4, 0xF2, 0xC0, 0x3F, 0xE0, 0x9F,
  0xD9, 0xED, 0xEE, 0x99, 0x8B, 0xC0, 0x66, 0xF5, 0x99, 0x92, 0x3F, 0x3C, 0xB8, 0xA8, 0xAB, 0xCF, 0x8E, 0x95, 0x64, 0xA8,
  0xDD, 0x90, 0xB8, 0x0C, 0x3E, 0x6C, 0x0F, 0x94, 0x8A, 0xBA, 0xDC, 0x93, 0xA8, 0xB7, 0xD5, 0x82, 0xED, 0xCF, 0x0B, 0x5A,
  0xA9, 0x35, 0x64, 0x8E, 0x52, 0x40, 0x67, 0x8A, 0xB2, 0xAF, 0x3D, 0xF1, 0xA6, 0x88, 0x89, 0x06, 0x86, 0xAD, 0x23, 0xB5,
  0x9A, 0x4A, 0xE5, 0xD8, 0x5E, 0x94, 0xCB, 0x73, 0x11, 0xE6, 0x6A, 0x89, 0x66, 0x1D, 0xA8, 0x7A, 0xB5, 0xED, 0x76, 0x27,
  0xD0, 0xAE, 0x87, 0xA5, 0xCA, 0x7B, 0xB5, 0xFE, 0xCC, 0x3E, 0xEA, 0x00, 0x36, 0x31, 0xBB, 0x9F, 0xA1, 0x6C, 0xF1, 0x9F,
  0xBC, 0x46, 0x98, 0xAA, 0x85, 0x7A, 0xFC, 0xB6, 0x6F, 0xEF, 0x0E, 0x47, 0xC6, 0xF6, 0x21, 0xE9, 0xCB, 0xF8, 0x55, 0x13,
  0x12, 0x8A, 0xCD, 0x52, 0x28, 0x97, 0xC2, 0xCF, 0x20, 0xD2, 0x16, 0x40, 0x20, 0x3C, 0x20, 0x32, 0x21, 0x36, 0x1D, 0x8F,
  0x9B, 0xF3, 0x2D, 0x80, 0xB4, 0x58, 0x72, 0x07, 0x7C, 0x10, 0xDD, 0x30, 0x35, 0x47, 0x96, 0x55, 0xCA, 0xA4, 0x9B, 0x63,
  0xE0, 0xBB, 0x33, 0x8B, 0x27, 0x10, 0x1A, 0x70, 0xAB, 0x31, 0xA4, 0x06, 0x8D, 0xB5, 0x84, 0x7B, 0x45, 0x9D, 0x61, 0x55,
  0xB3, 0x58, 0xD2, 0x94, 0xBB, 0xFF, 0x95, 0xC1, 0x9E, 0xC6, 0x6C, 0xD9, 0x15, 0xE7, 0xA0, 0x1B, 0xD7, 0x92, 0x47, 0x1B,
  0x1E, 0x54, 0x26, 0x14, 0xB8, 0xB7, 0xAB, 0xD5, 0x9A, 0x06, 0x32, 0x78, 0x5C, 0x0F, 0x9C, 0x56, 0x26, 0x4E, 0xDD, 0xB2,
  0x6D, 0x08, 0x86, 0x57, 0xC9, 0x12, 0xA4, 0x9E, 0x6F, 0x25, 0x56, 0x86, 0x76, 0xDD, 0x3C, 0xE1, 0xF7, 0x12, 0x37, 0x3C,
  0x76, 0xEF, 0x29, 0xF7, 0x32, 0x46, 0xEF, 0xED, 0x21, 0xCB, 0x16, 0xF1, 0x72, 0xD5, 0xB5, 0xE3, 0x75, 0x74, 0x7E, 0x8B,
  0x32, 0x3C, 0xBD, 0x00, 0xFB, 0xB4, 0x36, 0x1C, 0x9E, 0xB3, 0x46, 0xC9, 0x4C, 0xC6, 0xC1, 0xD7, 0x07, 0x28, 0x85, 0xC0,
  0x56, 0x87, 0x3F, 0x92, 0xE6, 0x3F, 0x60, 0x43, 0xFE, 0xC2, 0x36, 0xD3, 0x3E, 0x8E, 0x86, 0xF6, 0xCF, 0x31, 0x9B, 0xBC,
  0x56, 0xB3, 0xC9, 0xAE, 0x19, 0x4D, 0x0A, 0x7F, 0x83, 0xA6, 0x0F, 0x1A, 0x4D, 0x32, 0x4A, 0x82, 0x70, 0x80, 0x63, 0x8B,
  0x34, 0x33, 0xF2, 0x59, 0xF2, 0x29, 0x1C, 0x79, 0xDB, 0xA6, 0x37, 0x3E, 0x4F, 0x29, 0x9D, 0x6B, 0x38, 0x21, 0xDC, 0x02,
  0x77, 0x96, 0xCC, 0x36, 0xB2, 0x7A, 0x4E, 0x10, 0x0B, 0xD2, 0xBA, 0xAD, 0xC4, 0x62, 0x2B, 0xA9, 0x63, 0x5F, 0x7F, 0xEC,
  0x6E, 0x1E, 0x17, 0x7E, 0x1E, 0x06, 0x07, 0x5E, 0xA0, 0xB4, 0x39, 0x6E, 0x5A, 0xB8, 0x7C, 0x88, 0xA0, 0xA9, 0x29, 0xBF,
  0x9E, 0xB4, 0x4B, 0xD9, 0xF7, 0x14, 0x91, 0x24, 0x14, 0x20, 0x9C, 0x2F, 0xF7, 0x50, 0x40, 0x0C, 0xC1, 0xE7, 0x16, 0x65,
  0xA9, 0x02, 0x3B, 0xA6, 0x48, 0xAC, 0x8F, 0x84, 0xE0, 0x3B, 0x6F, 0x35, 0x2A, 0xA1, 0x9F, 0x21, 0xC4, 0x5C, 0xFB, 0x11,
  0x42, 0x6C, 0x74, 0xA6, 0x0C, 0x53, 0xB7, 0xF5, 0xA4, 0x0C, 0x18, 0x0D, 0xDB, 0x5C, 0xE1, 0xC6, 0x07, 0x82, 0x70, 0x3F,
  0x0F, 0xF0, 0x9F, 0x68, 0xA4, 0x3A, 0x65, 0xE4, 0xF1, 0x54, 0x3E, 0x99, 0xD9, 0xF0, 0xC9, 0x1A, 0x25, 0xEC, 0xBE, 0x62,
  0x8D, 0xF8, 0xF5, 0x6A, 0xFE, 0x9A, 0xC4, 0x6B, 0xD4, 0xEC, 0xE2, 0xB3, 0xBD, 0x16, 0xF3, 0x67, 0xA7, 0x6E, 0xC4, 0x0C,
  0x3C, 0x5B, 0x7D, 0x30, 0x28, 0xBE, 0x8C, 0x68, 0x98, 0x60, 0x4A, 0x95, 0xFD, 0xE9, 0x0F, 0x66, 0x07, 0xFB, 0x65, 0xB1,
  0xFB, 0x66, 0x9A, 0xAA, 0x04, 0xED, 0x9A, 0xA1, 0x55, 0xFF, 0x4C, 0x74, 0xD4, 0x66, 0x23, 0x39, 0xB0, 0x91, 0x76, 0xE7,
  0xA8, 0x57, 0xBB, 0x55, 0xBD, 0xFA, 0xFB, 0x1F, 0xEC, 0x8D, 0xA8, 0x92, 0xFA, 0xB8, 0x56, 0x72, 0xFD, 0xFA, 0x06, 0xB9,
  0x7E, 0x43, 0x2B, 0x0D, 0xF7, 0xB5, 0xD2, 0x70, 0x5F, 0x85, 0x7B, 0xBC, 0x22, 0x1B, 0xE7, 0x33, 0x88, 0x63, 0x19, 0x9E,
  0x5F, 0xCA, 0x33, 0x2F, 0xA8, 0x78, 0x01, 0x7F, 0xC2, 0xF8, 0x03, 0x79, 0xDA, 0x59, 0x86, 0x03, 0x2D, 0x80, 0x39, 0x1C,
  0x39, 0xA1, 0x69, 0xEA, 0x43, 0xAA, 0xB6, 0xE2, 0x0F, 0xF7, 0x1F, 0xA3, 0x90, 0xFB, 0xE2, 0xAA, 0xF9, 0x90, 0xD7, 0x00,
  0x6B, 0x2A, 0x21, 0x5E, 0x28, 0xA7, 0x57, 0xF0, 0xE3, 0x2A, 0xE8, 0xFC, 0x8A, 0xE7, 0x40, 0xEE, 0x8A, 0x1F, 0x82, 0xB1,
  0x89, 0x5F, 0x6E, 0xE2, 0x45, 0xF8, 0x06, 0x07, 0x3E, 0x5C, 0x5C, 0x7D, 0x93, 0x04, 0xDC, 0xFD, 0xF9, 0xE1, 0xB5, 0x06,
  0xDB, 0x2F, 0x03, 0x41, 0xFD, 0xFD, 0x5F, 0xFF, 0x0B, 0xB0, 0xA3, 0xF1, 0xD5, 0xF3, 0x4B, 0x4C, 0x75, 0xB5, 0x0F, 0x04,
  0xB2, 0x57, 0xFB, 0x60, 0x50, 0x75, 0x70, 0x03, 0x0A, 0x57, 0x7B, 0x99, 0xA0, 0x48, 0x55, 0xBB, 0x7E, 0x58, 0xCD, 0xE5,
  0x58, 0x22, 0x0D, 0x50, 0x9D, 0xC5, 0xF1, 0x8E, 0xC7, 0xCB, 0x2E, 0x8A, 0x81, 0x94, 0x5D, 0xAE, 0x8F, 0xA5, 0xD1, 0x51,
  0x22, 0xD3, 0x0B, 0xD1, 0xFD, 0x42, 0x0B, 0x70, 0x14, 0x03, 0x02, 0xD9, 0x2C, 0x43, 0x15, 0xD9, 0xF4, 0x22, 0x0A, 0x16,
  0x19, 0x9A, 0x24, 0xAB, 0xF9, 0x02, 0xB1, 0x13, 0x8C, 0xC2, 0x07, 0x7D, 0x47, 0x63, 0x75, 0x75, 0x40, 0xCA, 0x57, 0xAE,
  0xCE, 0xC0, 0xF3, 0x93, 0x72, 0x14, 0x11, 0xD6, 0xC0, 0x8B, 0x74, 0x03, 0x90, 0xFF, 0xFE, 0x9F, 0xFF, 0x56, 0x2C, 0x7E,
  0xAF, 0x17, 0xFF, 0x4A, 0x08, 0x18, 0xE3, 0x4E, 0xE5, 0x32, 0x09, 0x59, 0x89, 0x26, 0x01, 0x56, 0x81, 0x2F, 0xFE, 0x5B,
  0xEC, 0xDF, 0xAD, 0x75, 0xF5, 0xEA, 0x36, 0x49, 0x50, 0x42, 0xF2, 0x90, 0x6C, 0x52, 0xED, 0xEB, 0x04, 0x15, 0x70, 0xBF,
  0x8F, 0x7B, 0x5F, 0xC5, 0x20, 0x0A, 0x4B, 0xB6, 0x59, 0x5F, 0x5D, 0xF3, 0xB0, 0x24, 0x0F, 0x17, 0xDD, 0x52, 0x8B, 0x95,
  0x3C, 0x6A, 0x04, 0x0B, 0x42, 0xD0, 0x48, 0xD6, 0xC6, 0xDD, 0x21, 0x36, 0xA0, 0x65, 0xC0, 0xA4, 0x16, 0xA3, 0x69, 0xA2,
  0xBD, 0x05, 0x00, 0x9A, 0x65, 0x88, 0xBF, 0xB6, 0xA1, 0xBD, 0x1A, 0x68, 0xBF, 0x7D, 0x7B, 0x6D, 0x94, 0xE5, 0x76, 0x5F,
  0x5E, 0x7F, 0x37, 0xB0, 0x35, 0xA4, 0xE0, 0x63, 0x1C, 0x47, 0xD2, 0x7F, 0x7E, 0xB9, 0xE6, 0x74, 0x26, 0x60, 0x6B, 0x50,
  0x1C, 0x55, 0xFA, 0x17, 0x14, 0x97, 0x09, 0xA9, 0x52, 0xBC, 0xE2, 0x55, 0x72, 0xF2, 0x5D, 0xBD, 0x53, 0xF9, 0x21, 0x72,
  0xF9, 0x56, 0xBC, 0xAF, 0xEE, 0xEA, 0xED, 0xE5, 0x17, 0xC6, 0x17, 0x57, 0xAF, 0x36, 0x29, 0x37, 0x1E, 0x44, 0x64, 0x4C,
  0xC1, 0xD6, 0x7E, 0x1F, 0x59, 0xC2, 0x8D, 0x3E, 0xA2, 0x54, 0x9C, 0x00, 0xFB, 0x16, 0x64, 0x4A, 0x67, 0xC3, 0x34, 0x3A,
  0x36, 0x6F, 0x25, 0xA1, 0x15, 0x2B, 0xA4, 0x0A, 0x6C, 0x85, 0x42, 0x90, 0x0E, 0x5F, 0x11, 0x69, 0x20, 0x85, 0x8B, 0xAB,
  0x72, 0x03, 0x9F, 0xB4, 0x8C, 0xC5, 0xE1, 0x21, 0x7A, 0x9D, 0x0B, 0xB8, 0x4B, 0x5A, 0xAD, 0xAA, 0xB0, 0x2B, 0x2E, 0xE2,
  0x7B, 0x2B, 0x57, 0xD6, 0xEF, 0xF7, 0xF7, 0x07, 0x92, 0x7D, 0x8B, 0x62, 0xEA, 0x8B, 0xAB, 0xD7, 0x51, 0xB5, 0xEF, 0xA2,
  0x77, 0x9C, 0x69, 0x1B, 0x48, 0xD0, 0x20, 0x5E, 0x04, 0xF4, 0x9D, 0x0A, 0x7F, 0x3D, 0x23, 0x3E, 0xCA, 0x24, 0x0D, 0xE4,
  0xC1, 0x43, 0x11, 0x5D, 0xAC, 0xF8, 0x3C, 0xE3, 0x7C, 0x3E, 0xC3, 0x4E, 0x42, 0x18, 0x6C, 0x56, 0x79, 0xBC, 0x20, 0x92,
  0xC3, 0x11, 0x3B, 0x9C, 0xFA, 0x82, 0x82, 0xA6, 0x54, 0x90, 0x40, 0xBE, 0x02, 0xA7, 0x9C, 0x20, 0xFE, 0x5F, 0xF6, 0xFE,
  0x2D, 0x8C, 0x39, 0x14, 0x7D, 0x4A, 0x60, 0xCE, 0xDC, 0xFC, 0x17, 0x05, 0x2E, 0x0A, 0xD6, 0x39, 0xBC, 0xF1, 0xED, 0x3B,
  0x47, 0xDF, 0xCF, 0x96, 0xDB, 0xC6, 0x6F, 0x6A, 0xD2, 0x8B, 0x17, 0xCD, 0x42, 0x66, 0x82, 0x12, 0x56, 0x84, 0xCA, 0x55,
  0x1D, 0xC8, 0x72, 0x1F, 0xDB, 0x51, 0x57, 0x63, 0xAA, 0x02, 0x83, 0x34, 0x2B, 0xF9, 0xBA, 0xE5, 0xAC, 0xEA, 0xB7, 0x0E,
  0x2D, 0xC2, 0xBD, 0x42, 0xA8, 0xC6, 0xB5, 0x06, 0x28, 0x64, 0xEF, 0xB8, 0x8E, 0xDA, 0x4E, 0xD4, 0xF1, 0xBE, 0x87, 0xE7,
  0x6B, 0x99, 0xE8, 0x28, 0x16, 0xD1, 0xC4, 0xD9, 0x11, 0x1E, 0xD3, 0x02, 0xD0, 0x58, 0x45, 0x57, 0x82, 0xF2, 0x0E, 0x21,
  0x59, 0xBD, 0x5C, 0x90, 0x78, 0x2C, 0x46, 0xAD, 0x3E, 0xAB, 0xBC, 0xB8, 0x12, 0x64, 0x4D, 0x27, 0x32, 0x3D, 0xBF, 0xE4,
  0x8D, 0x64, 0x07, 0x5E, 0xD8, 0xCD, 0x51, 0x95, 0x21, 0x0F, 0x72, 0xA1, 0xA5, 0x58, 0x3F, 0x15, 0x45, 0xD4, 0xC6, 0xA3,
  0xD7, 0x6B, 0x0C, 0x29, 0xC6, 0x3A, 0x3C, 0x3C, 0xB5, 0xC1, 0x4A, 0xC3, 0x43, 0x53, 0xD0, 0xFB, 0x42, 0x8B, 0x14, 0x6D,
  0x2F, 0x34, 0xA5, 0x20, 0x7D, 0x7A, 0xF1, 0x25, 0xD9, 0x4D, 0x5A, 0x7D, 0xB8, 0x62, 0xAF, 0xEA, 0xE2, 0x44, 0xA6, 0x50,
  0x15, 0x81, 0x42, 0xC7, 0x08, 0x3D, 0xFC, 0x1E, 0xE9, 0x28, 0x92, 0x2A, 0x2A, 0x26, 0xDD, 0x12, 0x83, 0xAA, 0x8C, 0x29,
  0x49, 0x13, 0xE5, 0xDD, 0xE5, 0xA2, 0xE8, 0xBA, 0x22, 0x32, 0x85, 0xC4, 0xE4, 0xB3, 0xE2, 0xAC, 0xA9, 0x27, 0xB0, 0x96,
  0xB4, 0x22, 0x95, 0xF5, 0xED, 0x1A, 0xCA, 0x8B, 0x2B, 0xC0, 0xC9, 0x93, 0x80, 0xAB, 0x87, 0x68, 0xB3, 0x12, 0x44, 0x88,
  0xA4, 0x45, 0xF8, 0x83, 0xD0, 0xF5, 0x5D, 0x7D, 0x4B, 0x27, 0x54, 0x81, 0x0A, 0xB3, 0x5C, 0x4B, 0xA7, 0xC1, 0x5D, 0x00,
  0x25, 0x12, 0x31, 0x3A, 0x4B, 0xAA, 0x73, 0x89, 0xAA, 0x2D, 0xA9, 0xFA, 0x3B, 0xC6, 0x76, 0x1E, 0xA0, 0xAE, 0x7A, 0xDC,
  0x41, 0xE1, 0x56, 0x06, 0xBD, 0xC1, 0x3A, 0x3B, 0x7D, 0x82, 0x73, 0xAD, 0x3E, 0x49, 0xFB, 0xC9, 0x7B, 0x3D, 0x85, 0x8C,
  0x49, 0x57, 0x13, 0x31, 0x8A, 0xEC, 0x32, 0xED, 0x8A, 0xC1, 0xD2, 0x3E, 0x45, 0x57, 0xBA, 0xBA, 0xDE, 0xCF, 0x81, 0x9C,
  0x2E, 0xEF, 0x25, 0x9B, 0x54, 0x67, 0x5C, 0xE1, 0x44, 0x2C, 0x79, 0xBC, 0xD5, 0xCB, 0x87, 0xD7, 0x61, 0xB7, 0xA3, 0x58,
  0x22, 0x1D, 0x9D, 0x0F, 0xF0, 0x4A, 0x1E, 0xC8, 0xD5, 0x81, 0x3D, 0xD2, 0xF9, 0x5C, 0x0E, 0xD0, 0x4F, 0x19, 0xDF, 0xA8,
  0xEE, 0xE5, 0x9F, 0xB2, 0xCF, 0x5F, 0x7D, 0xFB, 0xF2, 0xC5, 0x37, 0xEF, 0xB4, 0x37, 0xDF, 0xBE, 0x7B, 0xFD, 0xED, 0xDB,
  0xEE, 0x17, 0xD3, 0x3F, 0x65, 0x3F, 0xFD, 0x83, 0x7E, 0x19, 0x1B, 0x1D, 0x32, 0x72, 0x6A, 0x2F, 0x3B, 0xBA, 0x72, 0x5C,
  0xD6, 0xEE, 0x49, 0x89, 0x17, 0xC8, 0xFC, 0x6E, 0xA6, 0x6F, 0xC5, 0x6A, 0xB4, 0x6B, 0xC0, 0xBB, 0xBA, 0xC1, 0x83, 0x62,
  0x96, 0x17, 0x8B, 0x45, 0xB7, 0xF3, 0x69, 0xC7, 0xE8, 0x7C, 0x8A, 0x6C, 0xC8, 0xA4, 0x53, 0x7F, 0xFE, 0x9C, 0x9E, 0x2F,
  0xF2, 0xE6, 0xE3, 0x2B, 0x7A, 0x7C, 0x43, 0x8F, 0x95, 0x79, 0x28, 0x3B, 0xF9, 0x4F, 0x1B, 0x98, 0xE6, 0xF9, 0x43, 0x37,
  0x05, 0x89, 0xEB, 0x74, 0x42, 0x18, 0x5D, 0x5C, 0x4D, 0x7B, 0x70, 0x57, 0xC5, 0xFC, 0x5B, 0x4E, 0xAE, 0xE3, 0xCE, 0x97,
  0xF7, 0x73, 0x54, 0x9B, 0x62, 0xE9, 0x1D, 0x23, 0x06, 0x82, 0xC7, 0x9D, 0xBF, 0xFF, 0xC7, 0x7F, 0x97, 0xFF, 0x3A, 0xBB,
  0x49, 0xD5, 0x75, 0xE8, 0x35, 0xBA, 0x62, 0x05, 0xC9, 0xEA, 0xA6, 0xA5, 0xDF, 0xDF, 0x6A, 0xFD, 0xBC, 0xE6, 0x94, 0xDF,
  0xBE, 0x0F, 0x1E, 0x9A, 0xBD, 0xFE, 0x26, 0x7A, 0xD5, 0x1B, 0xFE, 0x9E, 0x05, 0xEF, 0x6B, 0x0D, 0xFF, 0x56, 0x34, 0xDC,
  0x35, 0x69, 0x4E, 0xA8, 0xBE, 0xA3, 0xE4, 0x16, 0xAC, 0xE3, 0x4B, 0x42, 0xCD, 0xA5, 0x68, 0xDB, 0x4E, 0x73, 0xA2, 0x6B,
  0x38, 0x2D, 0x88, 0xEB, 0x2F, 0x59, 0x02, 0x85, 0x3D, 0x39, 0x48, 0x49, 0x52, 0x39, 0x63, 0x5B, 0x62, 0xF0, 0x5E, 0xFA,
  0xF5, 0xBB, 0x37, 0xDF, 0x4C, 0xC3, 0xE2, 0x0B, 0x33, 0x16, 0x7E, 0x81, 0x9D, 0x53, 0x64, 0x9E, 0x72, 0x0C, 0x46, 0xC9,
  0xAD, 0xF4, 0xD9, 0x42, 0x02, 0x9A, 0x23, 0xEA, 0x08, 0xFB, 0x24, 0x91, 0xF4, 0xCF, 0x3B, 0xFB, 0x16, 0x70, 0xF5, 0xB1,
  0x14, 0x74, 0xF7, 0x77, 0xE3, 0xB2, 0x43, 0xBC, 0x46, 0x73, 0x22, 0xC1, 0xEF, 0xAF, 0xAF, 0x5F, 0xD3, 0xE3, 0xB0, 0x4F,
  0x78, 0xC7, 0xB3, 0xF0, 0xE5, 0x72, 0x7F, 0x18, 0x79, 0xEA, 0x45, 0xC3, 0x38, 0xA5, 0xA7, 0x17, 0x57, 0xAA, 0x95, 0xB8,
  0x6F, 0x8A, 0x8A, 0x36, 0x2F, 0x85, 0xA2, 0x7F, 0xA1, 0x40, 0x20, 0x74, 0xFF, 0xEB, 0x35, 0x07, 0x5B, 0xB1, 0xDF, 0x3B,
  0xFA, 0xF8, 0xC8, 0xEA, 0x61, 0x85, 0x68, 0x73, 0x15, 0x03, 0xB7, 0xCA, 0xEC, 0xC7, 0x16, 0xFF, 0x8F, 0xC8, 0x40, 0x88,
  0x0C, 0xA7, 0x6A, 0x79, 0x90, 0xF5, 0xD9, 0xB4, 0x39, 0x34, 0x10, 0x51, 0x72, 0xD7, 0x7F, 0x1C, 0x12, 0x84, 0xDF, 0x72,
  0xDE, 0xFA, 0x2A, 0x36, 0x3F, 0x83, 0x3E, 0xEA, 0x52, 0x66, 0xC5, 0xED, 0x0A, 0x2C, 0x9B, 0x94, 0x4F, 0xDD, 0x7C, 0x6B,
  0xA3, 0x6E, 0x6E, 0x36, 0x4A, 0xBA, 0x46, 0xD0, 0x61, 0x7A, 0x70, 0x3E, 0xB2, 0x32, 0x3A, 0x3C, 0xD6, 0xAC, 0x10, 0x64,
  0xE7, 0x63, 0xAC, 0x8E, 0xCE, 0xE4, 0x1C, 0x56, 0xC2, 0x28, 0x8F, 0x62, 0xA4, 0x06, 0x60, 0x9D, 0x09, 0x10, 0x5C, 0x4C,
  0xFD, 0xD3, 0x4F, 0x7F, 0xFC, 0xB3, 0xDE, 0x87, 0xF9, 0xF2, 0x25, 0x86, 0xEB, 0xAE, 0xA6, 0x57, 0x72, 0xF6, 0x1F, 0xA7,
  0xAA, 0x44, 0x5B, 0x71, 0xFA, 0x2E, 0x26, 0x98, 0x55, 0xA8, 0x98, 0x03, 0x95, 0x39, 0x93, 0xD8, 0xE8, 0x76, 0x84, 0xDA,
  0x23, 0x5C, 0xF4, 0xF9, 0xCA, 0xE9, 0x60, 0x8C, 0x29, 0xE1, 0xA7, 0xE6, 0xE0, 0x75, 0xF0, 0xFA, 0x00, 0xA2, 0xD0, 0xF4,
  0x1B, 0x1C, 0x0A, 0x52, 0xB7, 0xD9, 0xE4, 0x09, 0x1B, 0x17, 0x57, 0x82, 0x3A, 0x56, 0x87, 0x19, 0x56, 0x9E, 0xB1, 0x41,
  0x2D, 0x7F, 0xEC, 0x73, 0x81, 0x26, 0xF8, 0xB4, 0xF3, 0xF9, 0x6A, 0x9F, 0x43, 0xDB, 0x7A, 0xF3, 0x2F, 0x9D, 0x1B, 0x34,
  0x2A, 0xBF, 0xB6, 0x13, 0x83, 0x92, 0x60, 0xAC, 0x68, 0xF2, 0x40, 0x33, 0x80, 0x98, 0x40, 0x55, 0x7F, 0xD1, 0x21, 0x85,
  0xDD, 0x81, 0xD0, 0x66, 0x20, 0x49, 0x1C, 0x05, 0xD9, 0x24, 0x66, 0xE0, 0xA1, 0x30, 0x2A, 0xBA, 0xFA, 0xF4, 0x4A, 0xF0,
  0x92, 0x5C, 0x9F, 0x21, 0xC6, 0x30, 0x66, 0x62, 0xFF, 0x60, 0x73, 0xE0, 0x3B, 0x65, 0xF8, 0xDD, 0xD0, 0xEF, 0x33, 0x5D,
  0x2A, 0x6A, 0x7A, 0x31, 0xA7, 0x47, 0x20, 0xF7, 0x3E, 0xF4, 0xC9, 0x4D, 0x7E, 0xAB, 0x9F, 0xA6, 0xC2, 0xB7, 0x49, 0x49,
  0x78, 0x5A, 0x44, 0x41, 0xBA, 0x92, 0xF8, 0x2A, 0xDE, 0x3A, 0x3D, 0x8A, 0x64, 0x1F, 0xD0, 0xA2, 0x86, 0x4F, 0xA5, 0x16,
  0xAC, 0x1C, 0x45, 0xD5, 0xBE, 0x72, 0x45, 0x7C, 0x3D, 0x71, 0xF6, 0x2D, 0x5F, 0x4F, 0xBE, 0xD2, 0xB7, 0x35, 0x83, 0x46,
  0xBC, 0xA8, 0xC4, 0xFD, 0x8F, 0x1B, 0x7C, 0x25, 0x26, 0x8C, 0xDA, 0x24, 0xE5, 0x1A, 0x97, 0xA8, 0xB5, 0x53, 0x51, 0x29,
  0x5B, 0x4C, 0xAF, 0x70, 0xC2, 0x07, 0x87, 0xE7, 0x9B, 0x38, 0xCB, 0xA1, 0x9D, 0x97, 0x48, 0x66, 0xE1, 0xEC, 0x4D, 0x39,
  0x6C, 0x47, 0xE7, 0xF8, 0xA1, 0xA9, 0xF0, 0xA3, 0x34, 0x44, 0x38, 0x47, 0x6D, 0x75, 0x58, 0xC5, 0x10, 0xC4, 0x98, 0xF1,
  0x43, 0x80, 0x8A, 0xEC, 0x29, 0xDD, 0x1C, 0x6E, 0x4A, 0xD6, 0x63, 0xD9, 0x14, 0xCC, 0x75, 0xAA, 0x21, 0xB7, 0xF9, 0xFB,
  0x32, 0x3E, 0x27, 0x17, 0xFF, 0x45, 0x87, 0xE2, 0x74, 0xA0, 0x14, 0x7E, 0x1C, 0xC9, 0x89, 0x31, 0xB8, 0x29, 0xFC, 0x73,
  0x07, 0x22, 0x87, 0x05, 0x63, 0x34, 0x51, 0x83, 0x43, 0x53, 0x8E, 0xA1, 0x05, 0x56, 0x6B, 0x53, 0xAA, 0x76, 0xF6, 0x04,
  0xA7, 0x62, 0x1E, 0x4B, 0x61, 0x42, 0x08, 0x9C, 0x9E, 0x85, 0x6B, 0x29, 0x61, 0x68, 0x99, 0x53, 0x95, 0x48, 0xBE, 0xE8,
  0x74, 0xC6, 0x67, 0xED, 0x40, 0x21, 0xA2, 0x10, 0x7E, 0x9B, 0xF2, 0x91, 0xA7, 0x10, 0x1A, 0xAB, 0x39, 0xE2, 0x26, 0x3F,
  0x7C, 0xFF, 0x9A, 0x42, 0x80, 0x40, 0x0F, 0x24, 0x95, 0x94, 0x20, 0x9F, 0x16, 0xA6, 0x7F, 0x7B, 0x2B, 0x7A, 0xFB, 0x38,
  0x6C, 0x5C, 0x83, 0x49, 0xAB, 0xD8, 0x00, 0x54, 0x0D, 0xB9, 0x05, 0x11, 0x95, 0x0E, 0x09, 0xCF, 0x00, 0x92, 0xFE, 0x2C,
  0x19, 0xCF, 0x71, 0x08, 0x21, 0x8F, 0xF3, 0x6D, 0x6F, 0x93, 0x70, 0xDC, 0xF9, 0xEE, 0xDB, 0xEB, 0x77, 0x1D, 0x83, 0x62,
  0x8B, 0xB0, 0x92, 0xC7, 0xDB, 0x8E, 0x9C, 0xB0, 0xF7, 0x0E, 0x3E, 0x0E, 0x76, 0x9B, 0x9A, 0xC7, 0x73, 0x5E, 0x8B, 0x74,
  0x89, 0x40, 0xED, 0xDD, 0x5D, 0x8F, 0xF6, 0xB7, 0xB7, 0x49, 0x17, 0x62, 0x55, 0x61, 0x67, 0xC7, 0x8F, 0x5F, 0x3D, 0xAC,
  0x23, 0x4A, 0xBB, 0x3F, 0xBF, 0x85, 0x53, 0x09, 0x01, 0x71, 0xA7, 0x7D, 0x99, 0xA6, 0x49, 0x0A, 0x55, 0xC1, 0xE8, 0xEF,
  0x4F, 0x3F, 0x75, 0xBE, 0xE2, 0x6C, 0xFE, 0x48, 0xF2, 0xB8, 0x0E, 0x3E, 0x40, 0x34, 0x68, 0x88, 0xCF, 0xA9, 0x68, 0x40,
  0x34, 0x8E, 0x41, 0x0B, 0xF3, 0x8F, 0x49, 0x81, 0xAE, 0x3E, 0xCA, 0xEB, 0xA5, 0x5D, 0x22, 0x62, 0x67, 0xEB, 0x5B, 0x6C,
  0xC0, 0xE5, 0x1C, 0x1B, 0xB1, 0x21, 0x37, 0x8D, 0xDB, 0x6A, 0xB4, 0x65, 0x90, 0xDF, 0x64, 0x74, 0x90, 0x60, 0xD4, 0xCA,
  0x83, 0x76, 0x57, 0x41, 0xD6, 0xCF, 0xD7, 0x74, 0x9A, 0x6B, 0xB8, 0xCA, 0x60, 0x06, 0x2E, 0xB5, 0xE0, 0x06, 0x95, 0xFA,
  0x7D, 0x55, 0x9E, 0x3D, 0x02, 0x64, 0xD6, 0x5F, 0x22, 0xD4, 0x88, 0x8C, 0xDA, 0x04, 0x92, 0xAC, 0xE6, 0x56, 0x4D, 0x0A,
  0x83, 0x77, 0x22, 0x6C, 0x83, 0xC9, 0x13, 0xF5, 0x5C, 0x5E, 0x79, 0x51, 0x67, 0x03, 0x11, 0x97, 0xE4, 0x11, 0x45, 0x63,
  0x4D, 0x0E, 0x4E, 0x96, 0x97, 0x4C, 0x21, 0xC9, 0x7B, 0x2A, 0x92, 0x2A, 0xE5, 0x29, 0xC1, 0x5F, 0xC8, 0xBF, 0xE3, 0x0E,
  0x9D, 0xD2, 0xAB, 0xB0, 0xF0, 0xF1, 0x43, 0x83, 0x8B, 0xE1, 0xE4, 0x06, 0xF3, 0x31, 0xCA, 0x87, 0xD5, 0xE8, 0x47, 0xC5,
  0xAC, 0x12, 0x91, 0x55, 0xC4, 0xAD, 0x50, 0xEA, 0xB0, 0x0C, 0xC4, 0x05, 0x0A, 0x2B, 0xF3, 0x17, 0x39, 0x1C, 0x29, 0xDC,
  0x42, 0xE6, 0xAA, 0xD1, 0xD9, 0x8E, 0x21, 0x1D, 0x2C, 0x3E, 0x17, 0x84, 0xF0, 0xE1, 0x1E, 0x5C, 0x39, 0x77, 0x0C, 0xDE,
  0xF0, 0x8B, 0x8E, 0x8C, 0x02, 0x63, 0x9F, 0x69, 0xCD, 0xE2, 0xEB, 0x61, 0xD2, 0x9B, 0xE5, 0x63, 0xDE, 0x4E, 0x3E, 0x2F,
  0x87, 0xAD, 0x14, 0x94, 0x1C, 0xE6, 0x71, 0xC1, 0xDF, 0x7F, 0x3F, 0x15, 0xFC, 0xFD, 0x2D, 0xC1, 0xA2, 0xC4, 0x7E, 0x01,
  0xD1, 0xAF, 0x1D, 0x5E, 0xAE, 0xAC, 0x38, 0x3A, 0xD9, 0xFA, 0xB0, 0xCC, 0xAC, 0x9F, 0x6D, 0xDD, 0xE1, 0xFC, 0x4B, 0x3D,
  0x74, 0xFA, 0xD5, 0x2F, 0x4E, 0xBA, 0x96, 0x68, 0x91, 0x1F, 0x4A, 0x03, 0x7C, 0x79, 0xDA, 0x73, 0x87, 0x9A, 0x97, 0xE4,
  0x48, 0xE2, 0xA8, 0x76, 0x96, 0x75, 0x76, 0xE8, 0x2C, 0x6B, 0xA3, 0xA0, 0xA7, 0x9A, 0xB3, 0xAD, 0xE8, 0xFB, 0x5A, 0x30,
  0x7E, 0xAB, 0x70, 0xC0, 0x99, 0x44, 0xAC, 0x30, 0x01, 0x27, 0xFE, 0xB1, 0xBC, 0x35, 0x08, 0xA3, 0x70, 0xB7, 0x01, 0x0B,
  0xF2, 0x7E, 0xA4, 0xAB, 0xBE, 0xA4, 0x5A, 0x28, 0x52, 0x5C, 0x0C, 0x34, 0x00, 0x48, 0x05, 0xE8, 0x1D, 0x83, 0xD7, 0x48,
  0x81, 0x56, 0xB1, 0x40, 0x7E, 0xD9, 0x7F, 0xCF, 0x1E, 0x68, 0xD8, 0xBD, 0x63, 0xB9, 0x15, 0xE0, 0x44, 0x43, 0x88, 0xBC,
  0x7F, 0x26, 0x0D, 0x62, 0xF0, 0x00, 0x0B, 0x99, 0x58, 0x4F, 0x1E, 0xBD, 0x00, 0x48, 0x49, 0x0E, 0xB7, 0x1C, 0x63, 0x52,
  0x61, 0x86, 0x3B, 0x4E, 0xBC, 0x6E, 0xF4, 0x75, 0xF1, 0x7D, 0x10, 0xB6, 0xB9, 0xCB, 0xC3, 0x04, 0x9F, 0xC8, 0x65, 0x2D,
  0x09, 0xA7, 0x6F, 0x78, 0x1A, 0xB2, 0xD3, 0xE5, 0xE5, 0x39, 0x63, 0x8D, 0xFF, 0xD1, 0xB9, 0xD4, 0xEB, 0xCA, 0x3A, 0xB0,
  0x31, 0x24, 0x29, 0x2A, 0x2F, 0xC1, 0xA1, 0xBC, 0x03, 0x83, 0x0D, 0xDF, 0x36, 0xC0, 0x81, 0xA2, 0x5E, 0x4D, 0x56, 0xF5,
  0x56, 0xDD, 0x8B, 0x50, 0x0F, 0x45, 0x9A, 0x44, 0x3A, 0x7A, 0xBA, 0xDA, 0x2C, 0x16, 0x46, 0x94, 0x92, 0xF5, 0x6E, 0x1A,
  0xF7, 0xF8, 0x79, 0x98, 0x9A, 0x95, 0xE4, 0xD8, 0x47, 0xBF, 0x84, 0x8C, 0xAC, 0xB0, 0x6A, 0x0B, 0xA4, 0x98, 0x13, 0x36,
  0xFF, 0x54, 0x20, 0x19, 0x02, 0x1F, 0xA4, 0x0C, 0xB3, 0x03, 0x66, 0x61, 0x96, 0x7F, 0xFA, 0x69, 0xDB, 0x53, 0x08, 0xA2,
  0x9A, 0xB7, 0x20, 0x94, 0x93, 0x1C, 0x87, 0x23, 0x4C, 0x40, 0x09, 0x02, 0xE3, 0x7F, 0xA5, 0x21, 0x24, 0x8C, 0xC0, 0xEF,
  0x50, 0x70, 0xC8, 0x52, 0xB8, 0x2C, 0x9D, 0xB2, 0xD6, 0x01, 0x03, 0x9C, 0xD5, 0xF0, 0xA1, 0x6C, 0xC8, 0xD7, 0xBF, 0x13,
  0x68, 0xD9, 0xC9, 0x47, 0x72, 0xFE, 0xC9, 0xBD, 0x5C, 0x09, 0xCC, 0x76, 0xFC, 0xF9, 0x97, 0xC9, 0x43, 0xED, 0xFE, 0x0F,
  0x1C, 0x56, 0x8E, 0x39, 0x5D, 0xE0, 0x2F, 0x65, 0x10, 0xB4, 0x59, 0xFE, 0x62, 0x85, 0x28, 0x22, 0x6D, 0xC0, 0x57, 0xF4,
  0xB4, 0x4B, 0xE6, 0xFE, 0x56, 0x22, 0x98, 0x77, 0x11, 0xB3, 0xFC, 0xF4, 0x93, 0xBC, 0xE8, 0xC7, 0x59, 0x19, 0xAA, 0xA8,
  0x87, 0xE2, 0x28, 0x13, 0x3C, 0x95, 0x8D, 0x80, 0xB4, 0x97, 0x64, 0xC0, 0x83, 0xAC, 0x5F, 0xF1, 0xE9, 0xA1, 0x46, 0x11,
  0x96, 0xAB, 0x2F, 0x17, 0x94, 0xD7, 0x86, 0x14, 0xE3, 0x4D, 0x90, 0xDF, 0x82, 0x04, 0xEE, 0xF1, 0xC9, 0xAE, 0xB8, 0xA4,
  0x52, 0x63, 0x9C, 0x12, 0xDE, 0xBD, 0xEF, 0xD1, 0x1C, 0x7D, 0x3A, 0x9C, 0x51, 0xBF, 0xE4, 0x97, 0x3C, 0x5F, 0xFC, 0x19,
  0x5E, 0xEA, 0xB0, 0x99, 0x9E, 0x75, 0xCE, 0x99, 0xE0, 0xE1, 0xC8, 0x04, 0x0F, 0x62, 0x02, 0xFA, 0x58, 0x45, 0x8C, 0x2F,
  0x52, 0xB0, 0xCA, 0x04, 0x3B, 0x7D, 0x67, 0x6C, 0xC9, 0xFA, 0xC2, 0x2C, 0x63, 0xE2, 0xFD, 0x9D, 0x7E, 0x06, 0xF9, 0xE1,
  0xDB, 0xA4, 0x5F, 0x89, 0xFA, 0xE4, 0x30, 0x9F, 0x7E, 0x5A, 0x90, 0x21, 0x17, 0xB1, 0x30, 0x32, 0x32, 0x29, 0x3C, 0x78,
  0xE1, 0x23, 0x0B, 0xDF, 0xF1, 0xA1, 0x74, 0x38, 0x38, 0xC5, 0x47, 0x08, 0x27, 0x49, 0xF3, 0xBC, 0x96, 0x0F, 0x02, 0x0E,
  0x49, 0x8B, 0xD3, 0x82, 0x1A, 0x75, 0x95, 0x5E, 0x77, 0x85, 0x94, 0x3C, 0x24, 0x6B, 0x6A, 0xF6, 0xCA, 0xA5, 0xCC, 0x50,
  0x5F, 0x8A, 0xFF, 0x57, 0xC3, 0xFF, 0x01, 0x34, 0xA7, 0x03, 0x87, 0xC3, 0x61, 0x00, 0x00,
};

static const size_t WIFI_SETUP_PAGE_LEN = sizeof(WIFI_SETUP_PAGE);


// =====================================================
// NAS MAIN PAGE
// =====================================================

static const uint8_t MAIN_PAGE[] PROGMEM = {
  0x1F, 0x8B, 0x08, 0x00, 0x00, 0x00, 0x00, 0x00, 0x02, 0xFF, 0xCD, 0xBD, 0x5B, 0x8F, 0x1B, 0x59, 0x96, 0x1E, 0xFA, 0xAE,
  0x5F, 0x11, 0x95, 0x72, 0x89, 0x64, 0x8B, 0xA4, 0x82, 0xC1, 0x3B, 0x59, 0x4C, 0x59, 0x52, 0x49, 0x5D, 0x72, 0x4B, 0x55,
  0x1A, 0xA5, 0xD4, 0x35, 0xED, 0x76, 0x63, 0x10, 0x24, 0x83, 0x99, 0x6C, 0x31, 0x49, 0x16, 0xC9, 0x94, 0x94, 0x4D, 0x25,
  0x30, 0x7E, 0x19, 0xD8, 0x38, 0xC6, 0x81, 0x07, 0x1E, 0x5F, 0x1E, 0xFC, 0x62, 0xC0, 0xF0, 0x01, 0x8E, 0x5F, 0x3C, 0x4F,
  0xF3, 0x60, 0x03, 0x07, 0x98, 0xF3, 0x4F, 0xFA, 0x0F, 0x9C, 0xBF, 0x70, 0xBE, 0xB5, 0xF6, 0x25, 0xF6, 0xDE, 0xB1, 0x83,
  0x8C, 0x94, 0xAA, 0x00, 0xD7, 0x85, 0x49, 0x46, 0xEC, 0xFB, 0x5E, 0x7B, 0xDD, 0xD7, 0xDA, 0xDF, 0x7C, 0x35, 0x5D, 0x4D,
  0x76, 0xD7, 0xEB, 0x24, 0xB8, 0xD8, 0x5D, 0x2E, 0x4E, 0xEF, 0x7C, 0xA3, 0xFE, 0x24, 0xF1, 0x14, 0x7F, 0x2E, 0x93, 0x5D,
  0x1C, 0x4C, 0x2E, 0xE2, 0xCD, 0x36, 0xD9, 0x8D, 0x4E, 0xAE, 0x76, 0xB3, 0x5A, 0xEF, 0x44, 0x3D, 0x5E, 0xC6, 0x97, 0xC9,
  0xE8, 0xE4, 0xFD, 0x3C, 0xF9, 0xB0, 0x5E, 0x6D, 0x76, 0x27, 0xC1, 0x64, 0xB5, 0xDC, 0x25, 0x4B, 0x14, 0xFB, 0x30, 0x9F,
  0xEE, 0x2E, 0x46, 0xD3, 0xE4, 0xFD, 0x7C, 0x92, 0xD4, 0xF8, 0x47, 0x75, 0xBE, 0x9C, 0xEF, 0xE6, 0xF1, 0xA2, 0xB6, 0x9D,
  0xC4, 0x8B, 0x64, 0xD4, 0x70, 0xDA, 0xD8, 0x5D, 0x24, 0x97, 0x49, 0x6D, 0xB2, 0x5A, 0xAC, 0x36, 0x27, 0xC1, 0x7C, 0x2A,
  0x1F, 0x3C, 0xA1, 0xDF, 0x2F, 0x51, 0xCA, 0x68, 0xFA, 0x6E, 0xD8, 0x09, 0xC7, 0x8D, 0x2E, 0xD5, 0xDF, 0xCD, 0x77, 0x8B,
  0xE4, 0xF4, 0xEC, 0xC3, 0x7C, 0xB6, 0xFB, 0x30, 0x5F, 0x9E, 0x07, 0xDF, 0x3F, 0x3A, 0x0B, 0xFE, 0xF1, 0x1F, 0x82, 0x67,
  0xF3, 0x45, 0x12, 0x3C, 0x59, 0x2D, 0xB7, 0xAB, 0x45, 0xF2, 0xCD, 0x03, 0x51, 0xE8, 0xCE, 0x37, 0xDB, 0xC9, 0x66, 0xBE,
  0xDE, 0x9D, 0xEE, 0x36, 0xD7, 0xFB, 0xF9, 0xAC, 0xBC, 0x58, 0x61, 0x18, 0x67, 0xBB, 0xD5, 0x26, 0x3E, 0x4F, 0xEA, 0xE7,
  0xC9, 0xEE, 0xF9, 0x2E, 0xB9, 0x2C, 0x97, 0xB6, 0xAA, 0xA9, 0x1A, 0x77, 0x5F, 0xAA, 0x8C, 0x46, 0xA3, 0xD2, 0x62, 0x7E,
  0x7E, 0xB1, 0x2B, 0x55, 0xB0, 0x48, 0x57, 0x97, 0x18, 0x41, 0x5D, 0x7D, 0x79, 0xBA, 0x48, 0xC4, 0xEF, 0x78, 0x17, 0x63,
  0x6D, 0xEA, 0x5C, 0x45, 0x15, 0xBF, 0x99, 0xC4, 0xBB, 0xC9, 0x45, 0x39, 0xA9, 0xEC, 0x6F, 0xBE, 0x79, 0x20, 0xBB, 0xC6,
  0x18, 0x76, 0xD7, 0x34, 0x96, 0x7F, 0x2A, 0x97, 0x33, 0x38, 0x79, 0xFB, 0xE6, 0x19, 0x96, 0x73, 0x78, 0xE7, 0x57, 0xFB,
  0xF1, 0xEA, 0x63, 0x6D, 0x3B, 0xFF, 0x13, 0xFA, 0x1E, 0x8C, 0x57, 0x9B, 0x69, 0xB2, 0xA9, 0xE1, 0xC9, 0xCD, 0x9D, 0xC1,
  0x66, 0xB5, 0xDA, 0xED, 0xEF, 0x04, 0x01, 0x2F, 0x0D, 0x16, 0x8F, 0x3A, 0x19, 0x4C, 0xE3, 0xCD, 0xBB, 0x21, 0x1E, 0xD6,
  0x6A, 0xE3, 0xF3, 0x81, 0x5C, 0x90, 0x61, 0xAD, 0xB6, 0x8E, 0x97, 0xC9, 0x02, 0xBF, 0xE3, 0x46, 0x14, 0x35, 0xD4, 0xEF,
  0x08, 0x0F, 0xA6, 0x8D, 0x6E, 0xD4, 0x57, 0x0F, 0x9A, 0x83, 0xBB, 0x8D, 0x46, 0x63, 0xDA, 0x8C, 0x44, 0x0B, 0xBB, 0xE4,
  0xE3, 0x6E, 0x70, 0x37, 0xE9, 0x26, 0xC9, 0x6C, 0x86, 0x22, 0x97, 0x57, 0xBB, 0x64, 0x3A, 0xB8, 0xDB, 0xEB, 0xF6, 0xDB,
  0xE3, 0x10, 0xBF, 0x67, 0xF1, 0x7C, 0x89, 0xF7, 0xED, 0x69, 0x67, 0xDA, 0xA3, 0x26, 0x16, 0xF3, 0x65, 0x32, 0xB8, 0x1B,
  0x35, 0x9B, 0x51, 0x6B, 0x22, 0x87, 0xB0, 0xB8, 0xC2, 0x93, 0x76, 0xBB, 0xDB, 0x9D, 0x52, 0x03, 0xF4, 0x13, 0x7D, 0x76,
  0x3B, 0xFD, 0x28, 0x99, 0xCA, 0xDF, 0xB5, 0xE9, 0xFC, 0x12, 0xBD, 0x76, 0xA3, 0x6E, 0x6B, 0x8C, 0x47, 0xE7, 0x9B, 0x24,
  0x59, 0xA2, 0x48, 0x34, 0xEE, 0xF7, 0x65, 0x23, 0x1B, 0xEA, 0x74, 0x32, 0xEB, 0xB6, 0xBA, 0x31, 0x0A, 0x6C, 0x2F, 0xE2,
  0xE9, 0xEA, 0xC3, 0x20, 0x0C, 0x1A, 0xBD, 0xF5, 0xC7, 0xA0, 0x45, 0x1F, 0x9B, 0xF3, 0x71, 0x5C, 0x0E, 0xAB, 0xF4, 0x6F,
  0x3D, 0x0A, 0x2B, 0x77, 0x6E, 0xEE, 0x10, 0x98, 0x56, 0xC7, 0xAB, 0xE9, 0xF5, 0xFE, 0x32, 0xDE, 0x9C, 0xCF, 0x97, 0x83,
  0x70, 0x78, 0x39, 0x5F, 0xD6, 0x2E, 0x12, 0xDA, 0x80, 0x41, 0x23, 0x0C, 0xBF, 0x1E, 0x8E, 0xE3, 0xC9, 0xBB, 0xF3, 0xCD,
  0xEA, 0x6A, 0x39, 0x1D, 0xBC, 0x8F, 0x37, 0x65, 0x5A, 0xAE, 0xCA, 0x90, 0x57, 0x52, 0xFE, 0xA6, 0xC9, 0x57, 0x86, 0x33,
  0xC0, 0x16, 0x26, 0x7A, 0x39, 0x5F, 0x5C, 0x0F, 0x9E, 0x03, 0xCC, 0x36, 0xD5, 0x5A, 0xBC, 0x5E, 0x2F, 0x92, 0xDA, 0xF6,
  0x7A, 0x0B, 0xB8, 0xA8, 0x3E, 0xC6, 0xA4, 0xDF, 0xBD, 0x8C, 0x27, 0x67, 0xFC, 0xF3, 0x19, 0x4A, 0x57, 0x4F, 0xCE, 0x92,
  0xF3, 0x55, 0x12, 0xBC, 0x7D, 0x7E, 0x52, 0x7D, 0xB4, 0x01, 0x58, 0x57, 0xB7, 0xF1, 0x72, 0x5B, 0xDB, 0x26, 0x9B, 0xF9,
  0xEC, 0xE6, 0x0E, 0x0F, 0x6A, 0xBD, 0xDA, 0x02, 0xE0, 0x57, 0xCB, 0xC1, 0x26, 0x59, 0xC4, 0xBB, 0xF9, 0xFB, 0x64, 0x38,
  0x07, 0x40, 0xC6, 0xFC, 0x48, 0x7C, 0x4B, 0x44, 0xC9, 0xC1, 0x38, 0x99, 0xAD, 0x36, 0xC9, 0x5E, 0x42, 0xF8, 0xE0, 0xE4,
  0x64, 0xA8, 0xEB, 0xCE, 0xE6, 0x1F, 0xB1, 0x88, 0xF3, 0x25, 0x80, 0x05, 0xD3, 0xFB, 0x53, 0x6D, 0xBE, 0x9C, 0x26, 0x1F,
  0x07, 0xB5, 0x06, 0x4A, 0xCC, 0x69, 0xA0, 0xB5, 0xE4, 0x3D, 0xAA, 0x6C, 0x07, 0xCB, 0xD5, 0x32, 0x19, 0xAE, 0xD6, 0xF1,
  0x64, 0xBE, 0xBB, 0x1E, 0xD4, 0xA3, 0xC8, 0x98, 0x79, 0x6D, 0x7E, 0x09, 0x18, 0x1F, 0xD0, 0xBE, 0xC5, 0x1B, 0x2C, 0x7D,
  0x3C, 0x9D, 0xA3, 0x4A, 0x99, 0xD7, 0x13, 0x8B, 0x54, 0x6D, 0x34, 0xF1, 0x7F, 0xBF, 0x5D, 0xAD, 0x37, 0xC2, 0x4A, 0xD0,
  0x58, 0x7F, 0xAC, 0xEE, 0x36, 0x98, 0xCA, 0x3A, 0xDE, 0xA0, 0x14, 0xFD, 0xAE, 0x54, 0xDD, 0xAA, 0xFD, 0x70, 0x9A, 0x9C,
  0x57, 0x8B, 0x37, 0x60, 0x0E, 0x06, 0x20, 0x9E, 0x0C, 0x5A, 0x6A, 0x57, 0x87, 0x97, 0xF1, 0xF6, 0x5D, 0xCE, 0x00, 0x45,
  0x2F, 0x66, 0x5B, 0xE1, 0xD7, 0xD5, 0xBB, 0x61, 0x18, 0x06, 0x51, 0x5B, 0x7E, 0xA1, 0x3D, 0xAE, 0xC8, 0x45, 0x8C, 0x67,
  0x58, 0x8E, 0xDB, 0xAC, 0x61, 0xE4, 0x5D, 0x43, 0x03, 0x62, 0x68, 0x20, 0xC0, 0x57, 0x7A, 0x40, 0xC9, 0x62, 0x31, 0x5F,
  0x6F, 0x93, 0x20, 0xDE, 0x05, 0xDD, 0xDE, 0xD7, 0x41, 0xE7, 0x6B, 0xB1, 0x04, 0x9D, 0xB0, 0xDA, 0x6B, 0x55, 0x1B, 0xF8,
  0x53, 0x6F, 0x74, 0x2B, 0xD6, 0x80, 0x9B, 0xAD, 0xAF, 0x2B, 0xD5, 0x03, 0xCD, 0xB4, 0x5A, 0x5F, 0x07, 0xAD, 0x48, 0xB5,
  0xD3, 0xAF, 0xB6, 0x7A, 0xD5, 0x46, 0xD4, 0xAB, 0xD6, 0xC3, 0x6E, 0xDB, 0x69, 0xA8, 0xC3, 0xF3, 0xBC, 0xDA, 0xED, 0x56,
  0x4B, 0x20, 0xD2, 0xF5, 0xD5, 0x6E, 0x4F, 0x30, 0x3B, 0x98, 0x2F, 0x2F, 0x00, 0x71, 0xBB, 0x9B, 0x3B, 0xF5, 0xED, 0x05,
  0xDA, 0xDD, 0xDB, 0xF0, 0xFF, 0xFE, 0x62, 0x38, 0x9D, 0x6F, 0xD7, 0x8B, 0xF8, 0x7A, 0x70, 0xBE, 0x99, 0x4F, 0x87, 0xF4,
  0x01, 0x88, 0xBF, 0x5C, 0x13, 0xEC, 0x11, 0xAE, 0xBD, 0xBA, 0x5C, 0x6E, 0x07, 0x51, 0x33, 0xC2, 0x6E, 0xA0, 0xE6, 0x65,
  0xFC, 0x11, 0x07, 0xAC, 0x31, 0xDB, 0x54, 0xA8, 0xBD, 0xF9, 0x34, 0x19, 0xC7, 0x9B, 0x14, 0x8A, 0xB7, 0xBB, 0xF9, 0xE4,
  0xDD, 0xF5, 0x70, 0xB7, 0x5A, 0x63, 0x11, 0xAD, 0x3E, 0xD6, 0xF1, 0x74, 0x4A, 0x68, 0x2B, 0x6A, 0xA1, 0x9D, 0x46, 0x87,
  0x3E, 0x68, 0x6B, 0x55, 0xD7, 0xB3, 0x45, 0xF2, 0x71, 0x48, 0x1F, 0x40, 0x02, 0x9B, 0x64, 0xC2, 0x8D, 0x89, 0xBE, 0x87,
  0xE7, 0xF1, 0x7A, 0x10, 0x51, 0x59, 0x73, 0xD5, 0x69, 0x2D, 0xBA, 0xD5, 0x46, 0xAB, 0x4A, 0x2B, 0xD1, 0x6F, 0x01, 0x7A,
  0x04, 0x3A, 0xDC, 0x88, 0x2E, 0xD1, 0x3C, 0x0E, 0xCF, 0x7C, 0x1A, 0x88, 0x03, 0x4C, 0x50, 0x53, 0xD1, 0x9B, 0xDA, 0xC6,
  0xC8, 0xC7, 0x58, 0xB7, 0xE9, 0xDE, 0xEA, 0x3D, 0x06, 0x4E, 0x5E, 0xD6, 0xE6, 0x98, 0xFA, 0x76, 0x30, 0x49, 0x68, 0xCF,
  0xB9, 0xEB, 0x06, 0x26, 0x9E, 0x8E, 0x1E, 0x0D, 0x77, 0xF1, 0x7F, 0xD4, 0xA0, 0xF1, 0x28, 0x0C, 0x8C, 0x05, 0xBF, 0xCC,
  0xE9, 0x93, 0x91, 0xC6, 0x07, 0xB1, 0x10, 0xBD, 0x30, 0x44, 0xCF, 0x8B, 0xD5, 0xF9, 0x6A, 0xCF, 0xC4, 0x6E, 0xD0, 0xC4,
  0x5A, 0xA8, 0x55, 0xE2, 0xEF, 0xA2, 0x45, 0xA3, 0xA9, 0xBB, 0xAD, 0x71, 0xA7, 0x1B, 0xB7, 0xCC, 0xA9, 0xDF, 0x6D, 0x84,
  0x40, 0xCB, 0x1D, 0x7B, 0xD3, 0xF0, 0x0D, 0x24, 0xD4, 0x1A, 0xBB, 0x40, 0x60, 0x77, 0xE3, 0xFE, 0x78, 0x32, 0x6B, 0xCB,
  0x7E, 0x83, 0xED, 0xFB, 0x73, 0xD9, 0x77, 0xA3, 0x9F, 0xF6, 0xCD, 0xDF, 0x67, 0xF3, 0xC5, 0x42, 0x40, 0xF7, 0x76, 0xB7,
  0x59, 0xBD, 0x4B, 0x06, 0x93, 0xAB, 0x0D, 0x81, 0x15, 0x53, 0x57, 0xF9, 0xAC, 0x26, 0xEB, 0xD6, 0x7B, 0x6A, 0x09, 0x9F,
  0xAC, 0xD6, 0xD7, 0xFB, 0x82, 0x9B, 0xD8, 0x5C, 0x7F, 0xBC, 0x49, 0x6B, 0x05, 0xD4, 0xE4, 0xF2, 0x9C, 0x41, 0x54, 0x1C,
  0xF8, 0x06, 0x0A, 0x0C, 0x17, 0xC9, 0x8E, 0x4E, 0xDB, 0x96, 0xB0, 0x14, 0x16, 0xBC, 0xDE, 0x68, 0x25, 0x97, 0x56, 0xAD,
  0xCB, 0x18, 0x20, 0xCC, 0x70, 0x8D, 0x51, 0x07, 0x57, 0xF3, 0xDA, 0xE5, 0x6A, 0xB9, 0xA2, 0xE2, 0x49, 0xF5, 0xEC, 0xD9,
  0x4B, 0x7C, 0xAF, 0xBD, 0x4E, 0xCE, 0xAF, 0x16, 0xF1, 0xA6, 0x2A, 0x88, 0x7B, 0xBC, 0xAD, 0xEA, 0x12, 0x99, 0xD6, 0xC3,
  0x5E, 0x72, 0x69, 0xA1, 0x7A, 0x26, 0x6C, 0x04, 0xDA, 0xCB, 0xF8, 0x7D, 0xD1, 0x79, 0xB5, 0x69, 0x5E, 0x28, 0x1F, 0xC4,
  0x55, 0xFE, 0x23, 0x4E, 0xA0, 0x07, 0xB5, 0xCB, 0xD5, 0x63, 0x9A, 0xE3, 0xEE, 0xB4, 0x71, 0x90, 0x87, 0x44, 0x6F, 0x6A,
  0xD3, 0x64, 0x02, 0xBE, 0x83, 0x1B, 0xE0, 0x5D, 0x91, 0xFB, 0xD9, 0x1F, 0xC7, 0xFD, 0x49, 0xC3, 0x04, 0x08, 0xB3, 0xA6,
  0x82, 0xD3, 0x06, 0x35, 0x4C, 0x1F, 0xC3, 0x42, 0x20, 0x4E, 0x05, 0xB9, 0x53, 0x2E, 0x30, 0x58, 0x24, 0xB3, 0xDD, 0x10,
  0xDB, 0xBF, 0x45, 0x87, 0x12, 0xFD, 0x0D, 0x9D, 0x6D, 0xE2, 0x4E, 0xC5, 0xF4, 0xD2, 0xA1, 0x04, 0xF5, 0x46, 0x6F, 0x1B,
  0x24, 0xE0, 0x73, 0xAA, 0xF2, 0x6C, 0xF0, 0xA0, 0x8D, 0xC7, 0xEE, 0x6F, 0x6E, 0x06, 0x74, 0xED, 0x32, 0xA8, 0x47, 0xDB,
  0x60, 0x72, 0x35, 0x9E, 0x4F, 0x6A, 0xE3, 0xE4, 0x4F, 0xF3, 0x64, 0x53, 0xAE, 0x47, 0xD5, 0x3A, 0xCE, 0x76, 0x54, 0x6D,
  0xC8, 0xED, 0x08, 0xE2, 0xC1, 0xC5, 0xEA, 0x3D, 0xC8, 0xAE, 0xB1, 0xC8, 0xE2, 0xC9, 0xDE, 0x3C, 0x1E, 0x61, 0xD2, 0x88,
  0x9B, 0xE1, 0xD0, 0x1C, 0x00, 0xCE, 0xCC, 0x34, 0x9A, 0xB4, 0xBA, 0x59, 0xA2, 0x2E, 0x5B, 0xAE, 0xC7, 0x13, 0xDA, 0xA0,
  0x7D, 0xE6, 0x98, 0xB5, 0xD5, 0xB2, 0x27, 0xD3, 0x59, 0x04, 0xCE, 0xC7, 0x6E, 0x35, 0xEA, 0x37, 0x27, 0x9D, 0xD0, 0x6E,
  0xE3, 0x10, 0x9D, 0x8E, 0xC7, 0xD8, 0x6B, 0x00, 0xD8, 0x90, 0x16, 0x18, 0xF4, 0x99, 0xD6, 0x11, 0x98, 0x92, 0x71, 0x9B,
  0x40, 0x22, 0xF4, 0x55, 0x40, 0x49, 0x64, 0x23, 0xBC, 0xBB, 0xDD, 0x49, 0xBF, 0x97, 0xCC, 0x44, 0x5F, 0xCF, 0xD1, 0xB8,
  0x3A, 0xC6, 0x3D, 0x7B, 0xEB, 0xEC, 0xC3, 0xDF, 0x6F, 0xC4, 0xC4, 0x6E, 0x19, 0x7B, 0x47, 0xB0, 0x2A, 0xF0, 0xF6, 0x63,
  0xEE, 0x51, 0x72, 0x45, 0x35, 0x1A, 0x47, 0x7C, 0xB5, 0x5B, 0xA9, 0x19, 0xD2, 0x6F, 0x3F, 0x46, 0x93, 0x20, 0x26, 0x4A,
  0x30, 0xE8, 0x53, 0x6B, 0xDF, 0x01, 0x4A, 0xF6, 0x0A, 0xFA, 0xDA, 0x04, 0x7C, 0xA1, 0xC4, 0xF3, 0x9E, 0xE3, 0x65, 0x0E,
  0x88, 0x16, 0x81, 0x1A, 0xD6, 0x14, 0xA9, 0xDE, 0x69, 0xA7, 0x4D, 0xBE, 0x88, 0xC7, 0xC9, 0x42, 0x9F, 0xC3, 0x31, 0xF8,
  0xF1, 0x77, 0x43, 0x39, 0x62, 0xB9, 0x62, 0x5D, 0xDD, 0xC3, 0xDD, 0x4E, 0x1B, 0xEC, 0x64, 0x67, 0xF8, 0x73, 0xE1, 0x86,
  0x46, 0x04, 0xDC, 0xC0, 0x4B, 0xAB, 0xA1, 0x74, 0x70, 0xB5, 0x5E, 0x27, 0x9B, 0x09, 0x20, 0x37, 0x1D, 0xA2, 0xC2, 0x63,
  0xF6, 0x20, 0xE5, 0x90, 0x26, 0xAD, 0x69, 0x98, 0xF4, 0xDC, 0xF9, 0x9A, 0x44, 0xA1, 0x03, 0xA2, 0x60, 0xB4, 0xC5, 0xD8,
  0xCD, 0x3B, 0x5F, 0x5A, 0xEF, 0xA6, 0xB3, 0x9C, 0xCC, 0x76, 0x5B, 0xCB, 0x19, 0xF2, 0xFE, 0x5E, 0xE2, 0xF9, 0xDE, 0xC0,
  0x36, 0x20, 0xDA, 0x0A, 0x75, 0xA3, 0x3F, 0xE6, 0xA8, 0x04, 0x2F, 0x1C, 0xF0, 0x9E, 0xAB, 0x7D, 0x63, 0x1A, 0x3F, 0x59,
  0xC4, 0x97, 0xEB, 0x72, 0x84, 0xAF, 0xD5, 0xD6, 0xFB, 0x0F, 0xD5, 0x0E, 0xBE, 0x54, 0x82, 0x36, 0x6D, 0x24, 0xF1, 0x0D,
  0xA2, 0x15, 0x82, 0x79, 0x8C, 0x87, 0xF6, 0x2D, 0x9F, 0x86, 0x32, 0xC2, 0x4C, 0x96, 0xD3, 0xE1, 0x1F, 0xAF, 0xC0, 0x16,
  0xCC, 0xAE, 0x6B, 0xEA, 0x48, 0xF0, 0x72, 0xE3, 0x98, 0xEF, 0x3E, 0x80, 0xC1, 0x17, 0xE4, 0x3D, 0x1D, 0x93, 0xDA, 0xD7,
  0xA8, 0x4B, 0xA0, 0x95, 0x5C, 0x27, 0xE3, 0xCD, 0xEA, 0x83, 0xC0, 0xF7, 0x0C, 0x52, 0xB7, 0xDC, 0xD4, 0xBC, 0xFD, 0xCB,
  0xEE, 0x76, 0x47, 0x53, 0x82, 0xBB, 0xBD, 0xA8, 0xDF, 0x9D, 0x74, 0xAC, 0x6D, 0xEA, 0x86, 0xA1, 0x33, 0xC0, 0x1E, 0xAF,
  0xF4, 0x1A, 0x4C, 0xE9, 0x1B, 0x92, 0x1D, 0x0D, 0x3A, 0x26, 0x56, 0xB0, 0xA9, 0x56, 0xB0, 0xD5, 0x21, 0xEE, 0xD6, 0x6C,
  0xAC, 0xDD, 0x09, 0xDD, 0xFE, 0x6B, 0xF5, 0xB0, 0xD5, 0xC6, 0x08, 0xB4, 0x90, 0x22, 0x87, 0x32, 0x0B, 0x67, 0x2D, 0xE0,
  0x1D, 0xFB, 0x84, 0x84, 0x1D, 0x3A, 0xC3, 0x57, 0x63, 0x16, 0x5A, 0xF7, 0x87, 0xCF, 0x57, 0x33, 0x5D, 0x59, 0x3E, 0xB1,
  0x61, 0xE6, 0xBC, 0xB5, 0x99, 0x1F, 0xBA, 0x9A, 0x2F, 0xA6, 0x2F, 0x21, 0x30, 0xEA, 0xFD, 0x9C, 0x2F, 0xB9, 0x18, 0x6F,
  0xAB, 0xD9, 0x40, 0xC3, 0x60, 0x87, 0x5A, 0x82, 0x1D, 0xF2, 0xF0, 0x2D, 0xD1, 0xB8, 0x39, 0x6E, 0x4F, 0xF4, 0x82, 0x76,
  0xFB, 0xD3, 0xC9, 0xEC, 0x67, 0x3B, 0x99, 0x61, 0xF7, 0xD0, 0xC9, 0xC4, 0xA6, 0x6C, 0x20, 0x2C, 0x6C, 0xAE, 0x1F, 0xC7,
  0xD3, 0x73, 0xE0, 0xF4, 0xEC, 0xD8, 0xE2, 0xE6, 0xB4, 0xD3, 0xD2, 0x93, 0xE8, 0x2B, 0x52, 0xA9, 0x38, 0xA6, 0xEE, 0xB8,
  0x9F, 0x74, 0x87, 0x9F, 0x0D, 0x72, 0x5E, 0x1E, 0x23, 0x17, 0x0E, 0x3F, 0x5C, 0xE0, 0xB4, 0x70, 0xE1, 0x04, 0x74, 0xFE,
  0xC3, 0x26, 0x5E, 0x67, 0xF8, 0x5C, 0xE2, 0x72, 0x3B, 0xD5, 0x56, 0xBF, 0x0A, 0xD4, 0x48, 0x14, 0x0B, 0xDC, 0xFC, 0x6A,
  0x0F, 0xF1, 0x77, 0xBD, 0xDA, 0xD5, 0x3E, 0x0E, 0x7A, 0xD1, 0xD7, 0x43, 0xF9, 0xE3, 0x1A, 0x7C, 0xF2, 0xD7, 0xC3, 0x2C,
  0xDF, 0x41, 0x34, 0x72, 0xB6, 0x80, 0xA8, 0x7C, 0x31, 0x9F, 0x4E, 0x71, 0xE4, 0x0A, 0xF0, 0xFB, 0x92, 0xD3, 0x6F, 0xF4,
  0xB1, 0x00, 0xD5, 0x7A, 0xB7, 0x07, 0x7E, 0x5F, 0x71, 0xFF, 0x51, 0x87, 0x9E, 0x91, 0x04, 0x20, 0xB0, 0x07, 0x1D, 0x60,
  0x01, 0xF2, 0x44, 0x8C, 0xAA, 0x51, 0x9D, 0x80, 0xBE, 0xD9, 0x23, 0xA0, 0xF7, 0xF0, 0x1B, 0xF6, 0x21, 0x62, 0xF2, 0xA5,
  0x99, 0xEB, 0x50, 0xA3, 0x9F, 0x46, 0x8B, 0xBA, 0xA8, 0xB7, 0xD1, 0x12, 0x61, 0xA2, 0x8A, 0x07, 0xC2, 0x9A, 0x8D, 0x56,
  0xB3, 0x63, 0x8A, 0xB0, 0x83, 0x43, 0x12, 0x68, 0xB3, 0x1A, 0xB5, 0xAA, 0xAD, 0x16, 0x64, 0x85, 0x8A, 0x78, 0x02, 0x21,
  0xAA, 0x53, 0x6D, 0x36, 0x30, 0xB7, 0x8A, 0x5A, 0xD3, 0x03, 0xD2, 0xA1, 0xA6, 0xDC, 0xAE, 0x80, 0x18, 0x7E, 0xAE, 0x7C,
  0xC8, 0xAB, 0x18, 0x34, 0xDA, 0xF4, 0x09, 0x21, 0x4F, 0x1C, 0x5F, 0xB1, 0xA5, 0x15, 0xF3, 0xD7, 0xB5, 0x1C, 0x6F, 0xB7,
  0x5D, 0xED, 0xF7, 0xAB, 0x8D, 0x2E, 0xA6, 0xD0, 0x68, 0xDA, 0x72, 0x5F, 0x17, 0x72, 0x9F, 0xC9, 0x90, 0x49, 0x09, 0x9F,
  0x59, 0xAA, 0x44, 0x9C, 0x88, 0xAD, 0xD0, 0x61, 0x3D, 0xC7, 0xEE, 0x03, 0x69, 0x5C, 0x57, 0x79, 0xBE, 0xA7, 0xF5, 0xAB,
  0x2D, 0x1E, 0x8A, 0x1F, 0x8F, 0x98, 0xAD, 0xF5, 0x30, 0xAD, 0x6A, 0xA6, 0x8D, 0xB4, 0x99, 0x14, 0xE1, 0xB1, 0x74, 0xF4,
  0xA0, 0x51, 0x6F, 0xB5, 0x6F, 0x7B, 0x4A, 0x14, 0x81, 0x6C, 0x4F, 0x1B, 0x20, 0x90, 0x19, 0x6C, 0xDC, 0x38, 0x7C, 0xC2,
  0xE5, 0x40, 0xCE, 0xAE, 0xC6, 0xA6, 0xFC, 0x10, 0xF9, 0xB9, 0x0D, 0x03, 0x7B, 0x75, 0x33, 0xD8, 0xAF, 0x45, 0xD8, 0x8F,
  0xD7, 0x21, 0x55, 0x10, 0x79, 0x29, 0x27, 0x6D, 0xEC, 0x8D, 0x28, 0xF9, 0x1A, 0x14, 0xC9, 0x22, 0x7B, 0xC7, 0x29, 0x1C,
  0x8F, 0xCD, 0x14, 0xBC, 0x7B, 0x92, 0x0F, 0x60, 0x14, 0x43, 0x2B, 0xF8, 0x99, 0x0B, 0xD8, 0xEF, 0xC6, 0x9D, 0x89, 0x9F,
  0x36, 0x91, 0x64, 0x2E, 0xBB, 0x6B, 0x39, 0xDC, 0x24, 0x94, 0x6C, 0xAD, 0xE6, 0xD8, 0x45, 0x0C, 0x37, 0x75, 0x12, 0x02,
  0xF7, 0xA6, 0x6E, 0x4C, 0xD2, 0xFB, 0xE3, 0xC7, 0xEC, 0x6E, 0xAB, 0xDF, 0xE9, 0x4D, 0x3A, 0xD5, 0xBB, 0xFD, 0x28, 0xEE,
  0xD3, 0xAA, 0x1B, 0x00, 0xC9, 0x8D, 0x04, 0xC0, 0x5E, 0x19, 0x16, 0x1F, 0x3C, 0x3E, 0x00, 0xBB, 0x1E, 0xB5, 0xC1, 0xE5,
  0x57, 0x4D, 0x41, 0x42, 0x81, 0x2E, 0xC3, 0x66, 0x7D, 0x35, 0x9B, 0x51, 0xAF, 0x81, 0x18, 0x9F, 0x39, 0x91, 0x76, 0xD4,
  0x89, 0xBA, 0x33, 0x79, 0x80, 0x25, 0x0C, 0x5B, 0x5B, 0x43, 0x8B, 0xDF, 0xB3, 0x98, 0x17, 0xDA, 0x52, 0xB9, 0x51, 0x42,
  0xA8, 0x23, 0xA4, 0x3B, 0x60, 0xCC, 0xEB, 0xEE, 0xA3, 0x62, 0x61, 0x6E, 0x8C, 0xE6, 0x83, 0xBB, 0x57, 0xEB, 0xC5, 0x2A,
  0x9E, 0x3E, 0x16, 0x52, 0x9E, 0x23, 0x26, 0xE5, 0x9F, 0x9F, 0xA6, 0x8B, 0x29, 0x08, 0x79, 0xE6, 0x37, 0x3C, 0x90, 0x22,
  0x49, 0x0A, 0xFF, 0xAC, 0x12, 0x2F, 0xD7, 0xFB, 0x5D, 0xC2, 0x57, 0xE3, 0xDD, 0xD2, 0xD4, 0xE3, 0x34, 0x7B, 0xF9, 0xDA,
  0x83, 0xA9, 0x4D, 0xE9, 0x9A, 0x2E, 0x28, 0xC4, 0xD1, 0xB8, 0x1D, 0x69, 0x39, 0xA7, 0x0D, 0x49, 0xC7, 0x92, 0x18, 0x22,
  0x97, 0x61, 0x6D, 0x87, 0xAE, 0x6C, 0x68, 0x6C, 0x75, 0x31, 0x81, 0xCE, 0xDA, 0xEA, 0x46, 0xC7, 0x2F, 0x33, 0x76, 0x1C,
  0x99, 0xB1, 0xA3, 0xB1, 0x19, 0x26, 0x2F, 0x05, 0xBF, 0x74, 0x75, 0xF8, 0x1B, 0x91, 0xB0, 0xDF, 0x95, 0x6B, 0x8E, 0x3A,
  0x11, 0x82, 0x5A, 0xD4, 0xEC, 0x75, 0xDA, 0x8E, 0xF4, 0xD6, 0x99, 0xF4, 0xBA, 0x93, 0xF8, 0x86, 0x5B, 0xCB, 0x2C, 0xB6,
  0xD1, 0x1C, 0xB5, 0x16, 0xA8, 0xC5, 0xEF, 0xD8, 0x0D, 0x37, 0x5A, 0x51, 0xB3, 0xD5, 0x12, 0x6D, 0xCC, 0xA0, 0xF1, 0xDF,
  0xD6, 0xDE, 0xCF, 0xB7, 0xF3, 0xF1, 0x22, 0xA9, 0x4A, 0x89, 0xD5, 0xF3, 0x50, 0x4A, 0xAE, 0xF6, 0x1B, 0x56, 0xD7, 0xB9,
  0xA5, 0x3F, 0x66, 0x9A, 0xDD, 0xAF, 0xAE, 0x76, 0xAC, 0x5B, 0x8F, 0xD2, 0x4D, 0x86, 0x90, 0xD7, 0x9B, 0x85, 0x43, 0xF9,
  0xA6, 0x86, 0xB3, 0x42, 0x24, 0x2A, 0x12, 0x28, 0x60, 0xB7, 0xAC, 0x6F, 0xA1, 0x48, 0x58, 0xC2, 0x16, 0x70, 0xBD, 0x77,
  0xA4, 0x57, 0x62, 0xD1, 0xFA, 0xD6, 0x74, 0xA4, 0x09, 0x40, 0x16, 0x18, 0x77, 0x26, 0xD1, 0xB4, 0x37, 0x64, 0x9B, 0x83,
  0x50, 0xB5, 0x0B, 0x1C, 0x68, 0x35, 0xAA, 0x24, 0x70, 0xAB, 0xE9, 0x56, 0xDC, 0x9E, 0xF5, 0x7A, 0xF6, 0x4A, 0x45, 0x8D,
  0x19, 0xB4, 0x56, 0x0A, 0xCC, 0x5A, 0xC9, 0x78, 0x36, 0x96, 0x03, 0x9C, 0xC6, 0xCB, 0xF3, 0x4C, 0x13, 0x9D, 0x69, 0xAB,
  0x01, 0xDB, 0x81, 0xB5, 0x8B, 0x93, 0xC6, 0x38, 0xEA, 0xEA, 0x26, 0x9A, 0x71, 0x27, 0x16, 0xDB, 0x27, 0x5B, 0xF0, 0x28,
  0x03, 0x9A, 0xFD, 0x28, 0x8C, 0x26, 0xCE, 0xC6, 0xF7, 0x27, 0xED, 0x76, 0xA7, 0x21, 0xE7, 0xC1, 0x02, 0x97, 0x79, 0x92,
  0x4C, 0xFE, 0xB6, 0x23, 0xF9, 0x5B, 0x5B, 0xC0, 0xF2, 0xF0, 0x6C, 0x98, 0xC9, 0x24, 0xDE, 0x4C, 0xF7, 0x2E, 0xEB, 0x26,
  0xB8, 0x0C, 0x28, 0x7D, 0x7B, 0x91, 0x87, 0x87, 0x31, 0xC5, 0x6A, 0x17, 0x15, 0x8B, 0x06, 0xBF, 0x83, 0x75, 0x4D, 0x8B,
  0xD5, 0x8D, 0xB6, 0x56, 0x9D, 0x36, 0x0B, 0xAA, 0x1F, 0x33, 0xAC, 0x24, 0xF8, 0xA0, 0x66, 0xB5, 0x45, 0x6C, 0x4F, 0xAB,
  0xC2, 0x42, 0xDC, 0x6A, 0x41, 0x64, 0xC2, 0x8B, 0x32, 0x3D, 0xDC, 0x9B, 0x8D, 0x2F, 0x21, 0xB8, 0x82, 0x12, 0x4C, 0x2E,
  0x7E, 0xC4, 0x77, 0x0F, 0xE7, 0x40, 0x85, 0x07, 0x0D, 0x03, 0xF3, 0x32, 0x37, 0x69, 0x56, 0x0A, 0x84, 0x96, 0xDA, 0xA4,
  0xB7, 0x47, 0x71, 0x5A, 0xD4, 0x69, 0x76, 0xDA, 0xCD, 0x0C, 0xF7, 0x1E, 0xD0, 0x97, 0xA6, 0x4B, 0xE7, 0xC2, 0x5E, 0x38,
  0x6B, 0x24, 0xEA, 0x6C, 0x98, 0x8A, 0xB4, 0x8C, 0x65, 0x47, 0x63, 0xBB, 0xEC, 0x00, 0xC5, 0x19, 0x74, 0x01, 0xB4, 0xD9,
  0x9D, 0x8E, 0x27, 0xE6, 0xE9, 0x08, 0x03, 0xFA, 0x37, 0x52, 0x66, 0xA8, 0x3E, 0xD4, 0xE4, 0x0D, 0xB0, 0x6C, 0x7D, 0xAC,
  0x76, 0xA3, 0x53, 0xF1, 0x34, 0x3B, 0x60, 0xB5, 0xED, 0xC5, 0x6A, 0x31, 0x65, 0xB6, 0x53, 0x34, 0xDB, 0xEA, 0x46, 0xBD,
  0x58, 0x15, 0x66, 0x4D, 0x4F, 0x8E, 0xFE, 0xA8, 0xA1, 0xF4, 0x47, 0x0C, 0x93, 0xB2, 0x7A, 0xB7, 0xD7, 0x1B, 0x8F, 0xDB,
  0x1E, 0x8D, 0xCF, 0x2E, 0xDE, 0x5D, 0x6D, 0x5F, 0x98, 0x02, 0xBB, 0x29, 0xE0, 0xE5, 0x28, 0x06, 0x7B, 0xEB, 0xAC, 0xEC,
  0xA7, 0x44, 0xBA, 0x59, 0x7F, 0x36, 0x1E, 0x7F, 0xB6, 0x94, 0x74, 0x63, 0x8C, 0xC8, 0xA3, 0x32, 0x13, 0x10, 0xD1, 0x49,
  0x55, 0xD4, 0x1D, 0x57, 0x1D, 0xD6, 0x8B, 0x93, 0x7E, 0x3F, 0xBB, 0xFA, 0x4D, 0xB5, 0xFA, 0x8D, 0x28, 0x64, 0x6E, 0xB9,
  0xD1, 0x6E, 0xB2, 0xCD, 0x89, 0x15, 0xD6, 0x38, 0x4D, 0x93, 0xCD, 0xD5, 0xE5, 0x78, 0x6B, 0x9E, 0xF8, 0x56, 0x68, 0x9C,
  0x78, 0x02, 0x00, 0xA1, 0xB6, 0xFA, 0xAC, 0xE3, 0x45, 0x36, 0xAE, 0x6A, 0xB3, 0xCD, 0xC7, 0xEB, 0xF3, 0x25, 0xC8, 0x54,
  0x6A, 0x6E, 0x83, 0x7A, 0x2B, 0xCC, 0x20, 0xCE, 0x5D, 0xBC, 0xBC, 0xFE, 0x00, 0x9E, 0x81, 0xC8, 0x20, 0x4F, 0x65, 0x6F,
  0xE8, 0xF9, 0x93, 0xBE, 0x57, 0x6B, 0x9B, 0x12, 0xEE, 0x1B, 0x51, 0x47, 0x22, 0x4A, 0x59, 0x73, 0xDA, 0x4B, 0x48, 0xB5,
  0xE9, 0x2A, 0x9D, 0x31, 0xA9, 0x64, 0x43, 0xD3, 0x14, 0x6F, 0xF4, 0x4F, 0x45, 0x60, 0x9A, 0xE2, 0xA4, 0xAC, 0x35, 0xDB,
  0x1C, 0xF4, 0x52, 0xE8, 0x68, 0x37, 0x3A, 0x0D, 0x66, 0xCB, 0xA6, 0x9B, 0xD5, 0xFA, 0x4F, 0x2B, 0x03, 0xEA, 0xF8, 0x08,
  0xCA, 0x2A, 0x84, 0xC6, 0x02, 0xC6, 0x6A, 0xA1, 0x79, 0xD0, 0xA7, 0x31, 0xEC, 0x54, 0x38, 0xE9, 0x68, 0x04, 0x92, 0xB8,
  0x6B, 0xFB, 0x98, 0x34, 0x9B, 0x96, 0xC4, 0x98, 0xAF, 0xFD, 0x1C, 0x83, 0x60, 0x4C, 0x67, 0x99, 0xD3, 0xAD, 0x86, 0x04,
  0x6B, 0x98, 0xC1, 0xC7, 0xB3, 0xAE, 0xCD, 0x78, 0x39, 0x85, 0x7C, 0x61, 0xEB, 0x83, 0xC1, 0x68, 0xB6, 0x62, 0x87, 0x94,
  0xF4, 0x26, 0x71, 0x27, 0x21, 0x63, 0xC8, 0x2E, 0x06, 0x75, 0x26, 0x6C, 0x5D, 0x25, 0x1E, 0xD5, 0x92, 0x10, 0x8A, 0x4A,
  0xD9, 0x2C, 0x51, 0x77, 0x49, 0xA5, 0xD2, 0x23, 0xCB, 0x67, 0x93, 0x64, 0x60, 0x21, 0x3B, 0x84, 0x7E, 0x64, 0xAC, 0x61,
  0x56, 0xA9, 0x5A, 0xCD, 0x71, 0x68, 0x7C, 0xD2, 0xE9, 0x76, 0xFB, 0xD1, 0x67, 0xAB, 0x5E, 0x8A, 0xEB, 0xCF, 0x48, 0x5B,
  0x6A, 0xA1, 0xDE, 0x3E, 0xFC, 0x07, 0x08, 0x04, 0xD4, 0x7A, 0x18, 0x47, 0xAE, 0x9D, 0xA2, 0x76, 0x47, 0xD3, 0xCC, 0xC7,
  0x08, 0x07, 0xA8, 0x1D, 0x56, 0xBB, 0x1D, 0x1C, 0xA3, 0xA8, 0x72, 0xD4, 0xD4, 0x60, 0xB2, 0x9C, 0xAD, 0x03, 0x46, 0x04,
  0x35, 0x90, 0x2C, 0x9B, 0x70, 0x40, 0x71, 0x40, 0x43, 0x69, 0x55, 0x09, 0x85, 0x37, 0x7B, 0x52, 0x12, 0xA7, 0x13, 0x1E,
  0x55, 0xDB, 0x38, 0xE4, 0xAD, 0xA8, 0x22, 0x87, 0xE7, 0x65, 0x41, 0x75, 0x8F, 0x75, 0xA8, 0x30, 0x9F, 0xD2, 0x96, 0xED,
  0xE3, 0x25, 0x34, 0x53, 0x82, 0x4A, 0xE2, 0x40, 0xF3, 0x36, 0x06, 0x68, 0x39, 0x7F, 0xD4, 0x12, 0xDD, 0x50, 0xE9, 0x29,
  0xE8, 0xEA, 0x75, 0x35, 0xBC, 0xDC, 0x56, 0x02, 0x20, 0xA5, 0x0B, 0xB9, 0xB2, 0x2F, 0x49, 0xD5, 0x5B, 0xD8, 0xC8, 0x63,
  0xAA, 0x70, 0xB9, 0xBA, 0x61, 0x4A, 0x68, 0x86, 0x86, 0x35, 0x32, 0xCC, 0xA3, 0xBD, 0x93, 0x4E, 0xFF, 0xA8, 0xE9, 0x31,
  0x63, 0x46, 0xE9, 0x19, 0x06, 0x89, 0x7E, 0x32, 0x31, 0x8F, 0x24, 0x01, 0x39, 0x33, 0x0A, 0x84, 0xBD, 0x85, 0x48, 0xA4,
  0xC6, 0x55, 0x9F, 0x31, 0x65, 0xE4, 0x21, 0x3A, 0xFC, 0x65, 0x04, 0x47, 0x92, 0x71, 0x56, 0xA2, 0x9D, 0x18, 0x3A, 0xBC,
  0xEE, 0xB4, 0x2F, 0x97, 0xE8, 0x7B, 0xF8, 0x0E, 0xED, 0x0F, 0x48, 0x34, 0xED, 0x6E, 0x98, 0x51, 0x91, 0x31, 0xDC, 0xEB,
  0x87, 0x42, 0x69, 0x33, 0xDF, 0xFA, 0xB4, 0x75, 0x0A, 0x8B, 0x4E, 0x92, 0xF6, 0xAC, 0x7B, 0xA3, 0x3B, 0x94, 0x83, 0x77,
  0xE4, 0xC3, 0xCC, 0x7B, 0x1B, 0x15, 0xC7, 0x93, 0x49, 0x38, 0x23, 0x74, 0x42, 0x3E, 0x4F, 0xFB, 0x2F, 0xA6, 0x1F, 0xED,
  0x7E, 0x33, 0x9E, 0xA0, 0xB5, 0x98, 0xE5, 0xCB, 0xC7, 0x06, 0x9F, 0x47, 0x3B, 0x17, 0x7C, 0x35, 0xBF, 0x24, 0x87, 0xAC,
  0x18, 0x72, 0xB0, 0x1F, 0x3D, 0xF5, 0xD9, 0xDC, 0x4D, 0xF6, 0x6E, 0x3A, 0xB0, 0x41, 0x87, 0xF0, 0x87, 0x59, 0x09, 0x50,
  0xD5, 0xB1, 0x1F, 0x65, 0x61, 0xCF, 0x7C, 0xEB, 0x8A, 0xD7, 0x90, 0xAC, 0xCD, 0xD7, 0x29, 0x1B, 0x68, 0x3E, 0x4D, 0x41,
  0x96, 0x31, 0xA2, 0x55, 0x21, 0xB3, 0x1B, 0xE6, 0x5B, 0xBD, 0x7B, 0x52, 0x76, 0x32, 0xDE, 0x99, 0x6B, 0x12, 0xB0, 0x2C,
  0x7D, 0xAC, 0xEF, 0xD0, 0x7A, 0xAC, 0x28, 0x9E, 0xF1, 0x2C, 0x43, 0x85, 0xCC, 0x97, 0xB6, 0xCA, 0xA9, 0xD1, 0xB6, 0x87,
  0x82, 0x65, 0xDF, 0x5D, 0xA7, 0xC6, 0xB3, 0x9E, 0xF2, 0x8D, 0xC8, 0x34, 0x79, 0x23, 0x8A, 0xF2, 0x81, 0x70, 0xF4, 0xA8,
  0x36, 0x0B, 0x98, 0x8C, 0xA7, 0xC6, 0x19, 0x93, 0xA6, 0x14, 0xAA, 0xEA, 0x9A, 0x2A, 0x58, 0x90, 0xC8, 0x48, 0xF7, 0x12,
  0xA2, 0x5B, 0xD3, 0x64, 0x16, 0xC9, 0x8A, 0x8E, 0xA6, 0xAD, 0x71, 0x54, 0xD3, 0x26, 0xC9, 0xD1, 0x2A, 0xDE, 0xEE, 0xF6,
  0x8E, 0x93, 0x8D, 0xF0, 0xD1, 0x88, 0xC2, 0xD4, 0xEC, 0xC9, 0xDF, 0x95, 0xA2, 0xA4, 0x1F, 0x1A, 0x5A, 0x37, 0xEC, 0x40,
  0xB9, 0x45, 0x1C, 0x5A, 0x15, 0x02, 0xF8, 0x84, 0x3C, 0x89, 0xDE, 0x7F, 0x08, 0x6A, 0x01, 0x3D, 0xA9, 0x78, 0xB5, 0xC2,
  0x3D, 0xE8, 0xA1, 0x62, 0x9B, 0x10, 0x4D, 0x80, 0x1B, 0xC6, 0x5A, 0x6C, 0x14, 0x2E, 0x6C, 0x36, 0xBF, 0x27, 0x7C, 0x2F,
  0x34, 0x2B, 0x29, 0xD5, 0xAF, 0xFC, 0xC3, 0x95, 0x0E, 0xB4, 0xFF, 0x54, 0xE8, 0xC7, 0xFC, 0xAC, 0xF7, 0xF6, 0xE9, 0x84,
  0x0F, 0x28, 0x68, 0x8B, 0x9A, 0xC1, 0xC5, 0x72, 0x0A, 0xBE, 0x45, 0x0D, 0xA3, 0xE1, 0x1F, 0x46, 0xA8, 0x4B, 0x9F, 0xAF,
  0x56, 0x53, 0x17, 0x7D, 0x86, 0x9D, 0x7E, 0xBB, 0xA3, 0x0A, 0x8C, 0x63, 0xF7, 0x7D, 0xB7, 0xD5, 0x6A, 0xB6, 0xA6, 0x84,
  0x86, 0x56, 0x53, 0xF8, 0x3F, 0x62, 0x1D, 0x92, 0x7D, 0x8E, 0xA3, 0xD4, 0x31, 0xCA, 0xE3, 0x1E, 0x79, 0xF9, 0x98, 0x8F,
  0xE4, 0x7C, 0x41, 0x13, 0x90, 0x08, 0x37, 0x5D, 0xD6, 0x63, 0x0A, 0x75, 0xA2, 0xC1, 0x51, 0xB5, 0x43, 0xCE, 0x3F, 0xCC,
  0x1F, 0xD0, 0x3B, 0x62, 0xDB, 0x6A, 0x40, 0xAD, 0xA8, 0x07, 0x4E, 0xEE, 0x6A, 0x53, 0x6E, 0xD2, 0x36, 0x28, 0x88, 0x02,
  0x7E, 0xD7, 0xFB, 0xDD, 0xB3, 0x9D, 0x17, 0xD2, 0xAD, 0x68, 0xCB, 0xBD, 0x48, 0x87, 0x16, 0x84, 0xDB, 0x40, 0xB0, 0x06,
  0xFC, 0xFA, 0xC6, 0x58, 0x0E, 0xB1, 0x07, 0xC6, 0x2C, 0x24, 0x8E, 0x19, 0xA6, 0xDB, 0xE2, 0xD1, 0xF6, 0xDD, 0xA2, 0x63,
  0x2C, 0x3E, 0xBC, 0x4C, 0xE7, 0x2F, 0xA9, 0xC7, 0x7D, 0x7A, 0x14, 0xBA, 0x11, 0x73, 0x8A, 0xE4, 0xD1, 0xC6, 0x87, 0x44,
  0xE2, 0x94, 0x5E, 0x07, 0x1E, 0x56, 0x1A, 0xDF, 0x71, 0x57, 0x47, 0xC0, 0x94, 0xD8, 0xC5, 0x54, 0xAB, 0x05, 0x4F, 0xB2,
  0xB4, 0x58, 0x6D, 0x85, 0x03, 0x0A, 0xF4, 0x86, 0x53, 0x1C, 0x28, 0x82, 0x2E, 0x9D, 0xAB, 0xC0, 0x1F, 0x5D, 0x6D, 0xC5,
  0x1A, 0x3A, 0xAC, 0x5E, 0x44, 0xDE, 0x84, 0xD9, 0xD3, 0xD8, 0xC6, 0x69, 0x9C, 0xDA, 0x52, 0x1A, 0xB1, 0x16, 0x01, 0x31,
  0xBC, 0x96, 0xB3, 0x66, 0x3B, 0xCA, 0x31, 0x61, 0x78, 0x8E, 0x88, 0x9F, 0x5F, 0x6A, 0x2B, 0xD5, 0xA2, 0x39, 0xD6, 0x23,
  0x85, 0x2D, 0x10, 0xE7, 0x3D, 0x0D, 0x8C, 0x65, 0x3F, 0x7A, 0xC4, 0xE4, 0xFA, 0x35, 0x2A, 0xCE, 0x02, 0x09, 0xDD, 0x1B,
  0x35, 0xF4, 0x1D, 0x99, 0xEA, 0x2C, 0xFB, 0x56, 0xC4, 0x08, 0xA7, 0x6B, 0xAF, 0xA0, 0xCB, 0x80, 0x36, 0x1A, 0x42, 0xA7,
  0x4E, 0x1E, 0xBA, 0x50, 0xD6, 0xDC, 0x85, 0xE7, 0x6E, 0x3B, 0xEA, 0x55, 0x8A, 0xC8, 0xA4, 0x26, 0xE0, 0xB0, 0x1C, 0x70,
  0x0B, 0x43, 0x45, 0xC6, 0x7A, 0x0F, 0x19, 0x7D, 0xB3, 0xD3, 0xF6, 0x0B, 0x79, 0x00, 0x9E, 0x9A, 0x36, 0xF9, 0x5F, 0x54,
  0xA4, 0x68, 0x19, 0x26, 0xF9, 0x69, 0x1C, 0x4D, 0xC3, 0xAC, 0xEF, 0x87, 0x1C, 0x93, 0x4B, 0xD7, 0xA2, 0x0C, 0x8F, 0xE7,
  0x35, 0xB9, 0x37, 0xC9, 0xB7, 0x4C, 0x40, 0x00, 0xE8, 0x9B, 0x4D, 0xBD, 0x8E, 0xF8, 0xAD, 0x44, 0x7E, 0x3B, 0x3A, 0xAD,
  0xFD, 0x63, 0x76, 0xEC, 0x55, 0x08, 0xA7, 0xAB, 0x36, 0x3D, 0x62, 0xE5, 0x17, 0x15, 0x78, 0x22, 0x3D, 0xEB, 0x58, 0x63,
  0x78, 0x48, 0x29, 0xA8, 0x1B, 0xC9, 0xE8, 0xB5, 0xC6, 0xA4, 0xA8, 0x25, 0xF9, 0x9B, 0xD9, 0x98, 0x2F, 0xD9, 0x68, 0xD7,
  0xD5, 0x51, 0xC9, 0xE6, 0x34, 0xEE, 0x90, 0xB4, 0x6A, 0xBA, 0x97, 0x5B, 0x31, 0x0F, 0x71, 0xD2, 0x22, 0x76, 0xD8, 0x98,
  0xEE, 0x1B, 0xEC, 0xBB, 0xDF, 0x5A, 0x77, 0x37, 0x8E, 0xC7, 0xDD, 0xC9, 0xCC, 0xE3, 0x07, 0xE4, 0x54, 0x57, 0xBE, 0x36,
  0x29, 0x2D, 0x9F, 0xCE, 0x26, 0x72, 0xD5, 0xFF, 0xE2, 0x0A, 0xAE, 0xA7, 0x59, 0x45, 0x66, 0x47, 0xCA, 0x17, 0x86, 0x95,
  0xC7, 0xD1, 0x68, 0xDD, 0xD4, 0xD7, 0x73, 0xC3, 0xE9, 0xC6, 0x54, 0x8B, 0x99, 0x0E, 0x4D, 0x39, 0xDA, 0xC8, 0xA4, 0xD5,
  0x20, 0xCB, 0x82, 0x2D, 0xF1, 0x24, 0xA9, 0xC4, 0x13, 0x27, 0xE3, 0x24, 0x69, 0x7D, 0xAE, 0xFC, 0x2D, 0xE7, 0xF6, 0x3D,
  0xF6, 0x6D, 0xB5, 0x79, 0xF7, 0x62, 0x0E, 0x66, 0xCA, 0x56, 0x2B, 0x88, 0x19, 0xDE, 0xA8, 0x52, 0xA6, 0x2A, 0xB5, 0x80,
  0xFE, 0x01, 0x2A, 0x07, 0x61, 0xC3, 0x3F, 0x04, 0x10, 0xB9, 0x2A, 0x58, 0x07, 0x20, 0xDB, 0xD0, 0xCD, 0xDB, 0xFE, 0x87,
  0xBC, 0xC3, 0xB6, 0x42, 0x2A, 0xAB, 0x7C, 0x75, 0xFD, 0x0E, 0xF3, 0xC4, 0xFD, 0xC3, 0x56, 0x22, 0xBD, 0x02, 0x5E, 0x7B,
  0x44, 0x3B, 0x84, 0x26, 0x69, 0x9A, 0x95, 0x4B, 0x5B, 0xBA, 0x1A, 0x60, 0x7C, 0x01, 0x28, 0x4F, 0x32, 0xAC, 0x50, 0xA3,
  0x37, 0x9E, 0x8C, 0x3D, 0x36, 0x1F, 0x93, 0xA8, 0x31, 0x33, 0xC4, 0x8A, 0xDF, 0x30, 0x80, 0xD6, 0x2E, 0x6E, 0x24, 0x53,
  0xDD, 0xF0, 0x31, 0xE1, 0x93, 0xB5, 0x72, 0xB2, 0x2C, 0xC5, 0xB0, 0x98, 0x58, 0xA8, 0x95, 0x8F, 0x85, 0x3E, 0x4F, 0xE7,
  0xCA, 0xD8, 0x89, 0xBC, 0x62, 0x32, 0x16, 0xEC, 0x9C, 0xA3, 0x92, 0x6B, 0x10, 0x15, 0x70, 0xF9, 0x6C, 0x9E, 0x2C, 0xA6,
  0x5B, 0x5B, 0xB7, 0x47, 0x2D, 0xF5, 0x1D, 0xBD, 0xB1, 0xE9, 0x42, 0xDD, 0xF0, 0x3A, 0x3A, 0xE7, 0x68, 0x55, 0x35, 0xA2,
  0x4B, 0x7B, 0xB3, 0xD5, 0x76, 0x04, 0xD7, 0x24, 0x54, 0xE3, 0x8D, 0xF0, 0x15, 0xFC, 0x5C, 0xAA, 0xA4, 0xE8, 0x4C, 0xAB,
  0xDF, 0x42, 0x44, 0x4B, 0x71, 0x1A, 0x45, 0x14, 0x24, 0x1D, 0x9C, 0x34, 0x68, 0xE4, 0x6A, 0x97, 0x43, 0x75, 0x2C, 0x3C,
  0x87, 0x6A, 0xD2, 0x9C, 0xB6, 0x6D, 0x18, 0x0D, 0xBB, 0x70, 0x66, 0x1D, 0x7B, 0xCE, 0x8C, 0x69, 0xCF, 0xC8, 0x76, 0xEF,
  0x37, 0x57, 0xF4, 0x7A, 0xD1, 0x78, 0x7A, 0x1B, 0x73, 0x05, 0xB3, 0x11, 0xDB, 0xF3, 0xBD, 0x6B, 0x00, 0xC8, 0x50, 0x3D,
  0xB6, 0x53, 0xEE, 0x8B, 0x78, 0xE8, 0x08, 0xFD, 0x6D, 0x43, 0x3B, 0x7F, 0x74, 0xA7, 0x51, 0x92, 0x22, 0x8D, 0x9E, 0x74,
  0x1B, 0x3D, 0xE0, 0x7A, 0xCC, 0xE8, 0xFA, 0x63, 0x6A, 0xFF, 0x75, 0xE6, 0xD8, 0x80, 0x59, 0xC0, 0x41, 0xC6, 0xED, 0xA8,
  0xD5, 0x8A, 0xC8, 0xC5, 0x83, 0x6D, 0xEB, 0xAF, 0x36, 0x2B, 0x84, 0x15, 0x6D, 0xB7, 0x4C, 0x7A, 0x6D, 0xB0, 0x25, 0x04,
  0x29, 0xF0, 0xE2, 0xA0, 0xF1, 0x80, 0x63, 0x67, 0xF2, 0x2C, 0xF9, 0xA9, 0xEB, 0x98, 0x50, 0x60, 0xB7, 0x6C, 0x68, 0xAF,
  0xF9, 0x3D, 0xE2, 0x9A, 0x70, 0xF0, 0xEB, 0xCC, 0xB2, 0xC0, 0x3D, 0xF6, 0x0E, 0xCE, 0xA3, 0x9C, 0x1E, 0xA6, 0xCA, 0xC3,
  0xB5, 0x2C, 0x59, 0x5B, 0xAD, 0x93, 0x65, 0x00, 0x3D, 0xE4, 0x01, 0x1E, 0x57, 0x28, 0x0B, 0x9D, 0x2E, 0xDE, 0xAC, 0xD6,
  0x47, 0x1C, 0x37, 0x05, 0xEB, 0x57, 0xC0, 0xB1, 0xA5, 0x45, 0x5B, 0x62, 0xB7, 0xFE, 0x65, 0x27, 0xF1, 0x76, 0x2A, 0x67,
  0x75, 0x6E, 0xE1, 0x15, 0x3F, 0x09, 0xDD, 0x81, 0x30, 0xF2, 0x75, 0x10, 0xEA, 0x31, 0xD7, 0x06, 0xC9, 0x5A, 0xC0, 0x6D,
  0x77, 0xD6, 0x33, 0x14, 0x11, 0x5D, 0x28, 0x1E, 0x7C, 0xEA, 0xBF, 0x62, 0x8A, 0x43, 0x77, 0x60, 0xAF, 0x30, 0x25, 0xAC,
  0xA7, 0x54, 0xF1, 0x35, 0x3F, 0x1B, 0x5D, 0x81, 0x6D, 0xEA, 0x83, 0xCD, 0x72, 0x21, 0xE8, 0xCD, 0x06, 0x50, 0x66, 0xFA,
  0xFE, 0xB8, 0x67, 0xD8, 0x1D, 0xB5, 0x75, 0x64, 0xC6, 0x51, 0x4C, 0x3E, 0x0D, 0x76, 0x93, 0xCF, 0x88, 0x47, 0x3A, 0xEE,
  0x5A, 0x28, 0xB5, 0x65, 0x5F, 0x0F, 0x73, 0x02, 0xEC, 0xF2, 0x9C, 0x87, 0x92, 0x4E, 0x3C, 0x69, 0x1D, 0x72, 0x1E, 0x6A,
  0xFA, 0x60, 0x5C, 0xFB, 0x0E, 0xF9, 0x46, 0x7B, 0x0B, 0x77, 0x3E, 0x66, 0x82, 0x80, 0x0C, 0x6B, 0xCD, 0xB6, 0x72, 0x79,
  0x22, 0x4F, 0xCA, 0xA3, 0xE3, 0x36, 0xBC, 0xF0, 0x84, 0x6D, 0x20, 0xC2, 0x68, 0x22, 0xD8, 0x0C, 0x22, 0x32, 0x0F, 0x90,
  0xC5, 0xC0, 0x28, 0x61, 0x9A, 0x0A, 0xB6, 0xEF, 0x92, 0x0F, 0x7F, 0x09, 0x2B, 0x41, 0x0F, 0xAD, 0x64, 0x06, 0xAF, 0xCF,
  0x3F, 0x60, 0x6C, 0x57, 0xAE, 0x4F, 0x56, 0xE0, 0xDA, 0x92, 0x5D, 0x52, 0x11, 0x3F, 0xE1, 0xF3, 0xBD, 0xC0, 0x12, 0x05,
  0xF9, 0x33, 0xF6, 0xE0, 0x89, 0xF3, 0x05, 0x79, 0x97, 0x03, 0x5B, 0x0B, 0x6E, 0x09, 0x88, 0xAC, 0x06, 0x1A, 0x02, 0x72,
  0x31, 0xA3, 0x80, 0xDB, 0xC4, 0x1D, 0x81, 0x8C, 0x0D, 0xF8, 0x2C, 0x1F, 0xB7, 0x14, 0xD2, 0x0C, 0x7B, 0x20, 0x3C, 0xAA,
  0x1B, 0xF1, 0xF4, 0xB3, 0xB9, 0x60, 0xDF, 0x02, 0xA9, 0x65, 0xF1, 0x2D, 0xC4, 0xDE, 0x36, 0x15, 0x8F, 0x7B, 0xFD, 0xD8,
  0xDB, 0x86, 0x58, 0xCB, 0xA3, 0x2D, 0x4C, 0xFA, 0x9D, 0x59, 0xB7, 0x7F, 0x63, 0xF9, 0x67, 0xFD, 0x1E, 0x8B, 0x43, 0xB6,
  0xB6, 0xE9, 0x1F, 0xB4, 0x9E, 0xA0, 0xDE, 0xEE, 0x29, 0xD2, 0xF5, 0x21, 0x9E, 0xEF, 0x8C, 0xED, 0x26, 0x0A, 0x63, 0xA9,
  0x7C, 0x37, 0x09, 0x22, 0x8C, 0x5F, 0x5D, 0x2D, 0xB6, 0x89, 0x56, 0xFD, 0x27, 0x93, 0x26, 0xB4, 0xAD, 0x77, 0xFE, 0xE9,
  0xBB, 0xE4, 0x7A, 0xB6, 0x01, 0xDE, 0xDA, 0x06, 0xDA, 0x44, 0xB4, 0x9F, 0x6D, 0xB0, 0x1B, 0x47, 0x34, 0x3A, 0x5D, 0xB2,
  0x38, 0xED, 0x56, 0x05, 0x14, 0x83, 0x56, 0x27, 0x16, 0x29, 0x29, 0xD4, 0x51, 0xDF, 0xD4, 0x1C, 0xF5, 0xA3, 0x62, 0x9D,
  0x6A, 0x55, 0x49, 0x4E, 0xEF, 0x0C, 0xA0, 0xA2, 0x7B, 0x4F, 0x0B, 0x74, 0x54, 0x22, 0xE8, 0xBC, 0x02, 0xFB, 0xDC, 0xA0,
  0x63, 0x6F, 0xE1, 0x56, 0x37, 0x5B, 0x16, 0xDD, 0x5E, 0x26, 0x70, 0xC5, 0x2D, 0x1B, 0xB1, 0x10, 0x21, 0xF9, 0xE0, 0x56,
  0xF6, 0x32, 0x2C, 0x32, 0x27, 0xF0, 0x31, 0x6C, 0x65, 0x02, 0x1F, 0x85, 0x07, 0xF6, 0x41, 0x93, 0x6E, 0xE8, 0x38, 0x48,
  0xB3, 0x79, 0xD6, 0x75, 0xC3, 0xDD, 0x5B, 0x4C, 0x87, 0x60, 0x41, 0xB0, 0xE9, 0x70, 0xB5, 0x35, 0xFD, 0x73, 0xF3, 0x4A,
  0x45, 0xA6, 0xF3, 0xA0, 0x55, 0x28, 0x32, 0x9A, 0x7A, 0xD0, 0x34, 0x1D, 0x70, 0xC8, 0xDD, 0x38, 0x27, 0x92, 0xCD, 0xE4,
  0x00, 0x20, 0x66, 0x27, 0x08, 0x4C, 0xBF, 0xF1, 0x99, 0xB5, 0x0F, 0x5B, 0xB2, 0xBB, 0xDA, 0x92, 0xDD, 0x61, 0xE7, 0x29,
  0xFA, 0x68, 0x86, 0xAC, 0xF9, 0x48, 0xAD, 0x50, 0xFE, 0x26, 0x7A, 0x5C, 0x81, 0xF8, 0xD1, 0x36, 0x2D, 0x79, 0x07, 0x1F,
  0x5E, 0x53, 0x4C, 0xD4, 0xB7, 0xDE, 0xF8, 0x76, 0xB6, 0x1F, 0x1E, 0xDF, 0x58, 0x0C, 0xF2, 0x26, 0x1B, 0xC0, 0xAA, 0x09,
  0x9B, 0xA4, 0x5F, 0x56, 0x7C, 0x0C, 0xDB, 0x9F, 0x58, 0x8B, 0x17, 0x8A, 0x4D, 0x35, 0xDC, 0xB0, 0x84, 0x51, 0x23, 0x2C,
  0xA4, 0xA2, 0x93, 0xD1, 0xA7, 0xAA, 0x59, 0xE1, 0xB5, 0x22, 0x34, 0x6C, 0x14, 0x76, 0xE8, 0xEC, 0x0F, 0xB6, 0x51, 0x85,
  0x19, 0xA6, 0xBE, 0x20, 0x1F, 0xAD, 0x91, 0x99, 0x66, 0x20, 0x5F, 0x28, 0xA2, 0x58, 0x15, 0xAE, 0x61, 0xD9, 0x5A, 0x33,
  0x5E, 0x54, 0x37, 0xBE, 0x50, 0x36, 0xF6, 0x36, 0x22, 0x64, 0x2E, 0xE6, 0xD8, 0x93, 0x6E, 0x47, 0x32, 0x5C, 0x8C, 0x3B,
  0xAE, 0x31, 0x57, 0x61, 0x74, 0x23, 0x97, 0x2F, 0x52, 0xF1, 0x61, 0x0E, 0x45, 0x11, 0x82, 0x0B, 0x87, 0x29, 0x69, 0xED,
  0x28, 0x29, 0x59, 0x38, 0x3A, 0xB8, 0xC5, 0xB5, 0x0E, 0x9C, 0x31, 0xB1, 0x75, 0x45, 0x5D, 0xDA, 0xCD, 0x93, 0x21, 0xCE,
  0xA3, 0x3A, 0x1C, 0xAE, 0x07, 0xEE, 0xDE, 0x2B, 0xEE, 0x0A, 0x4E, 0xD8, 0x30, 0x05, 0x0E, 0x3D, 0x1B, 0x94, 0x55, 0xA0,
  0x18, 0x87, 0xC7, 0x99, 0x76, 0xB1, 0x93, 0xD4, 0xD6, 0x27, 0x89, 0xCF, 0x4F, 0xEA, 0x09, 0x62, 0xEB, 0x58, 0x98, 0xFD,
  0x96, 0x2D, 0x9E, 0x0A, 0xBB, 0xB1, 0xDD, 0x9B, 0x73, 0xEC, 0x34, 0x8A, 0xB8, 0xD5, 0x81, 0xEA, 0x44, 0xE2, 0x40, 0xD9,
  0x3B, 0x16, 0xCA, 0x01, 0xB0, 0xDF, 0xDD, 0x8D, 0x8E, 0x08, 0xCB, 0x91, 0x25, 0xF2, 0x03, 0x68, 0xCD, 0x20, 0x25, 0xC3,
  0x22, 0x78, 0xE3, 0x8D, 0xAE, 0x12, 0x7D, 0x5D, 0x98, 0x8A, 0x75, 0xD6, 0x55, 0x72, 0x23, 0xA9, 0x44, 0x62, 0xEC, 0xAA,
  0xE3, 0x5E, 0xA8, 0x76, 0xB1, 0xA0, 0x7E, 0x8C, 0x81, 0xCD, 0xF0, 0xD2, 0x76, 0xCC, 0xC5, 0x37, 0x19, 0x1F, 0xCA, 0x22,
  0xED, 0x19, 0x7E, 0x93, 0x19, 0xC1, 0xD3, 0xF2, 0xD1, 0x90, 0x8D, 0xBB, 0xBD, 0xEA, 0x83, 0xAF, 0xCF, 0xA6, 0x7A, 0xA0,
  0xCF, 0xA8, 0xE9, 0x61, 0xB7, 0x77, 0x64, 0xF6, 0x82, 0x30, 0x28, 0x88, 0x98, 0x07, 0xF2, 0x22, 0x0F, 0x3E, 0xB7, 0x09,
  0x54, 0xA6, 0xC9, 0x4D, 0xB2, 0x4E, 0xE2, 0x1D, 0x0C, 0x77, 0x56, 0xDB, 0x15, 0xAF, 0xF9, 0xDF, 0x6F, 0x81, 0x3F, 0xE0,
  0x48, 0x20, 0xE9, 0x95, 0x01, 0xC3, 0xAE, 0x7D, 0xDF, 0xF4, 0x2B, 0xB5, 0xA1, 0xDD, 0xA3, 0xB2, 0x6F, 0x29, 0x8D, 0xEA,
  0x77, 0x59, 0x28, 0xD3, 0xEF, 0x52, 0x0B, 0x8B, 0x1F, 0xDE, 0x53, 0x9D, 0xEC, 0x01, 0x24, 0x66, 0x29, 0xE4, 0xF2, 0xB1,
  0x4F, 0x0E, 0x7F, 0x7E, 0x38, 0xD4, 0x5E, 0x1F, 0x63, 0x56, 0x95, 0x30, 0x36, 0xC0, 0x09, 0xD6, 0xBA, 0x93, 0xAA, 0xAD,
  0x31, 0xAD, 0x1E, 0x09, 0xB1, 0xB6, 0x99, 0xD9, 0xB4, 0xF1, 0xF5, 0x26, 0x99, 0x25, 0x9B, 0x2D, 0xA5, 0x66, 0xB9, 0x9A,
  0x24, 0x53, 0xB0, 0xF5, 0x92, 0x8E, 0xD2, 0xCF, 0xCA, 0xFE, 0x57, 0xD5, 0x5F, 0x49, 0x32, 0x82, 0x2F, 0x42, 0x3C, 0x41,
  0x9E, 0x9B, 0xD5, 0x62, 0x01, 0xC9, 0xE1, 0x22, 0x7E, 0x3F, 0x07, 0xEB, 0x4B, 0x58, 0xD8, 0x74, 0xA4, 0xD0, 0xA2, 0x5F,
  0x6D, 0x7A, 0x25, 0x7D, 0x11, 0xEB, 0x61, 0xE3, 0x72, 0x6B, 0xBA, 0x99, 0x28, 0x09, 0xA7, 0x48, 0x11, 0x6C, 0x8C, 0x28,
  0x83, 0x85, 0xBD, 0x22, 0x71, 0xDB, 0x42, 0x75, 0xBF, 0x17, 0x82, 0xEB, 0x1F, 0x2C, 0xAC, 0xE9, 0x78, 0x8A, 0x70, 0x3D,
  0xD7, 0x14, 0xDB, 0x69, 0x69, 0x53, 0xEC, 0x8D, 0x2A, 0x83, 0x5D, 0xDC, 0x66, 0x15, 0xF4, 0x5D, 0x71, 0x5A, 0x54, 0x89,
  0xFD, 0x6D, 0x6D, 0xE6, 0x7E, 0xA5, 0xCB, 0x97, 0xE9, 0xE5, 0xF5, 0x80, 0x84, 0x8A, 0xC4, 0x40, 0x8B, 0x7E, 0x77, 0x53,
  0xC3, 0x71, 0x7F, 0x32, 0x1B, 0x0F, 0x8F, 0x29, 0xB4, 0x65, 0xE3, 0x02, 0x65, 0x6E, 0xB3, 0x89, 0x14, 0x52, 0x55, 0xB1,
  0xB9, 0x38, 0x16, 0xBE, 0x66, 0x52, 0x9D, 0x0E, 0xAC, 0xEF, 0x04, 0x50, 0x35, 0x5B, 0x46, 0x18, 0xB3, 0x9E, 0x5F, 0x57,
  0xA9, 0x10, 0x9D, 0x90, 0x68, 0xD5, 0xC3, 0x53, 0x76, 0xB5, 0xF9, 0xAC, 0x95, 0x6B, 0x1A, 0xD2, 0x2C, 0xC2, 0x0A, 0xE2,
  0x24, 0xA3, 0x97, 0x54, 0xB3, 0x98, 0x62, 0x98, 0x2F, 0x71, 0x4A, 0x39, 0xA6, 0xCC, 0x08, 0xF9, 0xEA, 0xE4, 0x14, 0x62,
  0x0F, 0x0C, 0xB5, 0xBE, 0x10, 0x55, 0xE3, 0x96, 0x87, 0x02, 0xB7, 0x25, 0x05, 0x36, 0xE0, 0xE8, 0x36, 0x74, 0x36, 0xB3,
  0x25, 0x26, 0x05, 0xB3, 0x97, 0x5F, 0xB8, 0xED, 0xDF, 0x90, 0x83, 0xB1, 0xB0, 0xBC, 0x3D, 0x12, 0xAF, 0xB3, 0x80, 0x6D,
  0xAA, 0xF5, 0x43, 0x19, 0xF1, 0xCF, 0xF8, 0xD1, 0xAE, 0x18, 0x38, 0xE1, 0xFC, 0x6A, 0xD7, 0x32, 0xE5, 0xA4, 0x75, 0xEF,
  0x30, 0x04, 0x16, 0x0B, 0xA9, 0xD7, 0xF1, 0xE9, 0x6F, 0x40, 0x40, 0xB7, 0x85, 0x1C, 0x24, 0xFB, 0xB7, 0x32, 0x7F, 0x08,
  0xF7, 0xBD, 0x37, 0x09, 0xA5, 0xF7, 0xA2, 0x6C, 0x61, 0xB7, 0xF0, 0xF6, 0xED, 0x31, 0xE2, 0xA8, 0x37, 0xDB, 0xC4, 0xDC,
  0x49, 0xBA, 0xD8, 0x52, 0x74, 0x51, 0x06, 0xDC, 0x12, 0x6D, 0xF4, 0x89, 0x64, 0x3C, 0xD2, 0x30, 0xF5, 0x40, 0x13, 0xC9,
  0xAF, 0x6C, 0x85, 0x74, 0x58, 0xD8, 0xBC, 0x72, 0x28, 0x62, 0xB6, 0x47, 0xD1, 0xB1, 0x6D, 0x56, 0xB0, 0x39, 0xE1, 0xA6,
  0xBD, 0xAF, 0x39, 0xF7, 0xCF, 0x32, 0x5E, 0x43, 0x49, 0xB5, 0x7B, 0x25, 0x82, 0xAD, 0x8B, 0x24, 0x4B, 0x29, 0xEE, 0x1F,
  0x64, 0x22, 0x24, 0x03, 0xC2, 0x3A, 0x5E, 0xAF, 0xB8, 0x74, 0x2C, 0x0C, 0x5F, 0x55, 0xFD, 0x13, 0xF6, 0xB4, 0xCD, 0x7C,
  0x12, 0x60, 0xE0, 0xCB, 0x9F, 0x2D, 0x63, 0xCC, 0xC1, 0xC8, 0x54, 0xED, 0x82, 0xD7, 0xEE, 0xB5, 0xE3, 0x28, 0xBB, 0x48,
  0x0A, 0xC2, 0x0D, 0x25, 0x59, 0xDB, 0xA3, 0x8D, 0x2D, 0xEE, 0x7C, 0x5A, 0xD0, 0x18, 0x3F, 0x49, 0x3A, 0xB3, 0xD8, 0x37,
  0x1C, 0x11, 0xFD, 0x74, 0xFB, 0x04, 0x13, 0xF6, 0x0A, 0x17, 0xD9, 0xFB, 0x9C, 0x8D, 0x56, 0x76, 0xC7, 0x9C, 0x0D, 0x37,
  0x04, 0x6C, 0x11, 0xF3, 0x92, 0xE3, 0xF2, 0xE2, 0xEE, 0xB8, 0x8D, 0x48, 0x3E, 0x6F, 0x5D, 0x45, 0xBC, 0xD5, 0xE7, 0xE9,
  0xE5, 0xA7, 0x5D, 0xC4, 0x54, 0x50, 0x96, 0x06, 0xCA, 0x7A, 0x78, 0xC6, 0xA6, 0x65, 0x66, 0xF6, 0x8B, 0xE0, 0xA1, 0x96,
  0x43, 0xE8, 0x7A, 0x16, 0x96, 0x6D, 0x2B, 0xB7, 0x8C, 0x82, 0xF4, 0x5F, 0x04, 0x40, 0x29, 0xB8, 0xEC, 0xC2, 0x3A, 0x1D,
  0x65, 0x86, 0x65, 0x9C, 0x90, 0xDE, 0xCF, 0x90, 0xEF, 0xA0, 0x73, 0x38, 0x76, 0xDB, 0xED, 0x9B, 0xBF, 0xEE, 0x5D, 0x4A,
  0x9F, 0x6A, 0xE9, 0x28, 0x91, 0x86, 0x2F, 0x4B, 0x56, 0x98, 0x97, 0x04, 0xE9, 0x60, 0x80, 0x17, 0x31, 0x07, 0x76, 0x38,
  0x98, 0xED, 0xA0, 0x9D, 0x33, 0xBE, 0x60, 0xB5, 0x66, 0xE2, 0x98, 0x1F, 0x2D, 0x29, 0x1C, 0x4B, 0x0F, 0xA9, 0x19, 0x5D,
  0x92, 0x51, 0x44, 0xFE, 0xAF, 0x47, 0x3E, 0x22, 0x41, 0x6A, 0x35, 0x49, 0x24, 0x6E, 0xDC, 0xB3, 0x98, 0x82, 0x4A, 0xDF,
  0x14, 0x02, 0xB2, 0xCA, 0x31, 0x8B, 0x40, 0x1E, 0x92, 0x3D, 0x8A, 0x8D, 0xDB, 0x1D, 0xA3, 0x14, 0xF0, 0x6E, 0x32, 0x84,
  0x22, 0x6B, 0x69, 0xD5, 0x23, 0x56, 0xFE, 0x46, 0xD6, 0x8C, 0xE0, 0x71, 0xBA, 0xD9, 0xE2, 0xDC, 0xCE, 0x6A, 0x94, 0x7E,
  0x74, 0x6F, 0xA2, 0x83, 0xD0, 0x96, 0x83, 0xC3, 0x43, 0xAA, 0x0B, 0x6B, 0xBA, 0x86, 0x24, 0x7D, 0x90, 0xDB, 0xBE, 0xE5,
  0xE4, 0x5D, 0xE9, 0x56, 0x9B, 0x45, 0x82, 0xD0, 0xF6, 0x38, 0x0E, 0x8B, 0x2F, 0x8B, 0xA1, 0x4A, 0xCC, 0xEC, 0x75, 0x3E,
  0x9A, 0xF0, 0xAD, 0xE3, 0x72, 0x77, 0x51, 0x9B, 0x5C, 0x20, 0xCF, 0x4B, 0x99, 0x7C, 0x52, 0x2B, 0x87, 0x56, 0xB2, 0x99,
  0xAD, 0xEE, 0xC9, 0xD7, 0xC6, 0xBC, 0x9E, 0x83, 0xE1, 0x3C, 0x88, 0x5C, 0x34, 0xD9, 0xC9, 0x16, 0xCE, 0x9E, 0xFD, 0xD0,
  0x49, 0xB8, 0x30, 0xCC, 0xAA, 0x3C, 0x30, 0x39, 0xDB, 0x8C, 0x2B, 0xC0, 0x9C, 0x53, 0xA0, 0xFE, 0x9E, 0xB2, 0xAC, 0x8A,
  0xAC, 0xAC, 0xA3, 0x13, 0x4E, 0xB1, 0x7A, 0xF2, 0x87, 0x40, 0x2B, 0x79, 0x33, 0x4E, 0xC4, 0xC8, 0xA4, 0x18, 0x21, 0xD0,
  0x28, 0xA2, 0x10, 0x41, 0x44, 0x76, 0x1F, 0x6C, 0x84, 0xD3, 0xF6, 0xD9, 0xEE, 0x06, 0x70, 0xED, 0x9A, 0x4D, 0x6D, 0x5F,
  0xF3, 0xA4, 0x0F, 0x1C, 0xA0, 0x7D, 0xBF, 0x5A, 0x71, 0xA7, 0x47, 0xCC, 0xFC, 0x81, 0x66, 0x85, 0xAE, 0xF6, 0x48, 0x01,
  0xA9, 0xC5, 0x55, 0xCE, 0x4C, 0x4D, 0xC4, 0x88, 0x4E, 0x8F, 0xB7, 0x2A, 0x45, 0xF9, 0x42, 0x6D, 0x7B, 0x42, 0xA7, 0xD9,
  0xB9, 0xAE, 0xE3, 0xC4, 0xBB, 0x4D, 0x1B, 0xD3, 0x71, 0xA2, 0xE7, 0x17, 0x85, 0xC8, 0xEF, 0x7A, 0x7C, 0x24, 0xBE, 0xEC,
  0x6A, 0x1C, 0x00, 0xAE, 0xC3, 0xC1, 0x41, 0xB8, 0xA6, 0x9D, 0xA6, 0xD3, 0x17, 0x52, 0x83, 0x44, 0x49, 0xBB, 0x68, 0xEB,
  0x4A, 0x59, 0x6D, 0x76, 0xD2, 0x9A, 0x74, 0x66, 0xE3, 0xE6, 0xB1, 0x16, 0x38, 0x9C, 0x42, 0xAD, 0x6D, 0x0F, 0x31, 0x7E,
  0x93, 0xA3, 0xD0, 0x94, 0xCA, 0x32, 0x69, 0xCC, 0x05, 0x52, 0x1C, 0x15, 0xAA, 0x27, 0xCF, 0xD1, 0xA1, 0x7D, 0xF1, 0x8B,
  0x45, 0xB2, 0x2B, 0xF8, 0x9E, 0xB5, 0xDB, 0xB3, 0x83, 0x5D, 0xA9, 0xAC, 0x59, 0x29, 0xC0, 0x24, 0x88, 0x94, 0x3F, 0x54,
  0x23, 0x55, 0xB4, 0xAA, 0x84, 0x79, 0x49, 0x34, 0x6D, 0x1D, 0x06, 0xDD, 0x34, 0x65, 0x94, 0xB3, 0x6F, 0xBD, 0x69, 0x0B,
  0x1E, 0x8F, 0xAA, 0xF3, 0x08, 0xAE, 0x77, 0x47, 0x3A, 0xCF, 0xA6, 0x6B, 0xD2, 0x6D, 0x35, 0x21, 0xEC, 0xE9, 0xE4, 0x14,
  0x08, 0xFB, 0x9A, 0xF6, 0x1B, 0xC3, 0x83, 0xE7, 0x18, 0x81, 0xF6, 0x07, 0x3B, 0x63, 0xC5, 0xB1, 0xD3, 0x09, 0x24, 0xCA,
  0xE9, 0xEC, 0xA0, 0x3F, 0x76, 0x98, 0x0A, 0x46, 0x11, 0x12, 0x31, 0x45, 0xED, 0x06, 0xFE, 0x6F, 0x71, 0xE6, 0x51, 0xF9,
  0x94, 0x8C, 0xFE, 0x70, 0xD5, 0xA6, 0xB7, 0xC8, 0x31, 0x74, 0x7C, 0x0C, 0x52, 0x19, 0xF6, 0x4B, 0x64, 0x0A, 0x42, 0x5E,
  0xD4, 0x46, 0x03, 0xC1, 0xCF, 0x5D, 0x38, 0x72, 0x65, 0x33, 0x05, 0x1D, 0x06, 0x52, 0x33, 0xC1, 0x8F, 0x02, 0xB8, 0xB0,
  0xD5, 0x68, 0x27, 0x07, 0xAB, 0xE9, 0xAC, 0x38, 0x6A, 0xD3, 0xFB, 0x9D, 0x7E, 0xAF, 0x71, 0x18, 0x7A, 0x6C, 0x84, 0x4C,
  0x1C, 0x73, 0x98, 0x1C, 0x3E, 0x79, 0x6E, 0xF2, 0x97, 0x1C, 0x5F, 0x12, 0xA0, 0x92, 0x46, 0x3C, 0xAE, 0xE2, 0x4C, 0xF6,
  0x5B, 0x93, 0xE4, 0xF0, 0x7C, 0x53, 0xC7, 0x35, 0x1D, 0x1B, 0xD3, 0xEE, 0xB4, 0x1D, 0x1F, 0x32, 0x30, 0xD5, 0xFD, 0xBE,
  0xCE, 0x04, 0x39, 0xEB, 0x22, 0xF2, 0x3D, 0x39, 0xD6, 0xAA, 0x07, 0xA1, 0xC2, 0xCC, 0x32, 0xED, 0xB9, 0x01, 0xC4, 0x4D,
  0x84, 0x48, 0xF4, 0x66, 0x47, 0x5B, 0xF3, 0x60, 0x50, 0xF8, 0xB5, 0x1D, 0x23, 0x03, 0xD9, 0xAC, 0x24, 0x47, 0x69, 0xC6,
  0xAD, 0x8A, 0x7B, 0x33, 0x99, 0xE4, 0xD7, 0xF1, 0xE5, 0x38, 0x39, 0xD0, 0x43, 0x7E, 0xF6, 0x13, 0x63, 0xAF, 0xA6, 0xE3,
  0xEE, 0xB1, 0x25, 0xC8, 0x4D, 0x80, 0x02, 0x44, 0xD5, 0x4C, 0x2C, 0x74, 0x72, 0x97, 0x92, 0x1A, 0xCC, 0xA6, 0x6A, 0xAB,
  0xB1, 0x37, 0x71, 0xA7, 0x5F, 0xBC, 0x7D, 0xAF, 0x53, 0x62, 0x3F, 0x89, 0x67, 0x13, 0x3B, 0xCD, 0x0A, 0x27, 0x13, 0x35,
  0xA9, 0x68, 0xB7, 0xDD, 0x3E, 0xDA, 0x8B, 0x37, 0x4B, 0xCA, 0x74, 0x3C, 0xEE, 0x8D, 0x6D, 0xA7, 0x51, 0x4C, 0xA0, 0x31,
  0x8B, 0xD2, 0xF4, 0x50, 0x08, 0xE5, 0x9A, 0x14, 0x6C, 0xDC, 0x3B, 0xFE, 0x09, 0xFC, 0x67, 0xFA, 0xB6, 0x50, 0x39, 0xEB,
  0x20, 0x4D, 0xD0, 0xE1, 0x75, 0x9F, 0xA4, 0xB1, 0x0D, 0x35, 0x53, 0x1E, 0xF3, 0xE7, 0x4D, 0x10, 0xD8, 0x3B, 0x92, 0x38,
  0xB5, 0x51, 0x39, 0xDA, 0x34, 0xDB, 0x5D, 0x8A, 0x37, 0xDF, 0x42, 0xF3, 0x48, 0xFE, 0xC6, 0xC8, 0xB9, 0xD7, 0x3B, 0x82,
  0x02, 0xDD, 0xEC, 0x24, 0xEE, 0x72, 0x80, 0x2B, 0x09, 0xED, 0xE5, 0x40, 0x3C, 0xA1, 0x27, 0xB3, 0xEC, 0x2D, 0xFA, 0xF0,
  0x7A, 0xEC, 0x76, 0x43, 0xE4, 0xF2, 0xE8, 0x1E, 0xF0, 0xD8, 0xED, 0x02, 0xC9, 0x87, 0xF0, 0x7E, 0xEB, 0x86, 0x9C, 0x13,
  0xEE, 0x76, 0x3D, 0xFA, 0x72, 0x8F, 0xC0, 0xF9, 0x19, 0xB9, 0x73, 0x0B, 0xB4, 0x63, 0xB2, 0x4C, 0xC8, 0xBA, 0x3A, 0x8D,
  0xFB, 0x47, 0xA8, 0x8A, 0x36, 0x44, 0x6A, 0x3E, 0xEB, 0x38, 0x81, 0x30, 0xB2, 0x75, 0xDC, 0x62, 0xA7, 0x01, 0x44, 0xAD,
  0x0E, 0xB3, 0x03, 0xF5, 0x5E, 0x45, 0x67, 0x86, 0x8D, 0xE0, 0xC7, 0xDF, 0x3B, 0x0C, 0x55, 0x66, 0x32, 0x8D, 0x56, 0x04,
  0x22, 0xD0, 0x3D, 0x5E, 0xDE, 0x8E, 0xDE, 0x46, 0x7E, 0x88, 0x49, 0xBF, 0x71, 0x64, 0xF9, 0xD6, 0xAA, 0x74, 0xBF, 0x15,
  0x37, 0xC6, 0x87, 0x39, 0x2C, 0x9D, 0x3C, 0xC3, 0xC1, 0x28, 0x8D, 0xB8, 0x8D, 0xF4, 0xA4, 0x16, 0x46, 0x49, 0x66, 0xCD,
  0x59, 0x6C, 0xF0, 0x49, 0x71, 0x37, 0x29, 0xD4, 0xB4, 0xCC, 0x73, 0x61, 0x47, 0x4B, 0xB4, 0xBA, 0x7D, 0x07, 0xA9, 0x24,
  0x11, 0xD8, 0xF5, 0xC3, 0x0B, 0x98, 0x7A, 0x3B, 0x64, 0x50, 0x9D, 0xCE, 0xD9, 0xD4, 0xE9, 0x77, 0xFB, 0xFD, 0xF0, 0x18,
  0x91, 0x67, 0x4E, 0xC2, 0x1A, 0x92, 0x70, 0x50, 0x6F, 0x82, 0xAF, 0x81, 0x47, 0x33, 0x65, 0x2F, 0x6A, 0x1C, 0x39, 0xC4,
  0x9F, 0x93, 0xEA, 0xA1, 0x17, 0x4A, 0xBE, 0x09, 0x8E, 0xA5, 0xA1, 0x4A, 0xF6, 0x10, 0x85, 0x5D, 0x64, 0xA0, 0x04, 0xFA,
  0x68, 0x02, 0x75, 0x44, 0x51, 0xE5, 0x78, 0xB7, 0x9E, 0x74, 0x05, 0x42, 0x92, 0xC9, 0x92, 0x00, 0xAD, 0x3B, 0x42, 0x94,
  0x64, 0xFF, 0x08, 0x87, 0x7E, 0x3C, 0x29, 0xC2, 0x24, 0x9A, 0x4C, 0xB2, 0xE2, 0x68, 0x32, 0xD3, 0x9C, 0x4B, 0x3B, 0xEE,
  0xCC, 0xFA, 0xD1, 0xD1, 0x5E, 0xD8, 0x22, 0x98, 0x66, 0xB8, 0x8E, 0xDB, 0xCD, 0x42, 0x55, 0xBC, 0x09, 0x0D, 0x9A, 0xAD,
  0xF6, 0xEC, 0x08, 0x72, 0x60, 0x97, 0x95, 0x34, 0xF9, 0x51, 0xB3, 0x77, 0x78, 0x1D, 0xD2, 0x08, 0xF8, 0x34, 0xB0, 0x21,
  0x8C, 0x93, 0xE3, 0x75, 0x6C, 0x9E, 0xB6, 0xD5, 0xEA, 0x74, 0x0E, 0x03, 0xA2, 0x08, 0x5D, 0xCF, 0x6C, 0x64, 0xC3, 0x45,
  0xFE, 0x16, 0xC7, 0x80, 0x1C, 0x14, 0x64, 0xFF, 0x3C, 0xDA, 0xAE, 0x2F, 0x2A, 0xBB, 0x3F, 0x19, 0x4F, 0x8F, 0x00, 0x41,
  0x5E, 0xC0, 0xF6, 0x14, 0xE7, 0x3D, 0x3E, 0xCC, 0x0B, 0x1A, 0xA1, 0xDC, 0x19, 0xA4, 0x89, 0xE4, 0xB2, 0x61, 0xB5, 0x43,
  0x39, 0x4E, 0x8E, 0x08, 0x4F, 0x69, 0x6C, 0x6C, 0x06, 0xF4, 0x92, 0x69, 0xE2, 0xB2, 0x21, 0x93, 0x59, 0x72, 0x30, 0xF4,
  0x17, 0x59, 0x54, 0x40, 0x90, 0x49, 0x4C, 0x29, 0xD0, 0x2D, 0xBB, 0x62, 0x14, 0x08, 0x99, 0x65, 0xB5, 0x45, 0xB7, 0x0A,
  0x1E, 0x65, 0xD6, 0x9B, 0x8D, 0x2B, 0xC7, 0xD7, 0xE4, 0x69, 0x46, 0x58, 0x9E, 0xF6, 0x93, 0xA3, 0xC3, 0x31, 0x42, 0x38,
  0xAB, 0x47, 0x8A, 0xCA, 0x20, 0x29, 0x67, 0xC5, 0x12, 0xA4, 0x5D, 0xB2, 0x51, 0x02, 0x10, 0x02, 0x5B, 0x69, 0x0E, 0x92,
  0x0F, 0x23, 0x10, 0x53, 0x81, 0xDC, 0xAC, 0x15, 0xB6, 0xFB, 0x45, 0x07, 0xCC, 0x41, 0x98, 0x0A, 0xEB, 0x50, 0xC6, 0x92,
  0xEE, 0x6D, 0x6A, 0x3A, 0xAA, 0x08, 0xA8, 0x6D, 0xC6, 0xED, 0xF1, 0x61, 0xD9, 0x9E, 0x65, 0x36, 0x7B, 0xEA, 0x93, 0x69,
  0x27, 0xB1, 0x19, 0x4A, 0xB0, 0xC8, 0x61, 0x4A, 0x25, 0x5A, 0x9D, 0xF6, 0xB4, 0x17, 0x1D, 0x1D, 0x17, 0xB9, 0xD6, 0x38,
  0x2D, 0x8F, 0xD1, 0x72, 0xEB, 0x0B, 0x79, 0xB3, 0x43, 0x71, 0x84, 0xCC, 0xCB, 0xC7, 0xD9, 0x5D, 0x1B, 0x17, 0x69, 0x31,
  0x37, 0xC4, 0x10, 0x4E, 0xD4, 0x63, 0x3B, 0x30, 0x28, 0xE9, 0x01, 0x6F, 0xF7, 0x72, 0x43, 0x0C, 0xE1, 0x97, 0xD0, 0x1C,
  0x17, 0x5A, 0xA0, 0x97, 0x26, 0x72, 0x85, 0x8A, 0xEA, 0x08, 0x7B, 0x62, 0xC4, 0xD1, 0xA5, 0x59, 0xEE, 0x8E, 0x61, 0xE4,
  0x4C, 0xF4, 0x9B, 0x47, 0x1D, 0xD4, 0xF8, 0x19, 0x36, 0xE5, 0x68, 0x88, 0xDB, 0xCF, 0xCA, 0x30, 0x7F, 0xCC, 0xAA, 0x06,
  0xB2, 0x7A, 0xA2, 0xBB, 0xB3, 0x36, 0x61, 0x19, 0x2D, 0x2F, 0x8E, 0x11, 0x68, 0x3A, 0x3B, 0xDA, 0x6C, 0x51, 0xD0, 0x12,
  0xA7, 0xE2, 0xB0, 0xE2, 0x25, 0x1B, 0xD5, 0x96, 0x11, 0x57, 0x9A, 0xEE, 0x91, 0x60, 0xCC, 0x78, 0x8B, 0x66, 0x85, 0x55,
  0xBD, 0x70, 0x71, 0xE9, 0x9C, 0x56, 0x1C, 0x80, 0x3C, 0x31, 0x5B, 0x29, 0x6E, 0x6B, 0xB4, 0xA7, 0xB7, 0xA8, 0xAC, 0xE2,
  0xAA, 0x0C, 0x65, 0x4E, 0x7F, 0x76, 0x8B, 0xFA, 0x22, 0x70, 0xCA, 0xD2, 0x4B, 0x4D, 0xA0, 0xAA, 0xBE, 0x4D, 0x13, 0xCF,
  0x8A, 0x69, 0xA9, 0xC0, 0x7F, 0x20, 0x85, 0x21, 0xB4, 0x54, 0xC8, 0xCE, 0x36, 0x39, 0xC2, 0xCD, 0xA6, 0x3E, 0x3F, 0xD5,
  0xE3, 0xA5, 0x4C, 0x17, 0x27, 0x0B, 0x31, 0x3A, 0x32, 0x3C, 0xA9, 0xB1, 0x26, 0x45, 0xBA, 0xB5, 0x36, 0x64, 0x0A, 0x62,
  0x53, 0xA8, 0x96, 0x18, 0x46, 0x71, 0xD4, 0x73, 0xC4, 0x2F, 0x2A, 0x86, 0x54, 0x77, 0x84, 0xB1, 0xB2, 0x9D, 0x40, 0x0A,
  0x14, 0x34, 0xDD, 0x43, 0x52, 0x61, 0xB6, 0xDD, 0x4B, 0x0A, 0x75, 0x63, 0xBB, 0x74, 0xDC, 0xA6, 0x3F, 0x9B, 0x86, 0x4E,
  0xB0, 0xA2, 0x87, 0x41, 0xDC, 0x35, 0x41, 0x16, 0x13, 0x67, 0x22, 0x04, 0xF3, 0x46, 0x11, 0xFE, 0x6F, 0x35, 0x99, 0xB1,
  0xF3, 0xF8, 0xF0, 0x1C, 0xE8, 0xD3, 0xB1, 0xEA, 0x1D, 0xD7, 0x81, 0x08, 0x76, 0x2F, 0x4D, 0x3A, 0xD8, 0xEE, 0x8D, 0x6F,
  0xD1, 0x81, 0xB2, 0x04, 0x9A, 0x8B, 0x92, 0xDC, 0xBE, 0xBE, 0xCF, 0x4A, 0x9F, 0x12, 0x9B, 0xBB, 0x8D, 0x09, 0xE4, 0x19,
  0xAC, 0xF5, 0x9D, 0x07, 0xBF, 0x0A, 0x7E, 0x93, 0x24, 0xEB, 0x00, 0x8D, 0x06, 0xDB, 0xAB, 0x4B, 0xDE, 0x47, 0xF0, 0x80,
  0x01, 0xA2, 0x32, 0x02, 0x71, 0x9A, 0x75, 0x64, 0x52, 0x30, 0xBB, 0x5A, 0x2C, 0xAE, 0x41, 0x75, 0xC8, 0x7E, 0x43, 0x15,
  0xE6, 0x9B, 0x40, 0x25, 0x14, 0x1B, 0x53, 0x0F, 0xDB, 0x7A, 0xF0, 0xAB, 0x07, 0xF2, 0x52, 0x06, 0x37, 0xE5, 0x98, 0x3F,
  0xEE, 0xD8, 0xF0, 0xB7, 0x09, 0x3D, 0x9E, 0x64, 0xA6, 0xCB, 0xA0, 0x1D, 0x39, 0xDF, 0x61, 0xCB, 0xF1, 0x9D, 0x14, 0x1F,
  0x2C, 0x74, 0x74, 0xAB, 0xF6, 0x03, 0x4F, 0x73, 0x87, 0x12, 0x2D, 0xFC, 0x5C, 0xAF, 0x27, 0x2B, 0x75, 0x4A, 0x18, 0x16,
  0xC3, 0x4E, 0x29, 0x4F, 0xAA, 0xCE, 0x7B, 0xAE, 0x31, 0xFE, 0xC0, 0x9C, 0x33, 0x96, 0xF2, 0x1B, 0xDA, 0x2E, 0x48, 0x2E,
  0x70, 0x29, 0x0E, 0xB8, 0xEF, 0x60, 0x87, 0xAB, 0xC8, 0x96, 0x5B, 0xDE, 0x2D, 0xDA, 0x41, 0xF1, 0x90, 0xEC, 0xF7, 0x70,
  0x2C, 0x0E, 0xAE, 0xB6, 0x28, 0x37, 0xBE, 0x0E, 0x60, 0xE3, 0xC6, 0xAE, 0xBE, 0x84, 0xC0, 0x84, 0x5C, 0x6C, 0x64, 0xDF,
  0xE2, 0x7D, 0xCA, 0x9D, 0x47, 0xE6, 0xF6, 0x4C, 0x7E, 0x9E, 0x5E, 0x9F, 0x29, 0x75, 0xB6, 0xFA, 0xFA, 0x4C, 0x09, 0xF0,
  0xE9, 0xF5, 0x99, 0x82, 0x11, 0x34, 0xAE, 0xCF, 0x64, 0x49, 0xA4, 0x6D, 0x5E, 0x9F, 0x29, 0xE0, 0x2F, 0xBD, 0x3E, 0x93,
  0xCD, 0x24, 0xC6, 0xF5, 0x99, 0xB0, 0x22, 0x42, 0x0F, 0xA0, 0xAF, 0xCF, 0x04, 0xD6, 0x6E, 0x27, 0x91, 0x79, 0x7D, 0x66,
  0xB3, 0xDD, 0x86, 0xAE, 0x2D, 0xBD, 0x3E, 0x13, 0x9A, 0x9A, 0xEE, 0x78, 0x66, 0x5D, 0x9F, 0x09, 0x4D, 0x4D, 0x3C, 0x33,
  0xAE, 0xCF, 0x6C, 0x86, 0xDD, 0x1E, 0xE2, 0x12, 0xD3, 0xEB, 0x33, 0xE3, 0x71, 0xAB, 0x8B, 0x7C, 0xEF, 0xF9, 0xD7, 0x67,
  0xA6, 0x62, 0x59, 0x03, 0x49, 0x99, 0xC4, 0xF0, 0xF9, 0xDE, 0xD5, 0xDD, 0xEA, 0xFC, 0x1C, 0xD7, 0x5D, 0xD2, 0x6A, 0x80,
  0x83, 0x88, 0x67, 0x34, 0x13, 0xFB, 0x8D, 0x70, 0xCC, 0x11, 0x2E, 0x9A, 0xA1, 0xA7, 0xAA, 0x58, 0x86, 0x66, 0xB3, 0x15,
  0x77, 0x43, 0xB7, 0x32, 0xC0, 0x88, 0xDC, 0x2F, 0xEE, 0x42, 0x82, 0xEE, 0x21, 0x54, 0x94, 0x2B, 0x9F, 0x03, 0x2A, 0xB7,
  0x35, 0xBE, 0x99, 0x4E, 0x86, 0xD7, 0x42, 0xB5, 0xD7, 0xEC, 0x0A, 0x4B, 0x5F, 0x0B, 0xFA, 0x3D, 0x55, 0x84, 0x17, 0x4C,
  0xAA, 0x92, 0x45, 0xF4, 0x2D, 0x47, 0xE0, 0xF6, 0xD5, 0x04, 0x44, 0x29, 0x0E, 0x32, 0xF4, 0x14, 0x6B, 0xA7, 0x0D, 0xA5,
  0x8B, 0xD2, 0x91, 0x91, 0x48, 0x62, 0x51, 0x80, 0x44, 0x3B, 0x48, 0x39, 0x16, 0xF6, 0x38, 0x39, 0x42, 0x55, 0xB0, 0xE3,
  0x21, 0x5D, 0x5C, 0x19, 0x64, 0xDB, 0x83, 0x0D, 0x52, 0x97, 0xA8, 0xE9, 0x22, 0xCC, 0x7A, 0x36, 0x95, 0x61, 0xAE, 0x63,
  0x8D, 0x4C, 0x2C, 0x0C, 0xEE, 0x4B, 0xED, 0xB7, 0xFB, 0x7A, 0x2C, 0xD2, 0x2E, 0xCA, 0x88, 0x22, 0xB5, 0xEC, 0x41, 0x03,
  0xD6, 0x23, 0x2D, 0xB9, 0x31, 0x68, 0x55, 0x50, 0x7A, 0x8A, 0x88, 0x01, 0xF7, 0xAB, 0xA4, 0xD0, 0x6A, 0xA9, 0x55, 0x38,
  0x74, 0x84, 0xF9, 0x26, 0xD2, 0x62, 0xB7, 0xA0, 0x1E, 0x6B, 0x46, 0x99, 0xE1, 0x75, 0x4C, 0x6C, 0xD8, 0x2F, 0x78, 0xCB,
  0x28, 0x96, 0x97, 0x34, 0x7C, 0xA4, 0x67, 0x03, 0xDC, 0xDD, 0xFA, 0x8E, 0xD1, 0x02, 0xD5, 0x8F, 0x8E, 0xBD, 0xB0, 0x49,
  0xD6, 0xB9, 0xDC, 0x53, 0xEC, 0x2C, 0x48, 0x6D, 0x48, 0xF7, 0x9B, 0x3A, 0x36, 0x57, 0x84, 0x94, 0x1F, 0xBE, 0xDE, 0x33,
  0xFA, 0x3A, 0x68, 0x87, 0xAA, 0x25, 0x5C, 0x67, 0xD9, 0x68, 0x60, 0x9B, 0x7B, 0x00, 0x70, 0x24, 0x8C, 0x70, 0x9A, 0x4A,
  0xA9, 0xF6, 0x3E, 0x7B, 0x28, 0x9D, 0x04, 0xEF, 0x94, 0x71, 0x3E, 0xE7, 0x7C, 0x42, 0xFB, 0xD5, 0xED, 0x74, 0x86, 0xDE,
  0xC3, 0x09, 0x71, 0xAD, 0x9D, 0xCC, 0xF2, 0x0E, 0x67, 0x7F, 0x3C, 0x8E, 0xF8, 0xAD, 0x7B, 0x32, 0x65, 0xBF, 0x50, 0x9D,
  0xB6, 0xDB, 0xDE, 0x63, 0x49, 0x05, 0xA2, 0xAE, 0x0E, 0x8C, 0x1F, 0x7A, 0xCE, 0x64, 0xA3, 0x87, 0xD3, 0xDD, 0x68, 0x88,
  0x32, 0x51, 0xCF, 0x77, 0x28, 0x19, 0x53, 0x75, 0x9C, 0xDC, 0x71, 0xCD, 0x63, 0xE7, 0xB1, 0x99, 0x73, 0x1E, 0x91, 0x1D,
  0x1C, 0xC8, 0xA4, 0xD1, 0xEF, 0xB2, 0x42, 0x79, 0x68, 0x1F, 0xC6, 0xA4, 0x03, 0xF4, 0x3D, 0xCE, 0x3F, 0x8C, 0xD0, 0x97,
  0xF5, 0xB0, 0x59, 0xF0, 0x04, 0xE0, 0x03, 0x76, 0xF0, 0x2C, 0x22, 0x5D, 0x61, 0x9B, 0xB3, 0xAB, 0x90, 0xC3, 0x00, 0xF9,
  0xA6, 0xD3, 0xDA, 0xE2, 0x46, 0x6A, 0x38, 0x74, 0x1B, 0xD1, 0x0E, 0xDE, 0xB0, 0x27, 0xF3, 0xB6, 0x92, 0xDC, 0x20, 0x26,
  0xED, 0x0F, 0x6E, 0x3C, 0xCA, 0x84, 0x44, 0xE4, 0x38, 0x85, 0x7B, 0x20, 0xA4, 0x92, 0xBD, 0x12, 0xD9, 0x01, 0x36, 0x07,
  0x33, 0xB8, 0x60, 0x54, 0x19, 0x16, 0x4C, 0x32, 0x7F, 0xC0, 0x2B, 0x58, 0xDD, 0xBB, 0xF0, 0xB3, 0x5C, 0x18, 0xD6, 0xBA,
  0xE5, 0x15, 0x5C, 0x85, 0x2E, 0x38, 0x69, 0xF4, 0x7E, 0xB1, 0x1B, 0x4E, 0x0C, 0x00, 0xB9, 0xD5, 0x4D, 0x27, 0x12, 0x73,
  0x4B, 0x6E, 0xA0, 0x2A, 0x2F, 0xD3, 0xAE, 0x0C, 0x3D, 0x06, 0x34, 0x2A, 0x54, 0x95, 0x17, 0x72, 0x67, 0x11, 0x7D, 0x55,
  0xFA, 0xB3, 0x3A, 0xD0, 0x7A, 0xE4, 0x56, 0x1A, 0xB3, 0xE4, 0xB1, 0x7B, 0x4B, 0x3C, 0xA0, 0x23, 0xB0, 0x4C, 0xC5, 0x7F,
  0x95, 0x09, 0x97, 0xFC, 0xF5, 0xE2, 0x7A, 0x7D, 0xB1, 0xCF, 0x85, 0x3D, 0xD5, 0x80, 0x7B, 0xA7, 0xAC, 0x19, 0xFD, 0x68,
  0x0F, 0xF3, 0x19, 0xB8, 0xF3, 0x1D, 0x60, 0xC4, 0xCD, 0x6F, 0xCA, 0x99, 0x52, 0xD2, 0x98, 0x67, 0xFE, 0xAA, 0x6F, 0xC2,
  0x0A, 0x8B, 0x46, 0xBF, 0x59, 0x07, 0xBD, 0x40, 0x60, 0xDB, 0x8D, 0x90, 0x4D, 0x5E, 0x27, 0x90, 0x11, 0xC1, 0x12, 0x82,
  0x91, 0x7D, 0x31, 0xFF, 0xE9, 0x0A, 0x8B, 0xF5, 0x6B, 0xC2, 0x2D, 0x01, 0xA2, 0x4F, 0xE1, 0x76, 0x31, 0x3F, 0xE7, 0xBA,
  0xCC, 0xFE, 0x32, 0x78, 0x8A, 0x3D, 0x51, 0x0C, 0x30, 0x15, 0x5B, 0x5C, 0x0B, 0xA1, 0x84, 0x51, 0xD2, 0xD9, 0xD5, 0x66,
  0x06, 0xD0, 0xDE, 0x2B, 0x0C, 0x85, 0x0B, 0x90, 0xC3, 0xAF, 0x35, 0xBE, 0xBA, 0x1E, 0x58, 0x09, 0x5A, 0x2C, 0x10, 0x49,
  0x91, 0xBC, 0x19, 0xA7, 0x99, 0x21, 0xE7, 0x2E, 0x71, 0x6B, 0x8A, 0x8B, 0xDC, 0xE6, 0x9B, 0xC9, 0x22, 0x49, 0x3D, 0x96,
  0x64, 0xE7, 0x15, 0xEB, 0x27, 0x7C, 0x96, 0xCC, 0x9F, 0x4C, 0x0C, 0x1C, 0x49, 0x95, 0x6E, 0xC7, 0xCE, 0x28, 0xFB, 0x9B,
  0x86, 0x9C, 0x6B, 0x62, 0x7A, 0xBA, 0x1A, 0x2D, 0xF3, 0x14, 0xD9, 0x27, 0xF4, 0xFD, 0xD9, 0x4C, 0x5C, 0xC9, 0x83, 0x2B,
  0x04, 0x32, 0x0E, 0xFB, 0x56, 0x00, 0xAA, 0xE7, 0x90, 0xA4, 0x64, 0xCC, 0x2E, 0xE8, 0xA4, 0x0A, 0x36, 0xC9, 0x94, 0xBB,
  0x54, 0x99, 0xD4, 0xB4, 0x7C, 0xA1, 0x5D, 0xB0, 0x85, 0x49, 0x1C, 0x40, 0x80, 0x94, 0x18, 0xDD, 0x08, 0xC9, 0x2A, 0x78,
  0xF3, 0x20, 0xAB, 0x94, 0x71, 0xBB, 0x63, 0x93, 0x28, 0xE8, 0x87, 0x64, 0xFC, 0x6E, 0xBE, 0xAB, 0x7D, 0x7E, 0x0B, 0xDE,
  0x3C, 0x7A, 0x0A, 0xF5, 0x50, 0xA2, 0x7C, 0x0F, 0x46, 0x32, 0x1E, 0xAB, 0x19, 0x1A, 0x0F, 0xCD, 0x14, 0xAC, 0x07, 0x2F,
  0xEB, 0x35, 0xC1, 0xEE, 0x67, 0xC7, 0x03, 0x56, 0xE3, 0xF3, 0x6D, 0x59, 0xDE, 0x77, 0x1E, 0x57, 0x7C, 0x6A, 0xD5, 0xFC,
  0xC6, 0xFD, 0xDB, 0xC9, 0x8E, 0xD3, 0xF0, 0xB8, 0xD3, 0x6C, 0x44, 0x83, 0x78, 0x1A, 0xE2, 0xB7, 0xA3, 0x63, 0x4C, 0x06,
  0x38, 0x7A, 0x2B, 0x6C, 0xD4, 0x1C, 0xA7, 0xF8, 0xA1, 0x3C, 0xBD, 0x33, 0xA7, 0xCD, 0x80, 0xF7, 0xDB, 0x9C, 0xB3, 0xA8,
  0x77, 0x9B, 0x73, 0x26, 0xDD, 0x14, 0x7B, 0xC2, 0x13, 0x86, 0xD9, 0x22, 0xE7, 0xA4, 0x45, 0xBE, 0x93, 0x06, 0x89, 0x13,
  0x27, 0xCD, 0x6C, 0xCB, 0xE0, 0x84, 0x2A, 0xDE, 0x17, 0x82, 0xF5, 0xF9, 0xBC, 0xA3, 0xA5, 0x9C, 0xEC, 0x90, 0x3C, 0x74,
  0x36, 0xCB, 0xDB, 0x23, 0x56, 0x0C, 0x34, 0xB5, 0x1D, 0x11, 0x4A, 0x2E, 0xF8, 0x0D, 0xB1, 0x6C, 0x06, 0xAE, 0xF1, 0x18,
  0x2F, 0xD8, 0xF2, 0xF2, 0x82, 0x58, 0x92, 0x7E, 0xB5, 0xC3, 0xFB, 0x5C, 0x6C, 0x17, 0x35, 0xB4, 0x99, 0xE3, 0x6A, 0xCB,
  0x5C, 0x08, 0x99, 0x71, 0x99, 0xBD, 0xFA, 0xC7, 0xD5, 0x72, 0x3A, 0xD6, 0xA6, 0x56, 0x1B, 0x89, 0x3B, 0x99, 0x98, 0x3B,
  0x16, 0x17, 0x78, 0x14, 0x62, 0x5A, 0x3F, 0x2B, 0x66, 0x86, 0x33, 0x69, 0x66, 0xC8, 0x64, 0xA6, 0x75, 0x46, 0x7C, 0x4C,
  0xFA, 0x93, 0x96, 0x5B, 0xE1, 0x83, 0x21, 0x7D, 0x3C, 0xD8, 0x42, 0x93, 0x05, 0xCF, 0x63, 0xA8, 0x95, 0xC8, 0xB4, 0x89,
  0x18, 0x5B, 0x90, 0xBD, 0x0E, 0xA3, 0x52, 0x5F, 0x8D, 0x34, 0xE9, 0xAA, 0xBD, 0xFD, 0xCA, 0x7E, 0x87, 0xE8, 0xF8, 0xBC,
  0x57, 0x5F, 0x86, 0x7D, 0x14, 0x84, 0x84, 0x12, 0x4A, 0xF2, 0xEB, 0x57, 0x0F, 0xD2, 0x1D, 0x79, 0xC3, 0x37, 0x5C, 0x6C,
  0x8F, 0x6C, 0x45, 0x86, 0x72, 0xB7, 0x7E, 0x66, 0xCA, 0x6D, 0x8E, 0xA9, 0x20, 0xCB, 0x64, 0x8D, 0xB8, 0x48, 0x32, 0x00,
  0x77, 0x5F, 0x39, 0x6E, 0x24, 0x6F, 0xD3, 0xED, 0xE4, 0x05, 0x59, 0xC5, 0x64, 0x66, 0xBD, 0xB2, 0x10, 0xD3, 0xB1, 0x21,
  0xA6, 0x1D, 0x1E, 0x85, 0x31, 0x4F, 0x0D, 0xC9, 0xE9, 0x29, 0xF6, 0xB3, 0x1A, 0xC8, 0xAC, 0x08, 0x50, 0x12, 0xAF, 0x21,
  0xCF, 0x10, 0x3F, 0x67, 0xB1, 0x7E, 0x06, 0xDF, 0x87, 0xFF, 0x58, 0x6F, 0xCD, 0x4E, 0x75, 0xA9, 0x66, 0xB3, 0xBE, 0xE0,
  0xF2, 0xDF, 0xC7, 0xEF, 0xED, 0x49, 0x68, 0xC6, 0x16, 0x92, 0xD6, 0xE4, 0xDD, 0x75, 0x7A, 0x63, 0x98, 0x62, 0x67, 0x23,
  0x75, 0xE1, 0x29, 0x65, 0x35, 0x68, 0x30, 0xF3, 0xA6, 0x2F, 0x5B, 0xF8, 0x1A, 0x77, 0x2D, 0x34, 0x3B, 0x7C, 0xD7, 0x82,
  0xE4, 0x9F, 0xBB, 0x1D, 0x3B, 0x3C, 0x51, 0xFC, 0x96, 0x39, 0xA3, 0xD9, 0x45, 0x9D, 0x53, 0xE9, 0xD9, 0x29, 0x4F, 0x8D,
  0xEB, 0x81, 0xF9, 0x46, 0x6C, 0xBE, 0x24, 0x21, 0x93, 0x83, 0xD0, 0x2F, 0x9F, 0xE6, 0xB1, 0x60, 0x56, 0xC2, 0x75, 0x3B,
  0x3F, 0xF6, 0x97, 0x91, 0xD5, 0x66, 0xE7, 0x17, 0x67, 0x5F, 0x1B, 0x91, 0x9F, 0x7D, 0x85, 0x83, 0x99, 0xE7, 0x29, 0xB1,
  0x73, 0x26, 0x07, 0x1B, 0xB1, 0x5A, 0x0F, 0x6E, 0xC3, 0xAC, 0xEA, 0xF2, 0x34, 0xDF, 0xCA, 0xD0, 0x6C, 0xE6, 0xE1, 0xD5,
  0x55, 0xC8, 0x50, 0x0B, 0xB6, 0xA1, 0x89, 0x09, 0x23, 0x51, 0x3F, 0x8F, 0xCA, 0x32, 0xAD, 0x68, 0xB7, 0xD2, 0x0B, 0xD5,
  0xAA, 0x50, 0x4E, 0x91, 0x97, 0xD0, 0x51, 0x56, 0xA8, 0xDB, 0xF1, 0xEB, 0x5B, 0xA0, 0x40, 0x6D, 0x76, 0x64, 0x86, 0xD9,
  0xDE, 0x51, 0x64, 0x4E, 0x04, 0xDE, 0x3C, 0x36, 0xBD, 0xB6, 0xC3, 0xE5, 0xB6, 0x8E, 0xF1, 0xC9, 0x85, 0x5A, 0x30, 0xF8,
  0x64, 0x01, 0xD2, 0x39, 0xB9, 0x26, 0x95, 0x60, 0x9F, 0xC2, 0xFE, 0x91, 0x82, 0xF2, 0x04, 0x1C, 0x29, 0xE5, 0x5E, 0x57,
  0x70, 0xB8, 0x6C, 0xCA, 0x95, 0x37, 0xD3, 0xCB, 0x9D, 0xFD, 0x07, 0xDF, 0x73, 0xAB, 0xDE, 0x67, 0x5F, 0x67, 0x6D, 0x1D,
  0xB6, 0xF9, 0x12, 0xB6, 0xAE, 0xF9, 0xEE, 0x60, 0xBC, 0x4C, 0x2F, 0x47, 0x3E, 0x8B, 0xFC, 0xE2, 0x59, 0x1B, 0x8A, 0x4D,
  0x7D, 0x63, 0x45, 0xBD, 0xD7, 0xC9, 0x9D, 0xD4, 0xE9, 0xAF, 0x8E, 0xDC, 0x50, 0xAD, 0xAB, 0x71, 0x84, 0xC2, 0x3E, 0x27,
  0xC4, 0x5A, 0xDC, 0x89, 0x68, 0x97, 0x0D, 0xE2, 0xFD, 0x97, 0x29, 0xAD, 0xCC, 0xA4, 0xCF, 0x2D, 0x3B, 0x33, 0x86, 0x37,
  0x5D, 0x8B, 0x19, 0xB2, 0xEC, 0xB0, 0x75, 0xAD, 0xA3, 0xD7, 0x0F, 0x70, 0x22, 0x66, 0x57, 0xCB, 0xD5, 0x6D, 0x43, 0xCD,
  0xE5, 0xD1, 0x66, 0xE5, 0xA4, 0x54, 0xD7, 0x77, 0x6B, 0x38, 0x42, 0x60, 0x64, 0xAB, 0xA5, 0x7C, 0x57, 0x70, 0x44, 0xD1,
  0x41, 0x01, 0xD0, 0x5D, 0xD9, 0xAC, 0x1F, 0xAE, 0x47, 0x7E, 0xEA, 0x3A, 0x6A, 0x2A, 0x0F, 0xF4, 0xF4, 0x2A, 0xBE, 0x04,
  0xF2, 0xF9, 0x17, 0xB0, 0x65, 0x46, 0xE2, 0x09, 0x45, 0x94, 0x48, 0xB5, 0xCF, 0xAA, 0x5C, 0x52, 0x3F, 0xD7, 0x23, 0xDF,
  0x40, 0x80, 0x3C, 0xAA, 0xEC, 0x0C, 0xDC, 0xEA, 0x32, 0x3B, 0xEF, 0x19, 0x88, 0x87, 0x93, 0xCB, 0x91, 0x41, 0x2A, 0x55,
  0x0E, 0x62, 0x15, 0x82, 0x8C, 0x30, 0xBA, 0xB5, 0xAA, 0xED, 0x3E, 0x7B, 0x27, 0xD5, 0xDD, 0x15, 0x34, 0x75, 0x48, 0x0E,
  0x8C, 0x79, 0xD4, 0xBD, 0x22, 0x0B, 0x4B, 0xDB, 0x48, 0x4C, 0x28, 0x61, 0xAA, 0x9D, 0xBD, 0xC7, 0x36, 0x43, 0x31, 0x3D,
  0xBB, 0xD2, 0xCA, 0x15, 0xE3, 0x3C, 0x76, 0xB4, 0x4E, 0x2E, 0x31, 0xE9, 0xA9, 0x5B, 0x30, 0xC4, 0x6C, 0xC3, 0x2A, 0x2C,
  0x78, 0x4C, 0x07, 0x8E, 0x13, 0x93, 0x96, 0xCD, 0xD9, 0x3A, 0x88, 0xE1, 0x09, 0xD2, 0xC0, 0x62, 0x53, 0x55, 0xB2, 0xE3,
  0x8E, 0x93, 0x26, 0xA8, 0x63, 0x18, 0xD0, 0xF5, 0x0D, 0xF0, 0x4E, 0x64, 0x75, 0x37, 0xB3, 0x58, 0xF2, 0x6E, 0x2A, 0x53,
  0xB4, 0xE3, 0x34, 0x77, 0x3D, 0x0F, 0x31, 0x3C, 0x3E, 0x81, 0xE8, 0x38, 0x35, 0xEC, 0x14, 0x99, 0xA3, 0x8A, 0x16, 0xCE,
  0x7D, 0x9D, 0x03, 0x29, 0x34, 0x6C, 0xB3, 0xF9, 0x43, 0x51, 0xCE, 0x7E, 0x1E, 0xF2, 0x67, 0xE6, 0x99, 0xB2, 0x6B, 0xD4,
  0x89, 0xBE, 0x84, 0x6D, 0xEA, 0x7A, 0xD9, 0xA6, 0xC8, 0x62, 0x9A, 0x8C, 0xF3, 0x0D, 0x98, 0xCE, 0x65, 0x9A, 0xA4, 0x96,
  0x84, 0x62, 0x85, 0x22, 0x61, 0x66, 0x86, 0x3D, 0x4B, 0x85, 0x02, 0x40, 0x77, 0x12, 0xD1, 0x9B, 0x1E, 0x9B, 0x94, 0x8A,
  0x32, 0x4E, 0x50, 0xB7, 0x74, 0x43, 0x16, 0x6B, 0x89, 0xEB, 0x39, 0x02, 0x2C, 0x30, 0xEB, 0x7A, 0x81, 0x25, 0x32, 0x4C,
  0xC7, 0xBD, 0xCA, 0x6D, 0x77, 0xF3, 0x30, 0xF2, 0x43, 0xC0, 0x03, 0x07, 0x3E, 0xF4, 0x42, 0x5E, 0x1B, 0xCF, 0x29, 0xEF,
  0x40, 0x69, 0x4A, 0xD6, 0xB2, 0x2E, 0xD6, 0x23, 0xD2, 0xB8, 0x4F, 0x84, 0x20, 0x76, 0x8B, 0xE3, 0xBD, 0x5E, 0x9B, 0x10,
  0x5F, 0x5B, 0x65, 0x8D, 0x14, 0xAB, 0x13, 0x0A, 0xC3, 0x7A, 0x5F, 0x20, 0xBE, 0x62, 0xB3, 0x31, 0x01, 0xBD, 0x00, 0x12,
  0x6B, 0x47, 0xB7, 0x40, 0x62, 0xFD, 0x82, 0x38, 0xCC, 0xDC, 0xD6, 0xA3, 0x38, 0xA0, 0xDF, 0xF1, 0x89, 0xC2, 0x66, 0x76,
  0x79, 0x21, 0x7E, 0xE6, 0x9C, 0x3F, 0x51, 0xC8, 0x14, 0xCA, 0x48, 0xE2, 0x49, 0x65, 0xB2, 0xD0, 0x91, 0xC9, 0xC2, 0x6C,
  0x22, 0x6E, 0xEB, 0x92, 0x85, 0xC8, 0x8F, 0xF1, 0x0A, 0xE6, 0x35, 0x35, 0x36, 0x42, 0x24, 0xB2, 0xB5, 0x13, 0x8E, 0x3A,
  0x2C, 0x58, 0xD1, 0x54, 0x1B, 0x2A, 0x6F, 0x61, 0xE6, 0x8E, 0xF1, 0x0C, 0x9B, 0x66, 0x12, 0x41, 0x3B, 0x05, 0x59, 0xCF,
  0x4D, 0x0C, 0xE1, 0xB1, 0x04, 0xB6, 0xE9, 0xC6, 0x8E, 0x02, 0xE4, 0x35, 0xF2, 0x92, 0xD7, 0x5E, 0x36, 0xC1, 0x1C, 0xA7,
  0xDA, 0x38, 0x4C, 0x95, 0xF8, 0xBE, 0x5B, 0xF7, 0xFE, 0x5B, 0x93, 0x2A, 0x75, 0xB2, 0x54, 0xA9, 0x93, 0x25, 0xE1, 0x5D,
  0xCE, 0x74, 0xF1, 0xCD, 0x83, 0xED, 0xEE, 0x7A, 0x91, 0x9C, 0xE2, 0xCB, 0x05, 0xC2, 0xAD, 0xF0, 0x97, 0x9C, 0x17, 0xF0,
  0x67, 0x3A, 0x7F, 0x4F, 0x92, 0xF6, 0x76, 0x3B, 0x3A, 0xE1, 0xC4, 0xC7, 0x27, 0xA7, 0xF0, 0x30, 0xF9, 0x26, 0x66, 0xC7,
  0x35, 0xF5, 0x5C, 0xA8, 0x85, 0x02, 0x13, 0xBA, 0xB8, 0x18, 0x0A, 0x1A, 0xD5, 0x79, 0x5B, 0xE5, 0x73, 0xFB, 0x0D, 0xA5,
  0xC1, 0x38, 0x39, 0xFD, 0x66, 0xFB, 0xFE, 0x3C, 0x20, 0x0F, 0xBC, 0xC7, 0xAB, 0x8F, 0xA3, 0x13, 0xF6, 0xB1, 0x6E, 0xE1,
  0x3F, 0xBC, 0x58, 0xC7, 0x48, 0xD6, 0x3F, 0x1D, 0x9D, 0xBC, 0x6C, 0x21, 0x79, 0xD3, 0xA4, 0x55, 0x6B, 0x04, 0x9D, 0x5A,
  0x2B, 0xE8, 0xD5, 0x7A, 0x41, 0x14, 0xB4, 0xF0, 0x6F, 0x37, 0xE8, 0xE1, 0x57, 0x33, 0x08, 0x6B, 0xED, 0xA0, 0x81, 0xA7,
  0xED, 0x5A, 0xB3, 0xD6, 0xAA, 0xB5, 0xF1, 0x6F, 0xAF, 0xD6, 0xFE, 0xE7, 0x27, 0x0F, 0x4E, 0x31, 0xBB, 0xF7, 0xE7, 0xF8,
  0x44, 0x9F, 0xBE, 0xFE, 0x79, 0x64, 0x4F, 0x56, 0xEB, 0x6B, 0x1A, 0x04, 0x3B, 0x52, 0x9E, 0x9E, 0xFD, 0xF8, 0xFC, 0xD9,
  0x9B, 0x1F, 0x9F, 0x7F, 0xFF, 0x6B, 0x5A, 0x18, 0x7E, 0xF2, 0x0D, 0xE7, 0xB5, 0x3A, 0x7D, 0xF1, 0xC3, 0x93, 0x47, 0x2F,
  0x82, 0xB3, 0x37, 0x3F, 0xBC, 0x7E, 0xF4, 0xEB, 0xA7, 0xC1, 0x83, 0xE0, 0xD1, 0xEB, 0xD7, 0x8F, 0x7E, 0x87, 0x42, 0xFC,
  0xD2, 0xE8, 0xC1, 0xFC, 0x6A, 0x74, 0x05, 0x60, 0x4B, 0x97, 0x20, 0x56, 0x4F, 0x05, 0x0E, 0x3D, 0x09, 0x2E, 0xA0, 0xC6,
  0x1A, 0x9D, 0x3C, 0xA0, 0x61, 0xC0, 0xE1, 0xCB, 0xA8, 0x43, 0xB1, 0x49, 0x27, 0xA7, 0x7F, 0xFE, 0x8F, 0xFF, 0x1D, 0x3D,
  0xE1, 0xCD, 0x29, 0xFC, 0x81, 0x93, 0xED, 0x37, 0x0F, 0x62, 0xA3, 0x29, 0x59, 0x57, 0x68, 0x70, 0xF2, 0x5B, 0xF8, 0xD7,
  0xB2, 0x85, 0xB3, 0x6B, 0xF8, 0xB0, 0x5D, 0x06, 0x67, 0x5C, 0xDC, 0x6C, 0x49, 0x98, 0x3E, 0xA0, 0x10, 0x9A, 0x2C, 0xA0,
  0xDA, 0x19, 0x9D, 0x50, 0x0A, 0xF7, 0x1F, 0xE1, 0x27, 0x5F, 0xAE, 0xE4, 0x36, 0xFA, 0x6F, 0xFE, 0xA5, 0x6C, 0xF4, 0xC7,
  0x79, 0xED, 0xD9, 0xFC, 0x9B, 0x07, 0xA2, 0x09, 0xB7, 0xC5, 0xF9, 0x94, 0x26, 0x9A, 0x3A, 0xE4, 0x8A, 0x94, 0xF7, 0x27,
  0x01, 0x25, 0xE0, 0xC1, 0x1E, 0xC8, 0x5F, 0x42, 0x6F, 0x63, 0x77, 0xFF, 0xC8, 0xA8, 0x95, 0x3F, 0x8C, 0xFF, 0xEF, 0x7F,
  0xFD, 0x1F, 0x72, 0x18, 0x6F, 0xB7, 0xD0, 0x05, 0xDA, 0xC3, 0xC8, 0xD9, 0x8E, 0x34, 0x8B, 0xB4, 0x17, 0x30, 0x55, 0x7A,
  0x0D, 0xA7, 0x4B, 0x2B, 0x5B, 0xC7, 0xC9, 0xE9, 0x23, 0x61, 0x2A, 0xC5, 0x91, 0x03, 0xF6, 0x3F, 0xBF, 0x96, 0x83, 0x50,
  0x90, 0x14, 0x36, 0x02, 0xE5, 0xD5, 0xFB, 0x8F, 0xFF, 0x10, 0x84, 0x51, 0xF0, 0x76, 0xC7, 0xF7, 0x31, 0xBA, 0x80, 0x75,
  0x26, 0xB2, 0x24, 0x04, 0xCB, 0xD5, 0x14, 0x39, 0xEC, 0xC1, 0xB1, 0x04, 0x97, 0xF1, 0x12, 0x0F, 0xA6, 0xAC, 0xFC, 0xA2,
  0xB4, 0xA3, 0x40, 0xD5, 0xB0, 0xC1, 0x7A, 0x60, 0xCD, 0x1E, 0xB4, 0x9D, 0xE8, 0xE3, 0xF0, 0xD0, 0xCF, 0x80, 0x88, 0x13,
  0xB2, 0xF8, 0x06, 0xF1, 0xD6, 0x1E, 0x37, 0x6F, 0x97, 0xDD, 0x14, 0xF9, 0x6C, 0x9F, 0x9C, 0xBE, 0x80, 0xE7, 0x29, 0x30,
  0xCA, 0x9F, 0xFF, 0xFA, 0xBF, 0xA5, 0x33, 0xC8, 0x1B, 0x0A, 0x43, 0x7B, 0x0A, 0x9B, 0x74, 0xCE, 0xAF, 0x76, 0xB9, 0x60,
  0xF4, 0x37, 0xFF, 0xB7, 0x1C, 0xC2, 0x0B, 0x2E, 0x47, 0x40, 0xE9, 0x3B, 0x50, 0x78, 0x4E, 0xB3, 0x38, 0xBD, 0x43, 0xDF,
  0x29, 0x77, 0xB4, 0x6A, 0x89, 0xBE, 0x7B, 0xF0, 0x8E, 0xCC, 0xD1, 0x64, 0x6D, 0xB0, 0xFA, 0x6E, 0x97, 0x94, 0x29, 0x4E,
  0x4E, 0xF4, 0x5E, 0x3C, 0xDA, 0x6C, 0xE2, 0x6B, 0x1C, 0xF2, 0x1F, 0x20, 0x68, 0x12, 0x66, 0xB2, 0x26, 0x8A, 0xBA, 0x17,
  0x0D, 0x55, 0x55, 0xE7, 0x3A, 0x39, 0x39, 0x7D, 0x79, 0x1D, 0xC8, 0xE3, 0x79, 0xD1, 0x38, 0xB5, 0xD0, 0x8C, 0xCA, 0x6D,
  0x72, 0xC2, 0x8B, 0x7B, 0x35, 0x7F, 0xAC, 0x1F, 0xA8, 0x55, 0x0D, 0xDE, 0x3E, 0x0F, 0xD0, 0xD7, 0x16, 0x94, 0x92, 0x17,
  0x38, 0x77, 0xA8, 0xDB, 0xAB, 0xF1, 0x4E, 0x74, 0xF7, 0xC3, 0x92, 0xD4, 0xB6, 0x62, 0xBC, 0xC8, 0x22, 0xC9, 0xAA, 0x96,
  0x7A, 0xF0, 0x96, 0x3D, 0x84, 0xE9, 0xBA, 0x07, 0x48, 0xF9, 0x81, 0x20, 0xBF, 0xF0, 0x38, 0x86, 0x16, 0x75, 0xAD, 0x5D,
  0xCC, 0xB9, 0x4E, 0xDD, 0xDE, 0xBC, 0xBC, 0x9D, 0x34, 0x13, 0x5D, 0x9D, 0xF8, 0x87, 0x64, 0x66, 0x5C, 0x71, 0x68, 0x81,
  0x3A, 0x00, 0x6A, 0x5D, 0x1F, 0x04, 0xDF, 0x03, 0xCA, 0x83, 0xB0, 0xE1, 0xCE, 0xD0, 0x40, 0x15, 0x4C, 0x42, 0xDF, 0xB0,
  0x81, 0xE2, 0x44, 0x8F, 0x22, 0x25, 0xAB, 0x76, 0x0F, 0x0E, 0x12, 0x89, 0x37, 0xF3, 0x18, 0x96, 0x43, 0xF8, 0x46, 0x27,
  0x68, 0x69, 0x16, 0xE3, 0x4A, 0x8C, 0x93, 0x14, 0xA5, 0x08, 0xAB, 0xC7, 0x1B, 0x6A, 0x2B, 0x83, 0x4D, 0x52, 0x87, 0x10,
  0xD9, 0x8A, 0xC0, 0x47, 0x78, 0xB1, 0xB9, 0x4A, 0x08, 0x7F, 0xFE, 0x5B, 0x7D, 0x4C, 0xDC, 0x5A, 0xF2, 0x48, 0xBD, 0x60,
  0x2D, 0x1E, 0xA2, 0x00, 0x13, 0x55, 0xD2, 0xC5, 0x87, 0x19, 0x98, 0x16, 0xDF, 0x65, 0x1C, 0x9E, 0x6A, 0x93, 0x7C, 0xBF,
  0xFD, 0x48, 0xC9, 0xCE, 0x51, 0x9F, 0xB3, 0x1B, 0x66, 0xD2, 0x95, 0x93, 0xD3, 0xEF, 0x1F, 0x9D, 0x19, 0x8B, 0xFF, 0x5B,
  0x4A, 0x08, 0xE6, 0x5B, 0x7E, 0xAA, 0x4F, 0x6B, 0x2F, 0x2B, 0x9F, 0x09, 0x2F, 0xF6, 0x13, 0xA7, 0x4D, 0x5C, 0x6B, 0x79,
  0x72, 0xFA, 0xE4, 0x22, 0x99, 0xBC, 0x23, 0x88, 0x55, 0x70, 0x54, 0x2F, 0x08, 0x49, 0x9C, 0xD6, 0x25, 0x67, 0xD0, 0x2A,
  0xE5, 0x8B, 0xDA, 0x14, 0x3E, 0x26, 0xD8, 0x43, 0x0A, 0x13, 0x3C, 0x39, 0xAD, 0xD5, 0xD8, 0x0F, 0xDB, 0xDA, 0x00, 0x2A,
  0x31, 0x83, 0x53, 0xB2, 0x2E, 0x41, 0x3F, 0xF4, 0xC2, 0xE7, 0x1E, 0x1F, 0xB0, 0x2B, 0x27, 0xA7, 0x7A, 0xBA, 0xDC, 0x2D,
  0x85, 0xD8, 0xE8, 0x99, 0x92, 0x6A, 0xFB, 0x44, 0x36, 0x50, 0x6C, 0x5A, 0x69, 0x32, 0xF7, 0x93, 0x2C, 0x3C, 0xAB, 0x5E,
  0x77, 0xCB, 0x40, 0xE7, 0xF5, 0x30, 0x00, 0x72, 0x99, 0x7C, 0x78, 0xC6, 0xBE, 0xEB, 0x04, 0x8E, 0x20, 0x63, 0xC1, 0xF7,
  0xC9, 0x87, 0x40, 0x78, 0xB3, 0xBB, 0xC0, 0x63, 0x9F, 0x11, 0xF3, 0xEE, 0x98, 0x13, 0xB3, 0x17, 0xF3, 0x70, 0x04, 0xA6,
  0x85, 0xD9, 0x3D, 0x29, 0x16, 0x9D, 0x15, 0x48, 0xE3, 0x15, 0x7E, 0x8B, 0xA1, 0xFC, 0xF9, 0x6F, 0xFE, 0x56, 0x22, 0x12,
  0xCF, 0x30, 0x38, 0x64, 0xCE, 0x18, 0x05, 0xE1, 0x3C, 0xD5, 0xFA, 0x8C, 0xBF, 0xA7, 0xA4, 0xFC, 0x82, 0x32, 0x81, 0xA8,
  0x82, 0x67, 0xD2, 0xAC, 0x49, 0x3D, 0xD8, 0xAB, 0x7A, 0xC7, 0x01, 0xC3, 0x6C, 0x98, 0x83, 0x9E, 0xA4, 0xE7, 0x55, 0x0E,
  0x48, 0xB9, 0x57, 0x94, 0x19, 0xE5, 0x5C, 0x5A, 0x70, 0xB8, 0xAE, 0x3C, 0xDF, 0x62, 0x41, 0x00, 0xF9, 0x0E, 0x78, 0x1D,
  0x18, 0x39, 0x13, 0x4E, 0x7F, 0xA3, 0x82, 0xA6, 0xBE, 0x42, 0xAA, 0x3F, 0x60, 0x1B, 0x9C, 0x26, 0x5A, 0x39, 0xF7, 0x28,
  0x65, 0xE0, 0xEE, 0x40, 0x57, 0x32, 0x56, 0x2D, 0xA7, 0x37, 0xF5, 0xF6, 0x34, 0xFC, 0xDA, 0x3D, 0x1C, 0xF9, 0x67, 0xC5,
  0x13, 0xCC, 0x76, 0x52, 0x60, 0x24, 0xD6, 0x79, 0xF2, 0xBC, 0x3A, 0xFD, 0xDC, 0x11, 0x38, 0xFC, 0x9A, 0xC0, 0x9D, 0x1A,
  0x5B, 0xD8, 0x45, 0xAF, 0x77, 0x09, 0xC8, 0x55, 0x18, 0x3C, 0x06, 0xD6, 0xC3, 0xA7, 0x44, 0x0C, 0x05, 0x6A, 0x9E, 0x49,
  0x36, 0x5A, 0xEF, 0x0C, 0x6F, 0x8A, 0x5D, 0x3B, 0x0F, 0x31, 0xA0, 0x9C, 0x40, 0xE5, 0x39, 0x98, 0xDD, 0x89, 0x53, 0x91,
  0x84, 0x66, 0x41, 0xE0, 0x35, 0x3A, 0x91, 0x81, 0xD1, 0x0C, 0x08, 0x2C, 0x0D, 0xA9, 0x58, 0x22, 0x55, 0x0C, 0xAC, 0x26,
  0x68, 0x2D, 0x94, 0xFD, 0xBB, 0xC4, 0x4F, 0x1E, 0xEC, 0x50, 0xB2, 0x93, 0x53, 0xDF, 0x4B, 0x09, 0xCB, 0x3F, 0xE2, 0xFE,
  0x57, 0x96, 0x97, 0xB1, 0x3C, 0x67, 0xF2, 0x95, 0x44, 0x7A, 0x06, 0x17, 0xA8, 0x2A, 0x9D, 0x4D, 0x80, 0x24, 0x4E, 0x4E,
  0x5F, 0x43, 0x99, 0x22, 0x39, 0x8A, 0xD5, 0xC6, 0x65, 0x63, 0xAD, 0x0A, 0x82, 0x75, 0x7E, 0x22, 0x04, 0x73, 0xF0, 0xB4,
  0xEF, 0x71, 0x33, 0x16, 0x25, 0xF4, 0x20, 0x6B, 0xB3, 0xC3, 0x12, 0x1C, 0xE5, 0x6A, 0xED, 0x78, 0x37, 0x49, 0x20, 0x4E,
  0x9F, 0x93, 0x0E, 0x81, 0xD8, 0x57, 0xC1, 0x9D, 0x65, 0x18, 0x58, 0x55, 0x8B, 0xCB, 0x01, 0xA1, 0xFD, 0xF5, 0xDF, 0x1D,
  0x67, 0x5A, 0xFD, 0x3D, 0x49, 0x96, 0x2E, 0xB7, 0x07, 0x7E, 0xFF, 0x65, 0x3D, 0x30, 0x58, 0x1C, 0xEC, 0x43, 0x94, 0xF8,
  0xA2, 0x5E, 0x7E, 0x2B, 0xC3, 0xCC, 0x48, 0x1B, 0x76, 0xA0, 0x2B, 0x79, 0x72, 0x72, 0x3A, 0x3A, 0x06, 0xE1, 0x13, 0x13,
  0x1F, 0x5B, 0xB2, 0x89, 0x4C, 0xB3, 0x94, 0x83, 0xAC, 0xE5, 0xC5, 0x24, 0xF6, 0xD9, 0x2E, 0x46, 0x43, 0xCF, 0x57, 0x8F,
  0x81, 0x98, 0x04, 0xD5, 0xFA, 0xB7, 0x01, 0x7D, 0xCF, 0xD2, 0x2C, 0x67, 0x7D, 0x74, 0xF6, 0x22, 0x57, 0x46, 0xD2, 0xE9,
  0x88, 0x48, 0xB6, 0xFD, 0xF7, 0x6A, 0x95, 0x52, 0x82, 0x27, 0x0B, 0xD0, 0x6F, 0xFB, 0xF0, 0x9E, 0xF1, 0x0B, 0x3E, 0xBB,
  0x22, 0x92, 0x6C, 0x26, 0x77, 0x2C, 0x30, 0x12, 0x23, 0x1D, 0x2A, 0xB6, 0x5A, 0xE2, 0x1A, 0x33, 0x28, 0x06, 0xC1, 0x70,
  0xCE, 0x67, 0x9C, 0x51, 0x75, 0x57, 0xC7, 0x93, 0xD1, 0x68, 0x54, 0x7A, 0x4A, 0x7A, 0xB2, 0x52, 0x65, 0x73, 0xB5, 0x14,
  0xD5, 0x99, 0x75, 0xCD, 0x50, 0x85, 0x62, 0x8B, 0x65, 0x35, 0x22, 0xBE, 0x79, 0x57, 0xAB, 0x58, 0x6B, 0x50, 0xCF, 0xC7,
  0x9B, 0xB4, 0xBD, 0x27, 0xF4, 0xD3, 0xDB, 0x1C, 0xAF, 0x92, 0x6A, 0xCD, 0x89, 0xB5, 0xB4, 0x05, 0x06, 0x7D, 0xE6, 0x76,
  0xC4, 0x02, 0x49, 0x28, 0x15, 0xD1, 0x98, 0xCC, 0xF1, 0x61, 0xE5, 0xC4, 0x4B, 0x7B, 0xFD, 0xC5, 0x33, 0xFF, 0xC2, 0x2A,
  0x26, 0x24, 0x5E, 0xAF, 0x17, 0xD7, 0xBF, 0x45, 0xE7, 0x4F, 0xA4, 0x6B, 0x33, 0x2F, 0xA4, 0x88, 0xF1, 0x84, 0x4D, 0x01,
  0x0E, 0xEC, 0x28, 0x43, 0xF4, 0xE9, 0x11, 0x61, 0x33, 0xC2, 0x1B, 0xDF, 0x3C, 0x10, 0x6F, 0xDD, 0x52, 0xA2, 0xF1, 0x93,
  0xF4, 0xE0, 0xE6, 0x14, 0x23, 0x66, 0x48, 0xE1, 0x0F, 0x7F, 0x11, 0xB6, 0x7F, 0x9C, 0x9C, 0x3E, 0xA7, 0x3F, 0xB9, 0x85,
  0xDE, 0x43, 0xE8, 0x85, 0x44, 0xF0, 0x5B, 0xFA, 0x93, 0x57, 0x66, 0x0A, 0xBF, 0xD8, 0x4B, 0xA6, 0xF0, 0xDF, 0xCA, 0x6F,
  0xB9, 0xCD, 0xC5, 0x57, 0xD3, 0x39, 0x9A, 0x7B, 0x44, 0x7F, 0xD2, 0x32, 0x0F, 0xC4, 0x2A, 0xE3, 0x0B, 0x2F, 0x69, 0xE1,
  0xED, 0x43, 0x60, 0xC3, 0xEE, 0xC8, 0x6E, 0x9E, 0xA1, 0x48, 0xCE, 0x5E, 0xD2, 0x2B, 0xE7, 0x24, 0xE1, 0xC9, 0x97, 0xEF,
  0xE3, 0x92, 0xB9, 0x2B, 0xE2, 0xB1, 0x82, 0x47, 0x7F, 0xFE, 0xEB, 0x7F, 0xF7, 0xCF, 0xF3, 0xD6, 0x82, 0x54, 0xAE, 0x90,
  0xDC, 0xA0, 0xDC, 0x86, 0x93, 0x7C, 0xC0, 0xA9, 0xA1, 0xF3, 0x8A, 0x12, 0x83, 0x7B, 0x72, 0xFA, 0x06, 0x9F, 0xC5, 0x16,
  0xAD, 0xE0, 0x81, 0x4C, 0x20, 0xB7, 0x6C, 0x2F, 0x18, 0x48, 0x04, 0x0E, 0xFB, 0x9F, 0x1E, 0x96, 0x3B, 0x47, 0x5A, 0x23,
  0x9D, 0x05, 0x34, 0x5E, 0x92, 0x65, 0x49, 0x85, 0x35, 0x95, 0x1F, 0x2D, 0xD5, 0x2E, 0x40, 0x0C, 0xCC, 0x91, 0xD3, 0xEE,
  0x64, 0xDA, 0xD4, 0x89, 0xD2, 0x52, 0xC1, 0xC2, 0x78, 0xE6, 0x21, 0x3B, 0x54, 0x4D, 0x65, 0x00, 0xD3, 0x75, 0xF4, 0x83,
  0xD3, 0x6F, 0xF1, 0x2D, 0x88, 0x05, 0x5F, 0x43, 0x57, 0x6F, 0x90, 0x2E, 0x42, 0x86, 0x45, 0xE3, 0x1B, 0x84, 0xFA, 0xD9,
  0xEE, 0x83, 0x1C, 0xA3, 0x67, 0x4C, 0x8A, 0x40, 0xA8, 0x7C, 0x60, 0x82, 0xAD, 0xE1, 0xAD, 0x95, 0x0C, 0x0B, 0x7D, 0x88,
  0x6D, 0xD1, 0x3F, 0xCF, 0xB0, 0xAD, 0xE9, 0xCF, 0x80, 0x35, 0xDC, 0x68, 0x23, 0xBD, 0xEB, 0x81, 0xE3, 0x30, 0x84, 0x02,
  0x0F, 0xFE, 0x71, 0x3E, 0x71, 0x4F, 0x4D, 0x6C, 0x26, 0xC8, 0xBB, 0xA5, 0x2D, 0xA2, 0x64, 0x04, 0x9E, 0x47, 0x92, 0x70,
  0xFC, 0xA7, 0x7F, 0x69, 0x74, 0x6D, 0xBE, 0x97, 0x22, 0xB9, 0xDA, 0x93, 0x99, 0x40, 0x0C, 0x69, 0xD7, 0x7E, 0x3A, 0x4B,
  0x3F, 0x48, 0xC1, 0x45, 0x1A, 0x7A, 0xB1, 0x3A, 0x7A, 0x6C, 0xE4, 0x57, 0xCA, 0x49, 0x98, 0xF4, 0xAA, 0xA7, 0x79, 0x99,
  0x7C, 0x5A, 0x8C, 0x14, 0xEC, 0x34, 0x8D, 0xD9, 0x11, 0xE8, 0xEF, 0x40, 0x66, 0x76, 0x17, 0xF3, 0x6D, 0x65, 0xB2, 0x58,
  0x6D, 0x13, 0xA5, 0xF3, 0xBD, 0x63, 0xEF, 0x80, 0x76, 0x21, 0x76, 0x14, 0x30, 0x38, 0x81, 0x84, 0x7F, 0x60, 0xC0, 0x5D,
  0x9D, 0xCB, 0x4E, 0x79, 0x14, 0xAA, 0xCF, 0xF4, 0x70, 0xE3, 0x7A, 0xD3, 0xF1, 0xB5, 0xD1, 0x90, 0x5C, 0x8F, 0x8C, 0xDE,
  0x4E, 0x79, 0xFE, 0xFA, 0xEC, 0x0A, 0x39, 0x63, 0xF2, 0xB0, 0x16, 0x79, 0xD4, 0xDF, 0x4C, 0xD3, 0x04, 0x14, 0x01, 0x73,
  0x11, 0x78, 0x61, 0x9C, 0xCD, 0xDD, 0xD5, 0x3A, 0x5F, 0xD6, 0x72, 0xC6, 0x6C, 0xB5, 0x25, 0xA7, 0xF1, 0xE4, 0x62, 0x85,
  0xC5, 0x0B, 0xBE, 0x5B, 0x01, 0xE7, 0x48, 0x75, 0xF8, 0xB1, 0x51, 0xB0, 0x3E, 0x85, 0xA4, 0x6E, 0x76, 0xC1, 0xBC, 0xA0,
  0x9A, 0x4B, 0x39, 0x1E, 0xEC, 0x14, 0x1C, 0x31, 0xD3, 0xC3, 0xF1, 0x01, 0x92, 0x53, 0xB0, 0xBD, 0x5E, 0x4E, 0x40, 0x99,
  0xE8, 0xD8, 0x10, 0xC7, 0xDD, 0x46, 0x9C, 0x29, 0xD8, 0xAA, 0x6D, 0x46, 0x4F, 0x7C, 0x50, 0xBC, 0xB2, 0xF1, 0xD2, 0x47,
  0x57, 0x69, 0x60, 0x91, 0x77, 0x03, 0x1A, 0x9E, 0xD0, 0x8F, 0xE3, 0x1A, 0x2D, 0xDF, 0x0E, 0xD1, 0x75, 0x68, 0xB9, 0xDB,
  0x67, 0xA4, 0xBE, 0xCA, 0xE1, 0x0D, 0xD3, 0x34, 0x42, 0x27, 0xEA, 0x24, 0xDB, 0xB7, 0xFB, 0xC1, 0xFC, 0x85, 0xF1, 0x49,
  0xF1, 0x69, 0x2B, 0xED, 0x1A, 0x7E, 0x8C, 0x69, 0xF4, 0x78, 0xE2, 0x19, 0x85, 0x50, 0x26, 0xC9, 0x03, 0x9A, 0x95, 0xC6,
  0xDD, 0xB1, 0xFF, 0xC5, 0xD5, 0x9C, 0x44, 0x62, 0x8B, 0x87, 0x5C, 0xB3, 0x88, 0x2B, 0x12, 0x05, 0xF8, 0x34, 0x86, 0xE2,
  0x3D, 0x6B, 0x41, 0x1B, 0x47, 0xDE, 0x47, 0xF9, 0xEF, 0x9F, 0x34, 0x83, 0x6F, 0xBF, 0x3F, 0xCB, 0x7F, 0xFF, 0xF4, 0xEC,
  0x55, 0x33, 0x0A, 0x10, 0xD8, 0x38, 0x87, 0x94, 0xE5, 0xD3, 0x8A, 0xE5, 0x0B, 0x0F, 0x02, 0xEF, 0xA4, 0xA8, 0xD6, 0x79,
  0xA1, 0xF4, 0x8A, 0x60, 0xF5, 0x90, 0x16, 0x41, 0x1E, 0x1F, 0x85, 0xC6, 0x8A, 0xD1, 0x3C, 0x04, 0xF9, 0x69, 0xC3, 0x12,
  0x82, 0xD3, 0xF0, 0x4B, 0xC3, 0x95, 0x1F, 0x07, 0x4B, 0xFF, 0x79, 0xEE, 0xC9, 0xDA, 0x36, 0xF9, 0xF0, 0xC5, 0x7C, 0xBB,
  0x3B, 0x39, 0x50, 0x57, 0xE4, 0x7A, 0xB2, 0x6A, 0xCA, 0x47, 0x47, 0x21, 0xEE, 0x54, 0x29, 0xAD, 0xD4, 0xC9, 0x74, 0x41,
  0x22, 0x15, 0x0E, 0x18, 0x1B, 0x9F, 0x3D, 0xFF, 0x16, 0x28, 0x11, 0x8B, 0x47, 0x61, 0x73, 0x39, 0x00, 0xF8, 0x2A, 0x56,
  0x3A, 0x25, 0x5F, 0x87, 0xF4, 0x16, 0x1D, 0x4D, 0x0F, 0x77, 0x44, 0xA5, 0x94, 0xD2, 0x6D, 0x2D, 0x6B, 0x38, 0xC2, 0x06,
  0x23, 0xA1, 0x40, 0xBF, 0x3C, 0xA4, 0x9C, 0x34, 0x36, 0x87, 0xB9, 0x2B, 0x7D, 0xE8, 0x57, 0xCB, 0x25, 0xB1, 0x6B, 0x26,
  0xB6, 0x39, 0x80, 0x03, 0x5C, 0x84, 0xB9, 0x3D, 0x4F, 0x31, 0x25, 0x52, 0x87, 0x05, 0xEA, 0x61, 0x8E, 0x75, 0x87, 0xBF,
  0xA8, 0x3F, 0xAA, 0x21, 0x69, 0x38, 0xDC, 0xFE, 0xFC, 0x74, 0xCE, 0x35, 0x2E, 0xE6, 0xD2, 0x3B, 0xF3, 0xCA, 0xBE, 0x2F,
  0x25, 0x7E, 0x66, 0x5B, 0xFF, 0x3B, 0xD0, 0x3F, 0x2C, 0x02, 0xA5, 0xA5, 0x51, 0xE9, 0x4E, 0x60, 0xF1, 0xFA, 0xB0, 0x24,
  0xC4, 0x95, 0x47, 0x08, 0xB3, 0xE3, 0xF7, 0xD1, 0x42, 0xB2, 0xC3, 0xAA, 0x65, 0xDB, 0x16, 0xA4, 0x83, 0xA4, 0xFA, 0xDE,
  0x24, 0x3F, 0x5D, 0x81, 0x11, 0xDF, 0x12, 0x16, 0xBF, 0x0E, 0x16, 0x2B, 0xE8, 0xA3, 0x91, 0x42, 0x07, 0xD6, 0x0E, 0x6C,
  0xC2, 0x1A, 0x39, 0x74, 0xC0, 0x8A, 0xD7, 0x03, 0x36, 0x40, 0x04, 0x1F, 0x2E, 0x56, 0x4C, 0x35, 0x65, 0x15, 0xF4, 0x37,
  0x47, 0xAC, 0xEA, 0xD5, 0x4E, 0x26, 0xD6, 0x99, 0x8B, 0x58, 0x86, 0xA1, 0x86, 0x7F, 0x61, 0x59, 0x5D, 0x52, 0x1E, 0x97,
  0x00, 0x7A, 0x8E, 0x0F, 0x4B, 0xE6, 0x45, 0xBF, 0x98, 0x58, 0xE6, 0x28, 0xD5, 0xBD, 0x00, 0xF6, 0x4B, 0x90, 0xD0, 0x82,
  0xE8, 0x9A, 0x77, 0x55, 0xED, 0x48, 0x11, 0x64, 0x9D, 0x33, 0x2F, 0xE2, 0xDA, 0xDD, 0x69, 0xBD, 0x16, 0x22, 0xCC, 0x01,
  0x1C, 0xAE, 0x9D, 0x1D, 0xF4, 0xB5, 0x96, 0xF6, 0x58, 0xD3, 0x17, 0xDE, 0xE7, 0x42, 0x55, 0x1E, 0x53, 0x7F, 0x81, 0x45,
  0xEB, 0x8C, 0x5C, 0x41, 0x10, 0x33, 0xE0, 0x04, 0x35, 0x89, 0x09, 0x53, 0x73, 0xC9, 0x39, 0x05, 0x3D, 0xBB, 0xC4, 0xCF,
  0xAA, 0x4D, 0x28, 0x89, 0xF0, 0x3B, 0xD4, 0xBC, 0xA8, 0x16, 0x6C, 0xD9, 0x35, 0x69, 0x69, 0x97, 0xFF, 0x42, 0x2A, 0xF9,
  0x63, 0x3C, 0xDF, 0x31, 0xAB, 0x0F, 0xCF, 0x67, 0x05, 0xC0, 0xB9, 0x23, 0x79, 0xBB, 0x26, 0xC6, 0xAE, 0xA7, 0x0F, 0x81,
  0x97, 0x6C, 0x3B, 0xE7, 0xF0, 0x15, 0x0C, 0xBF, 0xE8, 0xE0, 0xA4, 0xE8, 0x12, 0x3F, 0x15, 0xA2, 0x8B, 0x12, 0x41, 0x54,
  0x57, 0xDA, 0xE4, 0xFC, 0xA5, 0x13, 0xF6, 0x1C, 0xFC, 0x83, 0xE3, 0x67, 0x87, 0x8D, 0xCF, 0x1D, 0xBD, 0xEA, 0xE7, 0xC0,
  0xE8, 0x5D, 0xD7, 0x13, 0x99, 0x0B, 0xCE, 0x26, 0x4B, 0xDE, 0x02, 0x1E, 0x9D, 0xFB, 0x2D, 0xA8, 0x16, 0xA7, 0xD6, 0x4D,
  0xAD, 0xD7, 0xFC, 0xEB, 0x54, 0xCB, 0x6F, 0x88, 0xCE, 0x9A, 0xAF, 0x77, 0xA7, 0x77, 0x66, 0x57, 0x4B, 0xA1, 0x3D, 0x65,
  0xA2, 0x2B, 0xEC, 0xD2, 0x6C, 0x51, 0xAE, 0xAE, 0xC9, 0x15, 0x60, 0xBB, 0xAB, 0x88, 0x3C, 0x52, 0x4B, 0xE8, 0x26, 0x54,
  0x4C, 0xE0, 0x48, 0x38, 0x32, 0x42, 0x2F, 0xC8, 0xAE, 0x8C, 0xA5, 0x87, 0xF2, 0xEF, 0xA0, 0x84, 0x83, 0xFB, 0xAE, 0x44,
  0x69, 0x80, 0x94, 0x2E, 0xA8, 0xAE, 0xBE, 0x3C, 0x25, 0x83, 0x03, 0xFD, 0x86, 0xEA, 0x17, 0x82, 0x8E, 0x70, 0x52, 0x1B,
  0xA9, 0x16, 0x87, 0xBA, 0x0F, 0x6E, 0x49, 0x3F, 0x4F, 0xFB, 0xB0, 0x1A, 0x05, 0xC4, 0x6C, 0xAE, 0x05, 0x57, 0xB4, 0xDA,
  0x40, 0x55, 0x56, 0x2E, 0x99, 0x4E, 0x6F, 0xA5, 0x0A, 0xB2, 0x71, 0x6D, 0x9E, 0xC6, 0xD0, 0x08, 0x0A, 0x74, 0x30, 0x3A,
  0xDD, 0xF3, 0x8A, 0x89, 0x5F, 0x08, 0x6D, 0xDC, 0x3D, 0xDA, 0x41, 0x2D, 0x8D, 0x9F, 0x49, 0xB9, 0x64, 0x9A, 0xEB, 0x4B,
  0xD5, 0xB3, 0x1D, 0xD9, 0x5B, 0xCA, 0xDC, 0x67, 0x85, 0x13, 0x1A, 0x1D, 0xAA, 0xC6, 0x54, 0xB5, 0x54, 0xE5, 0xD2, 0x0F,
  0x4B, 0xD2, 0x37, 0x00, 0x07, 0x88, 0x96, 0x41, 0x24, 0xF1, 0xC2, 0x9A, 0xA4, 0x8F, 0xB9, 0x9C, 0x7C, 0x6E, 0xB7, 0x3D,
  0x07, 0x8F, 0xB3, 0xF9, 0xEE, 0xCD, 0xCB, 0x17, 0x23, 0xD9, 0xD6, 0xED, 0xFC, 0x02, 0xFE, 0xF6, 0x98, 0x5F, 0xC0, 0xB7,
  0x34, 0x20, 0xC3, 0x2D, 0x00, 0xC3, 0xFA, 0xA5, 0x3D, 0x0F, 0x78, 0xC7, 0x6E, 0x2A, 0xE9, 0xCE, 0x12, 0x9C, 0x8F, 0xF4,
  0x16, 0x82, 0x13, 0x92, 0x20, 0xF1, 0xF8, 0xFA, 0xF9, 0xB4, 0x5C, 0xE2, 0xB6, 0x9E, 0x90, 0x07, 0x2B, 0x65, 0x78, 0x15,
  0xCB, 0x03, 0xCE, 0x89, 0x2A, 0x55, 0xE8, 0xA3, 0x2E, 0x5D, 0x2C, 0xD5, 0x02, 0xC9, 0xF4, 0x65, 0x98, 0xC8, 0x5D, 0xDC,
  0x46, 0x37, 0x6E, 0x74, 0x4B, 0xB2, 0x86, 0x06, 0x5B, 0xCA, 0xC2, 0x06, 0xF2, 0x0D, 0xD2, 0x2E, 0x9D, 0x04, 0xB0, 0x81,
  0x64, 0x8A, 0x29, 0x97, 0xB6, 0x4A, 0xA4, 0x15, 0x1E, 0xB9, 0xA5, 0xAA, 0x02, 0xB7, 0xCA, 0x0D, 0xB0, 0x37, 0xC0, 0x06,
  0x51, 0x9B, 0x70, 0x4B, 0xBC, 0x49, 0x0F, 0x87, 0xE5, 0xB5, 0xB1, 0x37, 0x8E, 0x4A, 0x41, 0x38, 0x37, 0x8E, 0x0A, 0x1F,
  0x91, 0x81, 0xFC, 0x59, 0xA5, 0xF5, 0x85, 0x93, 0x30, 0x06, 0x03, 0xC5, 0x7B, 0x1D, 0xFE, 0x92, 0x4F, 0x89, 0x55, 0x24,
  0x61, 0x22, 0x01, 0x44, 0x60, 0xA8, 0x62, 0xEC, 0xA5, 0x2A, 0xB3, 0x90, 0x00, 0x64, 0x57, 0x33, 0xEF, 0xCE, 0xA5, 0x62,
  0x0C, 0x4E, 0x14, 0x84, 0x81, 0xFF, 0xB7, 0xA4, 0x3E, 0xAC, 0xB2, 0x2B, 0x4A, 0x85, 0xB6, 0xE4, 0xD6, 0x13, 0xF8, 0xF4,
  0x49, 0x8C, 0x5B, 0xB6, 0x31, 0xBC, 0x73, 0x07, 0x6E, 0xA8, 0x70, 0x44, 0x7C, 0xF4, 0xE6, 0xE9, 0x68, 0x89, 0x74, 0x82,
  0x43, 0xFE, 0xFD, 0xE8, 0xD5, 0xF3, 0xBF, 0xFA, 0xCD, 0xD3, 0xDF, 0x8D, 0x10, 0x98, 0xC5, 0xBF, 0x5F, 0xBD, 0x7E, 0xFE,
  0xF2, 0xD1, 0xEB, 0xDF, 0x19, 0x25, 0x1E, 0x3F, 0x7A, 0xF2, 0x9B, 0xB7, 0xAF, 0x8C, 0x07, 0xD2, 0xC9, 0xEB, 0x15, 0x9C,
  0x2C, 0xC9, 0xF7, 0x50, 0x3C, 0x14, 0x26, 0x0E, 0xF0, 0x77, 0xC9, 0x88, 0xFB, 0x13, 0x4F, 0x59, 0xB6, 0x91, 0x1B, 0xF5,
  0x03, 0x1C, 0x06, 0xCC, 0x77, 0x4F, 0xDE, 0xBE, 0x7E, 0xFD, 0xF4, 0xFB, 0x37, 0x7F, 0xF5, 0xFC, 0xCD, 0xD3, 0x97, 0x67,
  0xA3, 0xDF, 0xFF, 0x41, 0x3C, 0x4D, 0x35, 0xF5, 0xA3, 0x12, 0xC4, 0x87, 0x52, 0xFA, 0x94, 0x34, 0xBC, 0xA3, 0x12, 0x69,
  0x68, 0x4B, 0xD6, 0x38, 0x84, 0x21, 0xE1, 0x2F, 0x08, 0xBD, 0x8C, 0x4A, 0x78, 0x75, 0x27, 0x66, 0x7D, 0x87, 0x86, 0x03,
  0xE2, 0x3D, 0xDE, 0x0A, 0xD7, 0xA9, 0xB2, 0x81, 0x18, 0xA1, 0x0B, 0x78, 0x97, 0x0F, 0xDA, 0x86, 0xAF, 0x95, 0x80, 0x6B,
  0x82, 0x4C, 0x3E, 0xFD, 0xA2, 0xB6, 0x8C, 0x90, 0x4D, 0x46, 0xF1, 0x07, 0xD0, 0xEA, 0x60, 0x46, 0xB7, 0xE2, 0x96, 0x4B,
  0x0F, 0x90, 0x21, 0x48, 0x7A, 0x63, 0x95, 0xAA, 0xFB, 0x09, 0xB0, 0x59, 0x32, 0x28, 0x21, 0x49, 0x10, 0x41, 0x44, 0x52,
  0xBA, 0x91, 0xF8, 0x03, 0xE0, 0xF0, 0x95, 0xAA, 0x5F, 0x5F, 0xBD, 0xAB, 0xE0, 0x4A, 0xDD, 0xAB, 0xCD, 0x72, 0x68, 0xB4,
  0x2E, 0xDB, 0x18, 0x95, 0x45, 0xEB, 0xBA, 0x30, 0x69, 0x22, 0xCB, 0x95, 0x4A, 0x1D, 0x18, 0xED, 0xB2, 0x9C, 0xB6, 0x26,
  0x8B, 0x57, 0x68, 0x4A, 0x5C, 0x46, 0x5A, 0x50, 0x47, 0x25, 0x78, 0x87, 0x95, 0xEE, 0xCB, 0xD7, 0x75, 0x58, 0xA6, 0x49,
  0xCE, 0x2B, 0x3F, 0xF8, 0x17, 0xDB, 0xFB, 0x4F, 0x7E, 0x78, 0xFC, 0xE8, 0xC5, 0x9B, 0xE0, 0xE5, 0x0F, 0x6F, 0x9E, 0xFF,
  0xF0, 0x7D, 0xF9, 0xE1, 0xE8, 0x5F, 0x6C, 0x3F, 0xFD, 0x93, 0xCA, 0x83, 0x79, 0xB5, 0x44, 0x3E, 0x87, 0xD6, 0x4B, 0x31,
  0x7D, 0xE3, 0x90, 0x99, 0x67, 0x8C, 0xD5, 0x5F, 0x1C, 0x1B, 0xFC, 0x5C, 0xE5, 0x80, 0xC1, 0x40, 0xB1, 0xCC, 0x34, 0x47,
  0x79, 0x40, 0x2E, 0xA9, 0xE6, 0x4B, 0x76, 0x35, 0x2F, 0xC9, 0x5B, 0xE0, 0x03, 0xFE, 0x53, 0x61, 0x4D, 0x7D, 0x59, 0xC6,
  0xFA, 0x0D, 0xB0, 0xC9, 0x88, 0xAE, 0x05, 0x21, 0xE0, 0x0A, 0xC9, 0xF6, 0xD3, 0x27, 0x5F, 0x03, 0x39, 0x81, 0xDB, 0x81,
  0x8C, 0xDC, 0x4E, 0xAB, 0xAB, 0x65, 0x25, 0x48, 0x11, 0xEE, 0xB2, 0x0C, 0xC2, 0xD5, 0xD9, 0x06, 0x10, 0x34, 0x0A, 0xAB,
  0x1F, 0xF1, 0xFF, 0xF5, 0x28, 0x1C, 0x6A, 0x10, 0xC8, 0x1E, 0x64, 0x39, 0xB2, 0x4B, 0x0C, 0x36, 0x3D, 0xCC, 0x92, 0xAC,
  0x0A, 0x46, 0x7E, 0x64, 0x4A, 0x89, 0x75, 0xE6, 0xDE, 0xB7, 0xBB, 0x7B, 0xF7, 0x7C, 0x4F, 0x41, 0xEF, 0x4C, 0x11, 0x00,
  0xCB, 0x4A, 0x6B, 0x24, 0xDB, 0xE1, 0x05, 0x13, 0xA3, 0x04, 0xAA, 0xE2, 0xBF, 0x75, 0xD6, 0x59, 0x61, 0xD3, 0xA8, 0x7B,
  0x78, 0x19, 0x00, 0x47, 0xEE, 0xAE, 0xCB, 0x25, 0x1D, 0xCF, 0x82, 0x06, 0x0A, 0x15, 0xBC, 0xD6, 0x05, 0x79, 0xFE, 0x37,
  0x62, 0x59, 0x6E, 0xE4, 0x23, 0xD9, 0xFF, 0xF0, 0xA3, 0x9C, 0x09, 0xF8, 0x75, 0xFC, 0xF9, 0xCB, 0xE1, 0xB5, 0xF5, 0xFB,
  0x77, 0x3C, 0x56, 0x5E, 0xB9, 0x8A, 0x58, 0x3F, 0xC9, 0x01, 0x3E, 0x52, 0xF7, 0xDB, 0x3F, 0xA3, 0xA7, 0xE5, 0x72, 0x05,
  0x0B, 0x24, 0x17, 0x98, 0xAB, 0x88, 0x5E, 0x3E, 0x7D, 0x92, 0x5F, 0xEA, 0xF3, 0xAD, 0x54, 0x0D, 0x00, 0x6F, 0xCB, 0xFD,
  0x51, 0xE7, 0x69, 0xB2, 0x1B, 0xC9, 0x42, 0x58, 0xB4, 0xC7, 0x14, 0x49, 0x01, 0x04, 0xF9, 0x84, 0xBB, 0x7F, 0x8D, 0x97,
  0x65, 0x67, 0xBA, 0x80, 0x3C, 0xDF, 0xA2, 0x54, 0x5F, 0x02, 0x2B, 0xD5, 0xC5, 0xE5, 0x97, 0xE2, 0x2B, 0x85, 0x93, 0x87,
  0x61, 0xB5, 0xFC, 0xB1, 0x46, 0x7D, 0xD4, 0x29, 0x45, 0x69, 0xE5, 0x01, 0x7F, 0xE5, 0x98, 0x80, 0x5F, 0xE1, 0x65, 0xA5,
  0x72, 0xBF, 0xF4, 0x75, 0xA9, 0x48, 0x07, 0xD7, 0x07, 0x3A, 0xB8, 0x16, 0x1D, 0x50, 0x42, 0x12, 0xD1, 0xBE, 0x70, 0xB3,
  0x37, 0x3A, 0xB8, 0xA9, 0xDC, 0x54, 0xF7, 0x24, 0x58, 0xD2, 0x4D, 0x81, 0x44, 0x45, 0x80, 0x11, 0x8E, 0x83, 0x1F, 0x84,
  0xD3, 0x5F, 0x08, 0xFA, 0x64, 0x33, 0xF7, 0xEE, 0x29, 0x30, 0x64, 0x82, 0x0D, 0x9B, 0xC1, 0x56, 0x92, 0x21, 0x0E, 0x6E,
  0x85, 0x37, 0x1D, 0x37, 0x55, 0xA9, 0xEC, 0x55, 0xB1, 0xE3, 0xA0, 0x59, 0xAC, 0xE4, 0xB5, 0x18, 0x87, 0x84, 0xC5, 0x91,
  0x82, 0xC6, 0x8A, 0x09, 0xAF, 0x37, 0x8A, 0xDE, 0xA6, 0x58, 0x67, 0x76, 0x29, 0xDC, 0x0D, 0xCA, 0xB8, 0x3E, 0x74, 0x39,
  0xFA, 0x1E, 0xF6, 0x25, 0x2C, 0xD7, 0xF2, 0xD3, 0xA7, 0x90, 0x5B, 0x5B, 0x7E, 0x83, 0x40, 0xA5, 0x96, 0x04, 0xAF, 0x60,
  0x79, 0xFF, 0x24, 0x78, 0x7C, 0xA2, 0x9E, 0xB7, 0x7A, 0x6D, 0x84, 0x85, 0x8B, 0x57, 0xE5, 0xE5, 0x03, 0x2E, 0x88, 0x1D,
  0x7B, 0x46, 0xD9, 0xB6, 0xCA, 0x8D, 0x0A, 0xCA, 0xFE, 0x26, 0x2D, 0xDC, 0x6D, 0x76, 0x5B, 0x8D, 0x9E, 0x6E, 0x8A, 0xCB,
  0x8B, 0x06, 0xEC, 0x2A, 0x2F, 0x51, 0xC5, 0x28, 0xA2, 0xAB, 0xE9, 0x52, 0x11, 0x95, 0xFA, 0xF5, 0xE3, 0x13, 0x03, 0x71,
  0x92, 0xFA, 0x72, 0x9D, 0x7C, 0xB7, 0xBB, 0x5C, 0x94, 0xB7, 0x95, 0xBD, 0x1C, 0xAB, 0x64, 0x64, 0xB7, 0x15, 0x85, 0xAA,
  0x89, 0x4D, 0x3E, 0xB9, 0x77, 0x52, 0x3D, 0xB9, 0x87, 0xCC, 0x05, 0xC3, 0x13, 0xFB, 0xF9, 0x37, 0xF4, 0x7C, 0xB1, 0x73,
  0x1F, 0x9F, 0xD2, 0xE3, 0x73, 0xF7, 0x71, 0xE9, 0xA4, 0x84, 0xC7, 0x3F, 0x5D, 0xAD, 0x32, 0xE5, 0x4B, 0x54, 0xFE, 0x6E,
  0xB3, 0x8F, 0xE7, 0xC6, 0xF8, 0xC8, 0xA9, 0xFC, 0x31, 0x78, 0x09, 0x5A, 0x62, 0x39, 0xBA, 0x93, 0x8B, 0xDD, 0x6E, 0x3D,
  0x78, 0xF0, 0xE0, 0xE4, 0x3E, 0x78, 0xDF, 0xF5, 0xFD, 0x93, 0x01, 0x7D, 0xA1, 0xC8, 0x14, 0x8B, 0xE7, 0xA2, 0x98, 0xF6,
  0xCB, 0xED, 0x79, 0x95, 0x14, 0x01, 0x15, 0x09, 0xAE, 0xBB, 0x5C, 0x3A, 0x2B, 0x45, 0x1C, 0x84, 0xCF, 0x5A, 0x74, 0x0B,
  0x0D, 0x0C, 0x09, 0x74, 0x63, 0xE1, 0xEF, 0x26, 0x25, 0x21, 0xD6, 0xBF, 0x04, 0x27, 0xF7, 0xCB, 0xD4, 0xF6, 0xA7, 0x4F,
  0x27, 0xA8, 0xC6, 0x9E, 0x04, 0x6F, 0xE6, 0x97, 0x09, 0x0E, 0x49, 0x59, 0x92, 0x8B, 0xBF, 0xFA, 0x2B, 0x2E, 0x4D, 0x4F,
  0x91, 0x43, 0xD0, 0xF3, 0x10, 0x92, 0xCA, 0x4E, 0xD5, 0x21, 0x8C, 0x95, 0xED, 0xE9, 0xA4, 0x8A, 0xEB, 0x0E, 0x43, 0x82,
  0x39, 0x0F, 0x2F, 0x41, 0x66, 0xD3, 0xC4, 0xE4, 0x24, 0x36, 0x0E, 0x13, 0x10, 0xAF, 0xE7, 0x1C, 0x55, 0x91, 0xE4, 0xF2,
  0x00, 0x00, 0xB0, 0x8D, 0xBC, 0x8F, 0x0A, 0x50, 0xDF, 0x0A, 0x1B, 0x15, 0xE6, 0x7A, 0xA9, 0x8B, 0x3A, 0xBB, 0xBE, 0x97,
  0x1E, 0x94, 0x24, 0x48, 0x05, 0xCC, 0x31, 0xDD, 0xDC, 0x91, 0x6C, 0x03, 0xF1, 0x0B, 0xBB, 0x0B, 0xCA, 0x12, 0x0D, 0x16,
  0x31, 0x78, 0xBA, 0xD9, 0xAC, 0x80, 0x28, 0x64, 0x7A, 0x61, 0x99, 0x8B, 0xE3, 0x6A, 0xA9, 0xFD, 0xA6, 0x04, 0xED, 0x16,
  0x2C, 0x9F, 0x64, 0x25, 0xEA, 0x7F, 0xDC, 0xAE, 0xA0, 0x7E, 0x19, 0x2A, 0xBE, 0x8F, 0x5F, 0xD6, 0x31, 0xE4, 0xDF, 0x24,
  0xD7, 0x43, 0xC5, 0xFC, 0x89, 0x87, 0x1C, 0x58, 0x50, 0xFF, 0xFE, 0x87, 0x6F, 0x9F, 0x36, 0x86, 0x92, 0x09, 0x74, 0x5F,
  0x44, 0x12, 0x7D, 0x4B, 0x51, 0x58, 0x38, 0x96, 0xE6, 0x73, 0x55, 0xD9, 0x68, 0x0E, 0x85, 0x00, 0x8C, 0xEA, 0x15, 0xEB,
  0x57, 0x5D, 0x4A, 0x35, 0x5F, 0x89, 0xAE, 0xE7, 0x5B, 0xAE, 0x6C, 0x77, 0xCB, 0x3B, 0x97, 0xDB, 0x69, 0x36, 0x26, 0xC1,
  0xEA, 0x94, 0x1E, 0x54, 0x8C, 0xEF, 0x16, 0x20, 0x8A, 0x4E, 0x65, 0x0B, 0xA4, 0x74, 0x00, 0x53, 0x2D, 0x1B, 0xA2, 0x0D,
  0x42, 0xC0, 0xFF, 0x46, 0x4A, 0x2A, 0x58, 0x52, 0xB9, 0x61, 0x84, 0xAE, 0xEE, 0x98, 0xE8, 0xCA, 0x29, 0xB7, 0x97, 0x7B,
  0x29, 0x17, 0x5B, 0x9D, 0xAF, 0x1B, 0x0D, 0x4F, 0xBB, 0xD5, 0x0E, 0x9A, 0x60, 0x89, 0xD6, 0x64, 0xA9, 0x3A, 0x3F, 0x24,
  0x14, 0x57, 0x25, 0x97, 0x66, 0xF7, 0x2D, 0x3D, 0xE3, 0x97, 0xE4, 0xCD, 0xEC, 0xBE, 0xA4, 0x67, 0x8C, 0x1C, 0x53, 0x88,
  0x85, 0x3A, 0xE6, 0x7A, 0xF4, 0xD5, 0x57, 0xBA, 0xC8, 0x8A, 0x73, 0x0D, 0xDC, 0xBB, 0xA7, 0x7E, 0x4B, 0x11, 0xE6, 0x35,
  0x95, 0x33, 0xEA, 0xAD, 0x41, 0xA4, 0xB9, 0xEE, 0xBD, 0x7B, 0x3C, 0x9E, 0xD3, 0xF0, 0xA1, 0x45, 0x03, 0x69, 0x18, 0x0F,
  0xF8, 0x0D, 0x53, 0xBD, 0x41, 0x68, 0x69, 0x00, 0x32, 0x3C, 0xB6, 0xF2, 0xA2, 0x06, 0xD3, 0x26, 0xE8, 0x04, 0x53, 0xE4,
  0x11, 0x7A, 0x21, 0x72, 0x79, 0xA4, 0xAE, 0x70, 0xF2, 0x46, 0x55, 0x73, 0xBF, 0x78, 0x70, 0x0F, 0x35, 0x7D, 0xA0, 0x52,
  0x20, 0xBD, 0xEC, 0x05, 0x0E, 0xF9, 0x4D, 0xFA, 0x83, 0x1F, 0x6E, 0x59, 0x39, 0x87, 0x1F, 0x6E, 0x99, 0x4A, 0x51, 0xCB,
  0xF4, 0x57, 0xB4, 0xCC, 0xDF, 0x0E, 0xB6, 0x6C, 0x3B, 0xC9, 0x1F, 0x6E, 0x9F, 0x17, 0x91, 0x3A, 0xE0, 0x2F, 0x01, 0x88,
  0x05, 0xA7, 0xA5, 0x40, 0x57, 0xAF, 0xEC, 0x70, 0x0C, 0xEB, 0xB8, 0xA7, 0x3B, 0x45, 0xDE, 0xE5, 0x23, 0xBF, 0xEE, 0x05,
  0xAC, 0x00, 0xBD, 0xD5, 0xE2, 0x3A, 0xFD, 0xA8, 0xD0, 0x87, 0x40, 0x83, 0xC4, 0x7F, 0xD4, 0x85, 0xEC, 0x5C, 0x2E, 0x21,
  0xE7, 0x1D, 0x01, 0x46, 0xA9, 0xFA, 0xD5, 0x46, 0x82, 0x82, 0x09, 0xD8, 0xDB, 0x05, 0xD2, 0xD7, 0xBF, 0xDC, 0x02, 0xDF,
  0x33, 0x50, 0x2B, 0x8A, 0x0B, 0xC4, 0x04, 0x52, 0x7F, 0x39, 0x07, 0xF5, 0x80, 0xE4, 0xB2, 0x5A, 0x80, 0x92, 0x9F, 0x1A,
  0x28, 0x57, 0x3E, 0xAB, 0xA2, 0x96, 0x68, 0xCF, 0xC1, 0xB1, 0x32, 0x2C, 0xE4, 0x19, 0x63, 0x53, 0x8A, 0xE4, 0xAB, 0x0A,
  0xB7, 0x99, 0x6D, 0x75, 0x43, 0x8E, 0x89, 0xC9, 0xD6, 0x3D, 0x41, 0x60, 0x2F, 0x6D, 0x38, 0xCE, 0x62, 0x48, 0x0A, 0x67,
  0x50, 0x0B, 0x46, 0xFA, 0x7E, 0x39, 0x2D, 0xB5, 0x04, 0x5F, 0x79, 0xE1, 0xFE, 0x58, 0x2B, 0xCB, 0x95, 0x3C, 0x49, 0xD4,
  0x8E, 0x6C, 0x48, 0x0E, 0xB5, 0x22, 0xFF, 0x8E, 0xF6, 0x37, 0x96, 0x32, 0xE5, 0x62, 0x35, 0x1D, 0x95, 0xE5, 0xBB, 0xBA,
  0xF8, 0x0D, 0x8C, 0xF2, 0xEB, 0xA7, 0x6F, 0x08, 0x1A, 0x56, 0x6F, 0x29, 0x19, 0xEC, 0x13, 0xA2, 0xBA, 0xA6, 0x0A, 0x26,
  0xFE, 0xF8, 0x5A, 0xCC, 0x7B, 0xC4, 0x84, 0x6F, 0x35, 0x0B, 0xE4, 0x3A, 0x90, 0x2A, 0x61, 0xC9, 0x47, 0xBD, 0x54, 0x79,
  0x68, 0xB0, 0xA5, 0x6A, 0x99, 0x06, 0x65, 0xD9, 0x23, 0xCA, 0x51, 0x17, 0x0F, 0xA3, 0x81, 0x40, 0x02, 0x24, 0x12, 0x61,
  0xAB, 0x77, 0x3C, 0x2D, 0x29, 0xD8, 0xE3, 0x31, 0x14, 0x70, 0x65, 0x96, 0x96, 0x76, 0x74, 0xB3, 0xFC, 0x0E, 0x2C, 0xBC,
  0xFC, 0xF6, 0xCD, 0x28, 0x1D, 0x84, 0x7A, 0x76, 0xFF, 0x7E, 0x45, 0xC8, 0xC3, 0x5A, 0x30, 0xE6, 0x05, 0x90, 0x6F, 0x4F,
  0xC3, 0xCA, 0x5E, 0x5B, 0x43, 0xC4, 0x3C, 0x88, 0xFC, 0x8C, 0x54, 0xD3, 0xA3, 0x51, 0xE3, 0x61, 0xB3, 0x1D, 0x0E, 0x7A,
  0x61, 0x38, 0xD4, 0xE5, 0x72, 0x0F, 0x8E, 0xE5, 0xAF, 0x84, 0x95, 0x4A, 0x35, 0x6F, 0x86, 0x75, 0xC8, 0x56, 0x8E, 0xD1,
  0x1A, 0x5C, 0xBF, 0xBA, 0xA2, 0x38, 0x1E, 0x18, 0x1A, 0x26, 0x42, 0xE8, 0x20, 0xE5, 0x2F, 0x54, 0x7A, 0x8E, 0x27, 0x31,
  0xEC, 0xF5, 0x10, 0x92, 0xD5, 0xC8, 0xEF, 0x83, 0xA5, 0x03, 0xF5, 0xBD, 0x5F, 0x4E, 0xA7, 0xCC, 0x8F, 0x4C, 0x0D, 0x99,
  0xF8, 0x47, 0x10, 0x54, 0x75, 0x06, 0xE8, 0x47, 0xC5, 0x7D, 0x69, 0xB0, 0x0B, 0xE9, 0xAB, 0x43, 0x90, 0x6B, 0x3C, 0xB0,
  0x40, 0x71, 0x6F, 0x4C, 0x34, 0x03, 0x96, 0x87, 0x30, 0x82, 0xD1, 0xEF, 0xCD, 0x1D, 0xF5, 0xF7, 0x8E, 0xB9, 0x2F, 0xE7,
  0xE4, 0xA5, 0x46, 0xC7, 0xAC, 0xCE, 0xF9, 0x6B, 0x7E, 0x98, 0x95, 0xA1, 0xF0, 0xAA, 0x9C, 0x8E, 0xC2, 0x87, 0xA5, 0x7B,
  0x40, 0x37, 0x0F, 0xF5, 0x8C, 0x45, 0xF1, 0xAB, 0xCD, 0x62, 0xA4, 0x99, 0x43, 0x45, 0xC2, 0xEE, 0x53, 0xFD, 0xFB, 0xD4,
  0xD2, 0xFD, 0x12, 0xE9, 0xB8, 0x4A, 0xF7, 0x93, 0xE5, 0x04, 0x85, 0xDE, 0xBE, 0x7E, 0x4E, 0x31, 0xC8, 0x70, 0xE7, 0x42,
  0x6E, 0x03, 0xC9, 0x71, 0x54, 0xEC, 0xF6, 0x6C, 0xE6, 0x09, 0xAD, 0x57, 0x7F, 0x18, 0xFF, 0x91, 0xA4, 0x27, 0x12, 0x93,
  0xCE, 0x97, 0xE5, 0x2C, 0x07, 0xA5, 0xD0, 0x41, 0xC5, 0x69, 0x89, 0xB0, 0xA9, 0xE6, 0x72, 0x84, 0xA6, 0x64, 0x78, 0x27,
  0x85, 0x4C, 0x3F, 0xEF, 0x44, 0xE5, 0x3E, 0x7D, 0x2A, 0x97, 0xBE, 0x7B, 0xF3, 0xE6, 0x15, 0xA0, 0x40, 0x71, 0x65, 0x69,
  0xDB, 0x04, 0xDE, 0x12, 0xB1, 0xFD, 0xB3, 0xB3, 0x1F, 0xBE, 0xC7, 0x1D, 0xE5, 0x1B, 0x4C, 0x5C, 0x64, 0xA1, 0xD7, 0x3A,
  0x11, 0x45, 0xF9, 0xF1, 0x54, 0xAE, 0x6E, 0xFA, 0x4E, 0xB6, 0x93, 0x9E, 0xB7, 0x64, 0x98, 0x3D, 0x2E, 0xC6, 0x01, 0xAB,
  0x90, 0xD7, 0xDC, 0x3B, 0x51, 0x86, 0xB6, 0x8C, 0x1B, 0x74, 0x87, 0xAD, 0x5B, 0xBB, 0x77, 0x4F, 0x7F, 0x05, 0x3E, 0x61,
  0x1B, 0xC4, 0xC3, 0xCC, 0x93, 0x41, 0xE9, 0x19, 0xE0, 0x21, 0x61, 0xBF, 0x39, 0x5E, 0xE7, 0x92, 0x83, 0xC8, 0x05, 0x87,
  0xF2, 0x38, 0x75, 0xD7, 0x33, 0xD9, 0x5B, 0x64, 0x1F, 0x18, 0x1D, 0x38, 0x9A, 0xBA, 0x4E, 0x89, 0x73, 0xCF, 0x18, 0x87,
  0xB3, 0x64, 0xD2, 0xA3, 0x95, 0xC9, 0xA2, 0x4D, 0x50, 0x6B, 0x97, 0xC8, 0x86, 0x40, 0x18, 0x71, 0xB2, 0x50, 0x9B, 0xCA,
  0x18, 0xAC, 0x78, 0x89, 0x9B, 0x2D, 0x89, 0xC7, 0x96, 0x56, 0x4B, 0x05, 0x4C, 0xCA, 0x77, 0xCA, 0xCA, 0xC8, 0xDA, 0x07,
  0x53, 0x39, 0x49, 0x5C, 0x74, 0x46, 0x2F, 0x69, 0x7B, 0x4E, 0xDE, 0xF0, 0x98, 0xA1, 0x5B, 0xC5, 0x0A, 0x3C, 0xB9, 0x20,
  0x15, 0x21, 0x35, 0xA9, 0xE8, 0x82, 0xD9, 0xD8, 0x88, 0x9A, 0x33, 0x74, 0x75, 0x84, 0x29, 0x39, 0x40, 0x93, 0xE6, 0x69,
  0x14, 0xAC, 0x23, 0x0B, 0xC1, 0x1C, 0x93, 0x7A, 0x40, 0x26, 0x0D, 0x56, 0x64, 0x96, 0x1F, 0xC3, 0x4B, 0x3D, 0x89, 0x97,
  0xA9, 0x89, 0x03, 0x40, 0x64, 0x08, 0xF3, 0xC9, 0xFA, 0xD8, 0xCA, 0xA0, 0x88, 0xB9, 0x30, 0xF8, 0x59, 0xE2, 0x67, 0xD6,
  0xAA, 0x60, 0xB2, 0xEE, 0x5C, 0x50, 0x06, 0x9B, 0x42, 0x83, 0xBC, 0x4F, 0xEF, 0xEF, 0x53, 0xBF, 0x92, 0x75, 0x96, 0x8E,
  0x0D, 0xFC, 0x52, 0x3E, 0x9A, 0x1C, 0x1B, 0xC6, 0xC4, 0xB3, 0x3B, 0x13, 0x6B, 0x10, 0xA2, 0x83, 0xFC, 0x1D, 0x11, 0xBD,
  0xDE, 0x7E, 0x53, 0x26, 0xD0, 0x9D, 0x78, 0x58, 0x05, 0xBB, 0x1A, 0x81, 0x6C, 0x56, 0x0D, 0x1D, 0xE4, 0xE9, 0x89, 0x0D,
  0xD2, 0x95, 0x83, 0xAD, 0x3D, 0xC7, 0x42, 0x62, 0x94, 0x2F, 0xC1, 0xE1, 0x85, 0xC9, 0x9C, 0xB5, 0xBB, 0x07, 0x90, 0x3C,
  0xA9, 0x6C, 0xB7, 0x49, 0x12, 0x58, 0x11, 0xFA, 0x1A, 0x6D, 0x8B, 0x49, 0x70, 0x3C, 0x4B, 0xF9, 0xF7, 0x7F, 0xD0, 0x78,
  0x8D, 0x64, 0x69, 0xB6, 0x8B, 0x96, 0x4B, 0x67, 0x1E, 0xBA, 0x51, 0x2D, 0x91, 0xBA, 0xDE, 0x6E, 0x92, 0xCD, 0xD1, 0xB8,
  0x01, 0x67, 0xFA, 0x81, 0x5C, 0x22, 0xA6, 0x30, 0xF0, 0xCC, 0x17, 0xDB, 0x3A, 0x8A, 0x7E, 0x95, 0x92, 0x19, 0x53, 0x97,
  0x2D, 0x51, 0xE1, 0xE7, 0xCD, 0xD7, 0xF2, 0x76, 0x05, 0x89, 0x2E, 0xC9, 0x95, 0x17, 0xA0, 0x4A, 0x86, 0x0E, 0x89, 0xEB,
  0x2D, 0x76, 0x51, 0x8E, 0x42, 0xC8, 0xE0, 0x0B, 0x70, 0xB2, 0x0F, 0xD7, 0x8C, 0x08, 0x7C, 0xF4, 0xC8, 0x80, 0xCB, 0x4A,
  0x55, 0x56, 0xDC, 0x0B, 0x8E, 0x69, 0xC0, 0xFC, 0xD2, 0x8D, 0x7A, 0x1A, 0xF1, 0x5F, 0xB5, 0xF7, 0xE6, 0x82, 0xD2, 0x38,
  0xEA, 0xEC, 0xF3, 0xFF, 0xE9, 0x13, 0x2F, 0xEE, 0x9D, 0x0C, 0xEA, 0xF7, 0xAE, 0xFF, 0x97, 0xC1, 0x80, 0xDA, 0x30, 0xC5,
  0xD6, 0x90, 0x4A, 0x8C, 0x11, 0xBC, 0xDC, 0xF4, 0x74, 0x6F, 0xD5, 0x7A, 0xBC, 0x5D, 0x32, 0xA0, 0x90, 0x3D, 0x93, 0xFC,
  0xA7, 0x79, 0x51, 0x4B, 0x6A, 0x7A, 0x65, 0x08, 0x7E, 0x89, 0xA6, 0x1E, 0xC9, 0x01, 0xAA, 0x71, 0x9F, 0xCD, 0x03, 0x6F,
  0xE0, 0xAF, 0x2F, 0x4F, 0x1E, 0xBD, 0xC3, 0x29, 0x0A, 0xE2, 0x73, 0x68, 0x0D, 0xEB, 0xBA, 0x45, 0x40, 0x84, 0x5A, 0x32,
  0x02, 0x03, 0x93, 0xD4, 0xCC, 0x31, 0xE8, 0x67, 0xA0, 0x60, 0xB4, 0x68, 0xAC, 0xF5, 0xA6, 0x2F, 0x75, 0x1D, 0x1D, 0x26,
  0x11, 0x6C, 0xE9, 0xCF, 0xFF, 0xE1, 0x7F, 0x94, 0x24, 0x5A, 0x4A, 0x46, 0xA2, 0x0C, 0x53, 0xEA, 0x12, 0x33, 0xCA, 0x2F,
  0x56, 0x1F, 0x34, 0xA3, 0x8C, 0x26, 0x7E, 0x5F, 0xFA, 0xE3, 0xFA, 0x1C, 0x70, 0xF8, 0xC7, 0x75, 0x42, 0x7F, 0xD6, 0x4B,
  0xFA, 0x3C, 0x9F, 0xCF, 0xF0, 0x89, 0xC4, 0x8C, 0xEB, 0xD2, 0x1F, 0x40, 0x94, 0x26, 0x8B, 0x2B, 0x28, 0x2D, 0xB0, 0x2B,
  0x69, 0x0F, 0xFF, 0x57, 0x49, 0x54, 0xBE, 0x5C, 0xB7, 0x50, 0x12, 0x1A, 0x4A, 0x7C, 0x22, 0xC1, 0x29, 0x7D, 0x7F, 0xF7,
  0x3E, 0xAF, 0xD2, 0x3F, 0xE8, 0x4A, 0x4D, 0x6A, 0x3E, 0xA6, 0x4A, 0x33, 0x28, 0xD3, 0x72, 0xCA, 0xFF, 0xAB, 0xFF, 0x87,
  0xCB, 0xB3, 0x35, 0x71, 0x3D, 0x9D, 0x95, 0xD2, 0x86, 0xFE, 0xAB, 0x6C, 0xE8, 0x4F, 0xF3, 0x35, 0x9A, 0xD8, 0xC4, 0x1B,
  0x7C, 0x76, 0xFF, 0x94, 0xD3, 0xCC, 0xBF, 0xF9, 0x5B, 0x59, 0x1A, 0x80, 0x83, 0x72, 0xF8, 0x84, 0xAA, 0xBB, 0xB4, 0x83,
  0x94, 0x8A, 0xC1, 0x4E, 0x73, 0x2A, 0xFD, 0xEB, 0xFF, 0xA2, 0x94, 0x48, 0xA5, 0x7F, 0xFC, 0x87, 0x92, 0x69, 0xB5, 0xD1,
  0xF0, 0xC1, 0x29, 0x01, 0xAA, 0xC8, 0x0D, 0x50, 0xA5, 0x7D, 0xA9, 0xEC, 0xF3, 0xA5, 0x62, 0x86, 0x18, 0x93, 0xF5, 0x2E,
  0x15, 0x77, 0x6D, 0x2F, 0xDD, 0xA7, 0xD6, 0x89, 0x87, 0x3E, 0xE4, 0xDF, 0x8E, 0x43, 0x9A, 0x2A, 0x45, 0x79, 0x60, 0x95,
  0xDC, 0x2A, 0xEC, 0xF9, 0x65, 0x55, 0xC0, 0x1C, 0x18, 0x3A, 0x74, 0x15, 0xFE, 0x2C, 0x59, 0x6A, 0x63, 0xCC, 0xE1, 0x09,
  0xD0, 0xFB, 0x39, 0xE0, 0x4C, 0xC2, 0x9F, 0x20, 0xF3, 0x7E, 0x10, 0x14, 0x21, 0x24, 0x06, 0x0F, 0x43, 0xFC, 0xA5, 0x54,
  0xD1, 0x1E, 0x02, 0x48, 0xD1, 0xE6, 0x31, 0x98, 0xAC, 0x96, 0xC6, 0x97, 0xF4, 0x89, 0x3C, 0x33, 0xF8, 0x84, 0xA9, 0xC0,
  0x86, 0x20, 0xB0, 0x97, 0x6A, 0x1C, 0x1C, 0xEB, 0x53, 0xD2, 0xCD, 0xFA, 0xA1, 0x95, 0x5B, 0xBD, 0xA4, 0x1F, 0xAD, 0xF7,
  0x79, 0x0D, 0x71, 0x3C, 0x90, 0xD9, 0x90, 0x03, 0xC1, 0x68, 0x8F, 0x3F, 0x2F, 0x5B, 0x31, 0x3E, 0xA1, 0x01, 0xC8, 0x6B,
  0x88, 0x23, 0x81, 0xD2, 0x86, 0x08, 0xAE, 0xAB, 0x39, 0x90, 0x09, 0xC8, 0xDE, 0xD1, 0xDB, 0xC9, 0x96, 0xBA, 0xF9, 0xB8,
  0xD8, 0x8A, 0x4F, 0x2A, 0xB3, 0x5E, 0xEF, 0xC4, 0xE7, 0xC7, 0xBC, 0x7E, 0x14, 0x34, 0x72, 0x57, 0x6A, 0x57, 0xE6, 0xAC,
  0xE7, 0x30, 0xF7, 0xF5, 0x6A, 0x0D, 0x34, 0x9C, 0x88, 0xA0, 0x2A, 0x15, 0x94, 0xCA, 0x3B, 0xB4, 0x35, 0xB8, 0x58, 0x19,
  0x10, 0x34, 0xE2, 0xE7, 0x8A, 0x31, 0xA3, 0x1F, 0xA3, 0x53, 0x67, 0xFB, 0x61, 0x22, 0x5A, 0x9E, 0xEF, 0x2E, 0xD2, 0x7D,
  0x67, 0xD8, 0x97, 0x15, 0xC5, 0xBB, 0x9A, 0x6C, 0x2D, 0x2D, 0x33, 0x26, 0xAD, 0x8D, 0x2C, 0x23, 0x4C, 0x91, 0x65, 0x80,
  0xE4, 0x65, 0x95, 0xC1, 0x0C, 0xEA, 0x8F, 0xAB, 0xCB, 0xFB, 0x0E, 0x98, 0x3D, 0x0C, 0x07, 0x52, 0x4F, 0xC7, 0xCF, 0x29,
  0xA2, 0xA8, 0xC2, 0x2A, 0x3C, 0x53, 0x51, 0xB7, 0xA5, 0x08, 0xDA, 0x7C, 0xEE, 0xDB, 0x0A, 0xB4, 0x2D, 0x19, 0xF5, 0x2E,
  0x60, 0x39, 0x3A, 0x5E, 0x8D, 0xC2, 0x6D, 0xB5, 0x0E, 0x84, 0xBB, 0xAA, 0xF0, 0xA7, 0x45, 0x75, 0x52, 0x8E, 0x0A, 0xDE,
  0x32, 0x22, 0x0E, 0x11, 0x98, 0xFF, 0x6A, 0xB1, 0xDB, 0x96, 0x06, 0x59, 0x06, 0xF9, 0x61, 0xC9, 0x8E, 0xF6, 0x2D, 0x0D,
  0x4C, 0x32, 0xAB, 0x34, 0x4E, 0x94, 0xA0, 0x98, 0x3E, 0x72, 0x3B, 0x7A, 0x29, 0x6C, 0xB8, 0x14, 0xA8, 0x4B, 0xCE, 0x9A,
  0x13, 0xE5, 0xA4, 0xCF, 0x45, 0x20, 0x95, 0x16, 0x0A, 0x11, 0x3E, 0xA2, 0x8D, 0x33, 0x23, 0x7D, 0x1D, 0x4A, 0x6B, 0x9C,
  0x72, 0xB5, 0xE5, 0x15, 0x48, 0x7E, 0xC4, 0x1D, 0x6E, 0x70, 0xE3, 0x41, 0xB5, 0x14, 0x8A, 0x65, 0x3B, 0xDA, 0xF8, 0x33,
  0x89, 0x36, 0x3D, 0x8D, 0x33, 0x54, 0x7D, 0x66, 0xAB, 0x02, 0xFA, 0x72, 0xDA, 0x15, 0x2F, 0x3F, 0xAF, 0x65, 0x56, 0x3E,
  0x3A, 0xED, 0x6A, 0x9D, 0x24, 0xC3, 0xB8, 0x23, 0x39, 0x7A, 0x82, 0xEA, 0xE8, 0xCC, 0x19, 0x5E, 0x1C, 0x07, 0x49, 0x8A,
  0x28, 0x83, 0x0E, 0x39, 0x58, 0x6E, 0x28, 0x6B, 0xB2, 0xA7, 0xC7, 0xC1, 0x7A, 0x54, 0xC2, 0xAC, 0x25, 0x98, 0x2C, 0x19,
  0x8D, 0x21, 0x78, 0x2D, 0xAF, 0x88, 0x2B, 0x5E, 0x49, 0xDC, 0x60, 0x3B, 0xA0, 0x70, 0xEA, 0x1E, 0xB2, 0x2F, 0xD0, 0x5F,
  0x59, 0xE4, 0xA1, 0x80, 0x80, 0x2D, 0x84, 0x19, 0x60, 0xF6, 0x01, 0x7C, 0x54, 0x7C, 0x1D, 0x65, 0xBB, 0xB1, 0xDF, 0x17,
  0x14, 0xA5, 0x25, 0x89, 0x3D, 0x20, 0x44, 0xF3, 0x68, 0x46, 0xD6, 0xB0, 0x6D, 0x4C, 0x66, 0x2C, 0xFB, 0x48, 0xB8, 0xCF,
  0x40, 0xB7, 0x61, 0x3F, 0x64, 0xFC, 0xF9, 0xF0, 0x2B, 0x1B, 0x17, 0x0D, 0xB2, 0xA4, 0x11, 0x65, 0xD3, 0x8A, 0x42, 0x1D,
  0x22, 0x17, 0x03, 0x4B, 0x5F, 0x2E, 0xC7, 0xD5, 0x71, 0x45, 0xB9, 0xE8, 0xE1, 0x44, 0xEB, 0x5D, 0x23, 0xEF, 0x26, 0x60,
  0xB2, 0x52, 0xC5, 0xD4, 0x09, 0xA6, 0x1D, 0x7D, 0x35, 0x1A, 0x8D, 0x33, 0x94, 0x36, 0x30, 0x0A, 0x3C, 0xAC, 0x35, 0x06,
  0x0D, 0x5B, 0xAF, 0x33, 0xBE, 0xA6, 0xB0, 0xBC, 0x51, 0x59, 0x62, 0xCB, 0x71, 0x8A, 0x2A, 0x6B, 0xEA, 0x59, 0x9C, 0x3E,
  0x33, 0x94, 0x2B, 0xA2, 0xA2, 0xEA, 0x44, 0xFC, 0x92, 0x92, 0x49, 0x02, 0xD1, 0xD0, 0x1D, 0x37, 0x29, 0x57, 0xD3, 0x71,
  0xAB, 0xBE, 0x29, 0x42, 0x70, 0x64, 0x2D, 0x4F, 0x0C, 0x0A, 0x41, 0x2E, 0x6A, 0x09, 0xA7, 0xD7, 0xDB, 0x24, 0x65, 0xEB,
  0xED, 0xB8, 0x62, 0x0F, 0x81, 0xEA, 0xA7, 0x43, 0xA0, 0x5F, 0xA9, 0x6A, 0xE7, 0x4B, 0x56, 0xC7, 0x36, 0x19, 0xC7, 0x75,
  0xF2, 0x8B, 0x12, 0xDC, 0x88, 0x3D, 0x38, 0x59, 0x60, 0x9C, 0x16, 0xA8, 0xC2, 0xB5, 0x22, 0x21, 0x5F, 0x9B, 0x69, 0x75,
  0x0F, 0xF5, 0x31, 0xB2, 0x68, 0x4F, 0xD8, 0x19, 0x01, 0x1E, 0x75, 0x9C, 0x9F, 0xF9, 0x3D, 0xA5, 0xBF, 0x2E, 0x8D, 0xC1,
  0xCC, 0x48, 0x6B, 0xA5, 0xF8, 0x3C, 0x40, 0x65, 0x25, 0x5A, 0x97, 0x52, 0x6F, 0x6A, 0x45, 0x3A, 0x68, 0x55, 0x32, 0xBD,
  0xA9, 0xA4, 0x29, 0xB4, 0xA8, 0x54, 0x24, 0xA5, 0x1C, 0xFE, 0x75, 0x8C, 0x56, 0x41, 0x5E, 0x29, 0xDD, 0xCF, 0x6A, 0x00,
  0x84, 0x24, 0x03, 0xC6, 0xD4, 0x40, 0xF1, 0xAC, 0xF7, 0xB5, 0x4F, 0x97, 0x7A, 0x21, 0x5C, 0xFF, 0x41, 0x78, 0x78, 0xEC,
  0xBE, 0xAA, 0xE2, 0x74, 0x88, 0x37, 0x1A, 0x63, 0x9A, 0x16, 0x38, 0x6D, 0x2D, 0x12, 0x32, 0x91, 0xD0, 0x21, 0x58, 0x14,
  0x46, 0x9F, 0x26, 0xDF, 0x18, 0x2A, 0x86, 0xC0, 0xFE, 0xFD, 0x4A, 0xF6, 0xC6, 0xAE, 0x4E, 0x22, 0x6A, 0x41, 0xE0, 0x01,
  0x30, 0x54, 0x32, 0x9E, 0x30, 0x86, 0x75, 0xE2, 0x42, 0x86, 0xB6, 0xB3, 0x57, 0x7E, 0x00, 0xE1, 0x7D, 0x2B, 0xDC, 0x5A,
  0x29, 0x59, 0x29, 0x49, 0x6E, 0x3A, 0x60, 0x9D, 0x84, 0x78, 0x24, 0x2E, 0x50, 0x2B, 0xAB, 0x4E, 0x47, 0xBA, 0x9C, 0x4E,
  0xEF, 0x5B, 0x9B, 0x0F, 0xA8, 0x96, 0xDE, 0x90, 0x0C, 0x28, 0x7B, 0x24, 0x40, 0xA3, 0xCE, 0xD8, 0x36, 0x2F, 0x2E, 0x89,
  0xE0, 0xE2, 0xBE, 0x4E, 0x8C, 0x66, 0xDF, 0xF0, 0x2C, 0x18, 0xBC, 0xC8, 0xB8, 0xC2, 0x6C, 0x3E, 0x6A, 0x88, 0xEC, 0x39,
  0x2A, 0x0E, 0x98, 0x9A, 0x65, 0xD5, 0x14, 0x1E, 0x2C, 0x75, 0xCE, 0x23, 0x6E, 0xF9, 0xAF, 0xFF, 0xAE, 0x54, 0x31, 0x8F,
  0x86, 0x5E, 0x66, 0xC1, 0xF0, 0x49, 0xCD, 0x1B, 0x43, 0x6C, 0x95, 0x35, 0xDD, 0x15, 0xAD, 0x81, 0x03, 0x74, 0xE5, 0xAA,
  0xBE, 0x20, 0x45, 0xA0, 0x5D, 0x94, 0x30, 0x75, 0x5F, 0x34, 0x16, 0x78, 0x9B, 0xB3, 0x4C, 0xC6, 0x6D, 0x7D, 0x83, 0xE4,
  0xAB, 0x7B, 0x5D, 0x88, 0x4D, 0x68, 0xF0, 0xE7, 0x29, 0x97, 0xF0, 0x48, 0xA6, 0x61, 0xE0, 0x26, 0xBC, 0x9E, 0x45, 0x78,
  0x51, 0x9B, 0xC2, 0xD1, 0x46, 0xFB, 0x16, 0xC1, 0x98, 0xCA, 0x8D, 0xFE, 0x8A, 0xD3, 0xFC, 0x86, 0x00, 0x1C, 0x62, 0x50,
  0x6E, 0xA4, 0xDE, 0x8E, 0xF0, 0x91, 0xC3, 0x49, 0x96, 0xC4, 0xA9, 0x04, 0x3F, 0x66, 0xC8, 0x25, 0xC4, 0x7A, 0x90, 0xCE,
  0x4E, 0x1C, 0x30, 0xC2, 0xA0, 0x6E, 0x2D, 0x5A, 0xB2, 0x81, 0x86, 0xD5, 0x94, 0x0B, 0x95, 0xAB, 0x88, 0xF1, 0xE6, 0x48,
  0x7B, 0x34, 0xFD, 0x97, 0x9C, 0x3B, 0xCF, 0x7D, 0x4A, 0xF2, 0x1E, 0x19, 0x53, 0xDC, 0xAE, 0xC4, 0x3E, 0xD1, 0x5B, 0x9C,
  0x21, 0x12, 0xD2, 0x94, 0x50, 0xA8, 0x55, 0x01, 0x3E, 0x51, 0x8F, 0x5A, 0xE4, 0x58, 0xFC, 0xDC, 0x16, 0x8D, 0xD6, 0x0C,
  0x59, 0x90, 0xCB, 0x12, 0x18, 0x3A, 0xD2, 0xA0, 0x15, 0x40, 0xC4, 0xB1, 0x13, 0xB6, 0xCC, 0x49, 0xA8, 0xDA, 0x37, 0x0E,
  0x55, 0x96, 0x56, 0xC7, 0xF7, 0x5E, 0xB8, 0x3D, 0x3E, 0xE6, 0x14, 0x61, 0x42, 0xEC, 0xD4, 0xAE, 0x99, 0x8E, 0x6C, 0x21,
  0x60, 0x84, 0x54, 0x9A, 0xC0, 0x47, 0xBF, 0x0F, 0xFF, 0x90, 0xAF, 0x29, 0xE5, 0x8A, 0xA4, 0xBC, 0x3A, 0xAA, 0x2C, 0xBD,
  0x31, 0x10, 0x69, 0x3C, 0xB2, 0x3A, 0x68, 0xFE, 0x61, 0x98, 0x1D, 0x43, 0x6C, 0x69, 0x56, 0xE5, 0xD8, 0xD9, 0xD7, 0xA2,
  0xCC, 0x4A, 0x3F, 0x1C, 0xA6, 0x52, 0xF5, 0x0B, 0xC6, 0x03, 0x02, 0xC8, 0x67, 0xFB, 0x50, 0x3F, 0x7F, 0xFE, 0x9B, 0x7F,
  0x17, 0x7C, 0x0B, 0x8C, 0x4A, 0x67, 0x5B, 0xF7, 0x37, 0x95, 0x0F, 0xD8, 0xE1, 0x9B, 0x81, 0x42, 0xD1, 0xD2, 0x83, 0x4D,
  0xFD, 0xE7, 0xFF, 0x13, 0x57, 0x15, 0xB2, 0x5B, 0x30, 0xA4, 0x69, 0x15, 0x89, 0x24, 0x5A, 0xDC, 0xF0, 0x73, 0xAB, 0xBD,
  0xC3, 0xA3, 0xFA, 0x3B, 0xC4, 0xBE, 0xBE, 0xF7, 0x34, 0x44, 0xEE, 0x6B, 0x85, 0x9B, 0xF9, 0x7F, 0xFF, 0x63, 0xF0, 0x2D,
  0x6C, 0xED, 0xE4, 0xFF, 0x03, 0x0F, 0x6C, 0xE4, 0x9E, 0xD8, 0xC8, 0xF9, 0xF1, 0x43, 0xAB, 0x19, 0x57, 0xCF, 0x8D, 0xDD,
  0xAB, 0x30, 0xC5, 0xB5, 0x99, 0x6C, 0xB3, 0x79, 0xBE, 0x17, 0x73, 0xB2, 0xD8, 0x56, 0x67, 0x4B, 0xE5, 0x5F, 0x35, 0xCE,
  0xC5, 0x5E, 0x63, 0xE5, 0x64, 0x33, 0x36, 0xD1, 0x17, 0xC7, 0x6C, 0x71, 0xF2, 0x25, 0x90, 0xC6, 0xC5, 0x16, 0x2F, 0x4D,
  0x22, 0x4A, 0xDF, 0xF1, 0x48, 0x41, 0xE6, 0x6C, 0xA9, 0x1C, 0x5B, 0xC6, 0x86, 0x0A, 0x49, 0x65, 0xCF, 0xD9, 0xDB, 0x64,
  0x62, 0x6F, 0xA5, 0x76, 0x91, 0x15, 0x6F, 0x0E, 0x59, 0x52, 0xA4, 0x63, 0xC9, 0xA8, 0x98, 0x05, 0x65, 0xB8, 0x86, 0xC7,
  0xD9, 0x1A, 0x2D, 0x3B, 0x66, 0x9E, 0xFB, 0xEB, 0xFA, 0x1F, 0xE1, 0x2D, 0xC9, 0x75, 0x86, 0xD9, 0xEE, 0x4A, 0x15, 0xD7,
  0x2C, 0xE4, 0xC0, 0xAC, 0x6B, 0x58, 0x30, 0x12, 0xEC, 0xC9, 0x35, 0x26, 0x40, 0x1A, 0x21, 0x12, 0x0B, 0x64, 0xA9, 0x2C,
  0xF1, 0x2D, 0x3F, 0x1B, 0x48, 0x47, 0x5E, 0x46, 0x37, 0x72, 0x4E, 0x64, 0x57, 0xF0, 0x28, 0xA7, 0x85, 0x56, 0xFA, 0xF2,
  0x1D, 0x8E, 0x62, 0x41, 0xB5, 0xF4, 0xFD, 0xD2, 0x3D, 0xEE, 0xD7, 0x5B, 0x90, 0x7B, 0xAC, 0x6A, 0x8D, 0xF5, 0xAB, 0x1F,
  0xCE, 0xDE, 0x10, 0xC3, 0x26, 0x5C, 0xF0, 0xD4, 0x10, 0x05, 0x3C, 0xD0, 0x19, 0x3B, 0x5F, 0xAD, 0xA6, 0x44, 0x86, 0xEC,
  0x89, 0x6B, 0x5D, 0xB5, 0xA8, 0xA6, 0x95, 0xBF, 0x50, 0x4F, 0xE1, 0x64, 0x12, 0x72, 0x71, 0x56, 0xC6, 0x05, 0x62, 0xF6,
  0xF4, 0xC6, 0x12, 0x21, 0x07, 0x0A, 0xA2, 0x34, 0x04, 0xDC, 0x4B, 0xE6, 0x88, 0x51, 0xF0, 0x7D, 0xB2, 0x26, 0x17, 0x5A,
  0x18, 0xD1, 0xF2, 0x81, 0x95, 0xD1, 0x28, 0x28, 0x7F, 0xD6, 0xA2, 0x7F, 0x63, 0xBA, 0x06, 0x47, 0x68, 0xE4, 0x30, 0x1A,
  0x7C, 0xE9, 0x2A, 0xB8, 0x88, 0xC5, 0x07, 0x24, 0x14, 0x98, 0x2A, 0x20, 0xA4, 0x9A, 0x12, 0x24, 0x0D, 0x2B, 0x9F, 0x3E,
  0x71, 0xE1, 0xD1, 0x28, 0x7D, 0x57, 0x64, 0x91, 0x44, 0xC7, 0x85, 0x16, 0xE9, 0x0B, 0x80, 0x47, 0xE0, 0xD3, 0x5F, 0x7E,
  0x19, 0x6D, 0xB4, 0x2A, 0x17, 0x11, 0x5A, 0xC0, 0x9D, 0x5E, 0x44, 0x42, 0xC7, 0x6C, 0x80, 0x10, 0xE0, 0x4C, 0x13, 0xC3,
  0x7A, 0x5A, 0x3A, 0x25, 0x5A, 0x51, 0xAA, 0x53, 0xEC, 0xF4, 0xA1, 0xBD, 0xA2, 0xAB, 0xC7, 0x03, 0xF1, 0x16, 0xE3, 0xEE,
  0x72, 0x57, 0x8F, 0xC6, 0xFC, 0x0B, 0xAC, 0x5D, 0x7A, 0x04, 0x33, 0x74, 0x72, 0x6F, 0xFA, 0x13, 0xCA, 0x65, 0x90, 0x8E,
  0xAF, 0xB6, 0x5F, 0x69, 0xD6, 0x73, 0xA3, 0xF4, 0x40, 0x35, 0xF7, 0xF0, 0xA8, 0xE7, 0x06, 0xD6, 0xA4, 0xC8, 0xD2, 0xDD,
  0x88, 0x48, 0x23, 0x91, 0xAB, 0xE7, 0xF9, 0x52, 0x65, 0x48, 0x34, 0x63, 0x7F, 0xC4, 0xBB, 0xEF, 0xA0, 0x90, 0x16, 0x1E,
  0xB9, 0xA1, 0xF9, 0xF8, 0x8C, 0xE5, 0x3E, 0xD2, 0xA7, 0x66, 0x1E, 0xCB, 0x7C, 0x94, 0xF4, 0xC2, 0x85, 0xA5, 0x2D, 0xAE,
  0xD2, 0x86, 0x24, 0xBF, 0x7D, 0x1D, 0x7F, 0x10, 0x32, 0x43, 0x79, 0xC9, 0x14, 0x29, 0x55, 0xBE, 0x60, 0xDE, 0xE9, 0x02,
  0xF0, 0xCB, 0xA2, 0x81, 0x3D, 0x54, 0xF5, 0xBE, 0x00, 0xA0, 0xF9, 0x72, 0xB6, 0xBA, 0x75, 0x6C, 0x4F, 0xA0, 0x6D, 0xD1,
  0x5A, 0x95, 0x83, 0x66, 0x46, 0x4E, 0x74, 0x8F, 0xF4, 0xCC, 0x35, 0xC5, 0x7B, 0x2A, 0x56, 0xDF, 0xA8, 0x19, 0xFD, 0xB6,
  0x41, 0x89, 0x08, 0x36, 0x42, 0xE5, 0x95, 0xF1, 0x3E, 0x91, 0x8E, 0xC2, 0x96, 0x83, 0x5E, 0xB2, 0x7B, 0x6B, 0x65, 0xA9,
  0x64, 0x5D, 0x05, 0x45, 0x89, 0xD2, 0x2A, 0x56, 0xE9, 0x0D, 0xB4, 0x00, 0xEC, 0x62, 0x58, 0x15, 0xE2, 0x74, 0xF5, 0x52,
  0x2F, 0x9A, 0xE9, 0x5A, 0xED, 0xEC, 0x97, 0xA1, 0x69, 0xA6, 0x04, 0x7D, 0x07, 0xC2, 0xA8, 0x32, 0x59, 0x57, 0x4D, 0x2D,
  0x35, 0x25, 0xCD, 0x2D, 0x5A, 0x57, 0xF8, 0x89, 0xDA, 0xAE, 0xA8, 0x05, 0xAB, 0x4A, 0xA0, 0x31, 0x6B, 0x2F, 0x0F, 0x7A,
  0x0C, 0x67, 0x33, 0xAE, 0x9A, 0x75, 0x85, 0xAA, 0xBF, 0x60, 0x65, 0xA9, 0x50, 0x35, 0x34, 0xFA, 0xE4, 0x60, 0x50, 0xB4,
  0x76, 0xAA, 0xF0, 0xA0, 0xFA, 0x58, 0x3D, 0x57, 0xBE, 0x24, 0xF9, 0x59, 0xB6, 0x6E, 0xBF, 0x15, 0x11, 0x17, 0x70, 0x7E,
  0xC6, 0xF9, 0x94, 0xAC, 0xA8, 0x34, 0x11, 0xEB, 0x28, 0x4D, 0x62, 0xE0, 0xC1, 0x1B, 0xE9, 0x12, 0x15, 0x5F, 0x07, 0xE9,
  0x5B, 0xA7, 0x9A, 0x6A, 0xCD, 0x57, 0x29, 0xED, 0x09, 0x75, 0x96, 0xAE, 0x4F, 0x35, 0x81, 0xE0, 0x43, 0x4E, 0x5B, 0x2B,
  0xA8, 0x23, 0x61, 0x40, 0x79, 0xC4, 0x0D, 0x5D, 0xE7, 0x36, 0x9E, 0x25, 0xEA, 0xB4, 0xE7, 0x85, 0xDC, 0x48, 0x38, 0x26,
  0xB5, 0x1F, 0x0F, 0x6F, 0x3D, 0xB1, 0x2D, 0x0A, 0x5C, 0x98, 0x2F, 0x65, 0x29, 0x1B, 0xCD, 0x55, 0x94, 0x73, 0x31, 0x81,
  0x9F, 0xE5, 0x78, 0x6C, 0x14, 0x52, 0x65, 0x78, 0xB3, 0xFD, 0xEA, 0x70, 0x71, 0x7A, 0xA8, 0x73, 0x68, 0x76, 0x1E, 0x98,
  0x6A, 0x1F, 0xED, 0xAB, 0x4D, 0x2D, 0xF0, 0x86, 0xDB, 0x5A, 0x2A, 0xDE, 0x55, 0x88, 0xE8, 0x3A, 0x33, 0xB0, 0xF0, 0x6F,
  0x30, 0x4F, 0x2E, 0xBC, 0xDE, 0x93, 0xB7, 0x4E, 0x36, 0xE1, 0x1D, 0xB3, 0xA3, 0x45, 0x8E, 0xA6, 0x8B, 0x5E, 0x9D, 0x80,
  0x07, 0x13, 0xDF, 0x7D, 0xDE, 0xF9, 0x15, 0xDE, 0x51, 0xF8, 0x59, 0xC9, 0x81, 0x3B, 0x06, 0xCC, 0x6A, 0x1E, 0xF8, 0xDD,
  0xE0, 0x0A, 0xA3, 0x30, 0x74, 0xBD, 0x89, 0x21, 0x05, 0x89, 0x29, 0xBF, 0x16, 0xC1, 0x65, 0xEC, 0x0D, 0x48, 0xB7, 0x8A,
  0x54, 0x19, 0x6B, 0x01, 0x0D, 0x56, 0x05, 0x1B, 0x50, 0x05, 0xA5, 0xCA, 0xF3, 0x38, 0xD6, 0xEE, 0xC5, 0x9B, 0x84, 0xDC,
  0x08, 0x9D, 0xD9, 0x7E, 0xBC, 0x80, 0xBF, 0x2B, 0x4A, 0xFF, 0xE5, 0xCB, 0x17, 0xDF, 0x21, 0x9A, 0x45, 0x75, 0x24, 0xE7,
  0x84, 0xB7, 0x75, 0x4A, 0x6B, 0x5D, 0x16, 0x14, 0xBD, 0x4A, 0xFD, 0x73, 0xF0, 0x91, 0x9E, 0x32, 0xC6, 0xA0, 0x35, 0xC4,
  0x54, 0x1A, 0x0B, 0x2B, 0xDB, 0xA0, 0x0C, 0x07, 0x14, 0xB4, 0x25, 0x37, 0xB9, 0x46, 0x9A, 0x5E, 0xB2, 0xA8, 0xC2, 0x3E,
  0x32, 0x17, 0x14, 0xF8, 0xC1, 0x0A, 0x61, 0x6F, 0xB8, 0xAD, 0x65, 0x07, 0x96, 0xFC, 0x32, 0xF5, 0x98, 0xF1, 0x37, 0xF3,
  0x97, 0x35, 0x9D, 0xC3, 0xAB, 0x86, 0xC8, 0x8C, 0x12, 0x4F, 0xB9, 0x78, 0x15, 0xE2, 0x8C, 0x10, 0x34, 0x96, 0xA5, 0xD2,
  0x62, 0x01, 0x2B, 0xB7, 0x68, 0x8A, 0xD1, 0x9F, 0xB7, 0x29, 0x75, 0x84, 0x55, 0x6B, 0xD2, 0xDF, 0x87, 0x28, 0xF6, 0x7C,
  0xBA, 0x48, 0x29, 0xBB, 0x7A, 0x08, 0xB8, 0xA7, 0x74, 0x36, 0x23, 0x83, 0x18, 0x72, 0x8C, 0xB0, 0x48, 0x76, 0x01, 0x4D,
  0x90, 0xB4, 0xDB, 0xB9, 0x05, 0xC8, 0x9F, 0xF1, 0x5B, 0x71, 0xB9, 0x8F, 0x6A, 0x4E, 0xC2, 0x2E, 0x9D, 0x83, 0xE7, 0xE8,
  0x8A, 0xD5, 0x27, 0xD6, 0xA9, 0xD0, 0x03, 0xA8, 0x98, 0x15, 0xE2, 0xCD, 0xA5, 0x28, 0xBE, 0x13, 0xC5, 0x5E, 0x6E, 0x35,
  0x7C, 0x04, 0x69, 0x6B, 0xA9, 0xB3, 0x6E, 0x3A, 0x0D, 0xF7, 0x04, 0xA9, 0xB9, 0x30, 0x35, 0xA6, 0x45, 0x8C, 0xC7, 0x64,
  0x17, 0x41, 0x80, 0x5F, 0xDA, 0xB4, 0x5C, 0x15, 0xE9, 0x36, 0x44, 0x85, 0xC4, 0x71, 0x82, 0x68, 0xBD, 0x56, 0x3C, 0x91,
  0x08, 0xB4, 0x33, 0x46, 0xA1, 0x63, 0xC5, 0x85, 0xDA, 0x97, 0x96, 0xFB, 0x8A, 0x93, 0x18, 0xAA, 0xB8, 0x3E, 0x81, 0x76,
  0x4E, 0x55, 0xEC, 0x1F, 0xC7, 0x09, 0x64, 0x97, 0x50, 0x71, 0x09, 0xAC, 0x3D, 0x11, 0xB3, 0x2E, 0x67, 0x4A, 0x3D, 0xC4,
  0x65, 0x5B, 0xF8, 0x67, 0xD0, 0xA1, 0x4F, 0xD3, 0x6C, 0xF1, 0x95, 0x7F, 0x08, 0x56, 0xA4, 0xB2, 0x26, 0xC4, 0x12, 0x49,
  0x97, 0xCD, 0xE1, 0x3D, 0x30, 0x47, 0x47, 0xB1, 0x20, 0xAA, 0x4E, 0x96, 0x95, 0x93, 0xF5, 0xB3, 0x05, 0x04, 0x0B, 0xA8,
  0x11, 0x3E, 0x83, 0x1B, 0x69, 0xE0, 0xAA, 0x66, 0x47, 0x8E, 0x0F, 0x30, 0xAE, 0x9A, 0xA4, 0x06, 0xE9, 0x1E, 0xC6, 0x98,
  0x32, 0xE1, 0xE1, 0x77, 0xD9, 0x9C, 0x98, 0xEC, 0x0C, 0xC1, 0x7D, 0xE1, 0xBD, 0x7B, 0x78, 0x59, 0x33, 0x60, 0x8B, 0x1E,
  0x3A, 0x33, 0x34, 0x21, 0x0F, 0xA5, 0xB5, 0xEF, 0xDC, 0x61, 0xB6, 0xCA, 0x99, 0x42, 0x35, 0x1D, 0xB9, 0xF6, 0xC5, 0x96,
  0x45, 0x4F, 0x47, 0xE8, 0x13, 0xEA, 0x5B, 0x4A, 0x3B, 0x73, 0xC1, 0xE9, 0xFA, 0x70, 0xA5, 0x29, 0xCB, 0x3B, 0x67, 0xDF,
  0x0A, 0x8A, 0x0E, 0xC2, 0x30, 0xB0, 0xE9, 0x84, 0x9E, 0xCE, 0x67, 0xF9, 0x90, 0x59, 0x1D, 0xEB, 0xE1, 0x14, 0x1F, 0x01,
  0x91, 0x39, 0x75, 0xEE, 0x95, 0x0D, 0xC5, 0x20, 0xB3, 0x6B, 0x87, 0xC4, 0x32, 0xF8, 0x67, 0xA0, 0x9F, 0xFE, 0x08, 0x8D,
  0x67, 0x0E, 0xE0, 0x2A, 0x88, 0x15, 0xF0, 0x59, 0x31, 0x8F, 0x90, 0x59, 0xFB, 0xC0, 0xC1, 0x9D, 0x95, 0x19, 0xB3, 0xF1,
  0x12, 0x9C, 0x8E, 0x22, 0xDA, 0xEE, 0xF4, 0xC1, 0x37, 0x4D, 0x34, 0xBA, 0x97, 0x84, 0x82, 0x0B, 0x2A, 0x1E, 0xFC, 0x0D,
  0x5F, 0xA1, 0x99, 0x06, 0x64, 0xA5, 0x90, 0x95, 0x88, 0x58, 0x09, 0xED, 0x81, 0xED, 0xD6, 0x22, 0x27, 0x72, 0x69, 0xAB,
  0x10, 0x94, 0x8E, 0xD6, 0x46, 0x7A, 0x95, 0xA7, 0x3D, 0xA7, 0x88, 0x97, 0xDB, 0xAB, 0x53, 0x48, 0xA5, 0xD8, 0xA7, 0x51,
  0x5A, 0x28, 0xF5, 0xA5, 0x24, 0x0A, 0x56, 0xE6, 0x92, 0x95, 0xCC, 0x6A, 0x02, 0x09, 0xF3, 0x90, 0x84, 0xA6, 0xD6, 0x58,
  0x02, 0x59, 0xCD, 0x08, 0x10, 0x90, 0xE3, 0xCA, 0xBA, 0x0B, 0x56, 0x2A, 0x56, 0x83, 0x8C, 0xC3, 0x0A, 0x34, 0x28, 0x91,
  0xDF, 0x43, 0x0F, 0x46, 0x51, 0x0E, 0x80, 0xCA, 0x45, 0x71, 0x8A, 0x2B, 0x66, 0x29, 0x4E, 0x66, 0xC6, 0x00, 0x86, 0x7C,
  0x10, 0x30, 0x56, 0x2D, 0x03, 0xEC, 0xAB, 0x4C, 0x1A, 0xB5, 0xD5, 0xC0, 0xA5, 0xC8, 0x03, 0x7B, 0x99, 0x76, 0xD2, 0xF7,
  0x15, 0x5D, 0x60, 0x42, 0x47, 0x7A, 0x61, 0x8D, 0x5B, 0x01, 0x8A, 0x89, 0xC1, 0x48, 0xA0, 0x13, 0x64, 0x0D, 0x00, 0x49,
  0xEC, 0x83, 0x16, 0xAE, 0x79, 0x21, 0x7D, 0x53, 0x13, 0x6F, 0x6E, 0xA4, 0xAD, 0x33, 0xEB, 0x67, 0x9C, 0x5E, 0x58, 0xC1,
  0x27, 0x5D, 0x07, 0x20, 0xF1, 0x8F, 0x14, 0x65, 0x3C, 0xC0, 0xED, 0x5E, 0x9B, 0xE9, 0xD5, 0x7C, 0xB9, 0x0A, 0x7E, 0x4C,
  0xC6, 0x67, 0xB8, 0x02, 0x88, 0x55, 0x16, 0x08, 0x18, 0xD8, 0x06, 0x8A, 0x2F, 0x78, 0xC1, 0x38, 0x15, 0xB7, 0x27, 0xC1,
  0x82, 0xB5, 0x55, 0x97, 0x29, 0xE1, 0xFE, 0x9D, 0x17, 0x49, 0x0C, 0x4D, 0x07, 0xEE, 0x1D, 0xBC, 0xA4, 0x05, 0x10, 0x8D,
  0x5D, 0xC2, 0xBA, 0x36, 0x27, 0x97, 0xEA, 0xE0, 0x82, 0x09, 0xF3, 0x96, 0x9C, 0x5C, 0xA4, 0xEA, 0x91, 0x42, 0x30, 0xAB,
  0xC8, 0x66, 0x36, 0x87, 0x1D, 0x0E, 0x41, 0x6D, 0xC2, 0xCE, 0x46, 0xB6, 0x12, 0xEE, 0x6F, 0x53, 0xBF, 0xA3, 0xED, 0xF2,
  0x8C, 0x7A, 0x4E, 0xA3, 0x46, 0xAB, 0x1B, 0xF2, 0x3F, 0x4A, 0xC5, 0xC0, 0x8C, 0xF7, 0x16, 0x38, 0x0E, 0x2E, 0xD9, 0x64,
  0xA7, 0x43, 0xF0, 0x4C, 0x84, 0x9B, 0x17, 0xBB, 0x88, 0x54, 0x16, 0x39, 0xCF, 0x56, 0x3B, 0x25, 0x54, 0x63, 0x90, 0x48,
  0xDA, 0x28, 0xED, 0x8C, 0x9B, 0x4B, 0xF2, 0xFF, 0x2D, 0x49, 0xC5, 0x84, 0x71, 0x58, 0xD0, 0x9F, 0x2B, 0xF3, 0xEB, 0xBE,
  0x1E, 0xA9, 0x45, 0x24, 0xDB, 0x5E, 0xBC, 0xE0, 0xB0, 0xA9, 0x00, 0xEA, 0x90, 0xE5, 0x9C, 0x1D, 0xE3, 0xDC, 0xA6, 0x32,
  0xBA, 0x03, 0x45, 0xCF, 0x3C, 0x1A, 0x82, 0xC0, 0xAF, 0x1F, 0xD0, 0x01, 0x2B, 0xC6, 0x95, 0x27, 0xC7, 0x18, 0x5D, 0x1D,
  0x93, 0x7A, 0xA7, 0x80, 0x77, 0xF8, 0x97, 0xF8, 0x80, 0x7F, 0x4E, 0x0C, 0xCF, 0x8D, 0x76, 0x3D, 0x37, 0x07, 0x5B, 0x31,
  0x7F, 0xC0, 0xCA, 0xB3, 0xA5, 0x2A, 0x92, 0x2F, 0x11, 0x15, 0x72, 0xA8, 0x55, 0x88, 0x7F, 0x53, 0xCA, 0x54, 0x7A, 0x72,
  0x24, 0x44, 0xAA, 0xF4, 0x85, 0x9E, 0xCB, 0xEA, 0xBE, 0x12, 0x09, 0x05, 0xC2, 0x4E, 0xAE, 0x28, 0x89, 0xE5, 0xDB, 0x6D,
  0xEB, 0x69, 0x94, 0xA2, 0xCA, 0x64, 0xE3, 0x04, 0x13, 0x6B, 0x9A, 0x0C, 0xCC, 0xB7, 0xA4, 0xC6, 0x92, 0x1A, 0x2B, 0xF3,
  0xB1, 0x3E, 0x4C, 0x6F, 0x11, 0xC1, 0x24, 0x15, 0x3A, 0x62, 0x30, 0xF9, 0x8A, 0x2F, 0x62, 0xBA, 0x0F, 0x2A, 0xBD, 0x24,
  0x3B, 0x6D, 0xF6, 0x43, 0x68, 0xE7, 0xA5, 0xEA, 0xCB, 0xA6, 0x53, 0x72, 0xF0, 0x9B, 0x4B, 0xA6, 0x23, 0xC0, 0x9A, 0x97,
  0xDF, 0xC2, 0x7F, 0x3C, 0xA5, 0x5A, 0xF4, 0x4A, 0x9A, 0x83, 0x84, 0x3B, 0x50, 0x89, 0x77, 0xC8, 0x71, 0xAE, 0xF7, 0x08,
  0x4A, 0xE6, 0xDC, 0xAA, 0xD4, 0x8A, 0x90, 0x98, 0x98, 0x8F, 0x36, 0x65, 0x26, 0x9B, 0x23, 0xB5, 0xF0, 0x03, 0x08, 0xA4,
  0x0C, 0x68, 0xCB, 0xE8, 0xD1, 0xD4, 0x16, 0xA4, 0xD0, 0x9B, 0x86, 0xFC, 0xE9, 0x30, 0xB8, 0xCC, 0x98, 0xAC, 0x25, 0xC6,
  0xE5, 0x91, 0x1F, 0x4A, 0x72, 0x50, 0xF4, 0xC1, 0xFE, 0x26, 0x99, 0x81, 0xA5, 0x4A, 0x2D, 0x81, 0xA9, 0xCD, 0x90, 0xB9,
  0x0C, 0xBD, 0xA4, 0xB8, 0xF9, 0xD6, 0xA7, 0x4F, 0xDE, 0xE7, 0xED, 0xC3, 0x01, 0x73, 0xE6, 0xCD, 0x79, 0x1A, 0xA1, 0x05,
  0x22, 0x4F, 0xFC, 0xB4, 0x1E, 0x50, 0x20, 0xD6, 0x35, 0x23, 0x54, 0xC9, 0xB1, 0xF8, 0xA2, 0xE8, 0x54, 0xB3, 0xDC, 0xBF,
  0x1E, 0x7E, 0xEA, 0x5D, 0xA4, 0x06, 0x90, 0x2E, 0x8F, 0x06, 0x8A, 0xB2, 0x7D, 0xA0, 0x73, 0xCE, 0x27, 0x29, 0x38, 0xD2,
  0xF3, 0x69, 0x9C, 0x54, 0x4D, 0xCD, 0xB5, 0x68, 0x6D, 0x2B, 0x69, 0x3E, 0xF7, 0x8C, 0x3A, 0xED, 0xD2, 0x11, 0x95, 0x3A,
  0x6A, 0x27, 0x0E, 0x83, 0x27, 0x2F, 0xD0, 0x7A, 0x76, 0x2C, 0x52, 0xE9, 0x7D, 0xC7, 0xC0, 0x9C, 0xB6, 0xA6, 0x5B, 0xD4,
  0xCF, 0xD5, 0x6F, 0xF8, 0x42, 0x28, 0xB2, 0x2B, 0xA4, 0x0E, 0x0C, 0x2D, 0x54, 0x9E, 0x64, 0x51, 0xF5, 0x4B, 0x14, 0x55,
  0xA3, 0xAE, 0xC5, 0x95, 0xE7, 0x45, 0x41, 0x58, 0x5C, 0x5D, 0x1A, 0xE2, 0x20, 0x7F, 0xA7, 0x71, 0x0E, 0x6A, 0x51, 0x0A,
  0xB6, 0x23, 0x69, 0xDE, 0xE7, 0x6F, 0xD8, 0xAD, 0x86, 0xCD, 0x5A, 0x17, 0x30, 0x61, 0x94, 0xE9, 0x7B, 0x7F, 0x0B, 0x3A,
  0x62, 0x88, 0xE2, 0x79, 0xFA, 0x7C, 0x11, 0xE1, 0xA1, 0x79, 0xA5, 0xEC, 0xBD, 0x60, 0xA9, 0x0A, 0x9E, 0x73, 0x11, 0x1F,
  0x23, 0xC2, 0xD2, 0x71, 0x45, 0x79, 0x48, 0x51, 0x15, 0x15, 0x6A, 0xEC, 0x00, 0x9D, 0xC8, 0x3D, 0x6B, 0x87, 0x2D, 0x19,
  0xAB, 0xEA, 0xF8, 0x01, 0x51, 0x43, 0x75, 0xB6, 0x69, 0x97, 0x0F, 0x30, 0x79, 0xE9, 0x65, 0x63, 0x9F, 0x3D, 0xEC, 0xD4,
  0x6B, 0x7C, 0x24, 0x3A, 0xE5, 0xB3, 0x73, 0xEF, 0x9E, 0xF1, 0x43, 0x8A, 0xD6, 0x0F, 0x8D, 0x47, 0xF0, 0x06, 0x19, 0x88,
  0x50, 0x6C, 0x35, 0x56, 0x71, 0x81, 0x44, 0x49, 0x39, 0xDA, 0xBB, 0xDC, 0xA6, 0x38, 0x5C, 0x2E, 0x6B, 0xEA, 0x9B, 0x99,
  0x61, 0x76, 0x92, 0x36, 0xB6, 0x9F, 0x0E, 0x38, 0x87, 0xA7, 0x77, 0xD5, 0x28, 0x0F, 0x5B, 0x95, 0x6F, 0x8C, 0x06, 0xF1,
  0x93, 0x69, 0x66, 0x3B, 0x1C, 0x8C, 0x25, 0x33, 0xA1, 0x70, 0x7B, 0x0F, 0x7F, 0xF2, 0x13, 0xD0, 0x9F, 0x0C, 0x33, 0x9A,
  0x88, 0xB9, 0x8A, 0x4C, 0x8B, 0x99, 0xE0, 0x63, 0x3C, 0x01, 0x7C, 0x3F, 0x0D, 0x0F, 0x84, 0x61, 0xDD, 0xC6, 0x98, 0x66,
  0x39, 0x2C, 0xEC, 0x6F, 0xB3, 0x2A, 0xB4, 0x33, 0x19, 0x5F, 0x18, 0x7F, 0xAC, 0xA1, 0xEB, 0x6D, 0xE0, 0x24, 0x50, 0xFB,
  0x56, 0xDE, 0x79, 0xA1, 0xB7, 0x67, 0xFA, 0xA7, 0xFC, 0xFD, 0x51, 0x17, 0x64, 0x68, 0xDF, 0x2E, 0xA1, 0xC1, 0xFD, 0x53,
  0x5D, 0x5C, 0x5A, 0x2F, 0xCB, 0x0E, 0x11, 0x2A, 0x44, 0x34, 0x6E, 0x29, 0x9C, 0x02, 0xE9, 0x3B, 0xA5, 0x5C, 0x43, 0xA4,
  0x85, 0xF2, 0x84, 0x4B, 0xDE, 0x23, 0x04, 0x95, 0x25, 0xFC, 0x4C, 0xE6, 0x29, 0xBC, 0xAA, 0x22, 0x67, 0xC3, 0x3E, 0xA9,
  0x23, 0xDB, 0x1A, 0xBD, 0xF9, 0x36, 0x99, 0xC5, 0xA0, 0x5E, 0x00, 0x01, 0xF4, 0xE3, 0x33, 0x41, 0x88, 0x1E, 0x4A, 0xEC,
  0xFC, 0x23, 0x7A, 0x5E, 0x90, 0x3C, 0xC3, 0xCF, 0x57, 0xEB, 0x9F, 0xB7, 0x57, 0xA5, 0x62, 0x16, 0x3D, 0x72, 0x74, 0xD5,
  0x7B, 0x76, 0xE0, 0x4D, 0xBB, 0xAD, 0x78, 0x2B, 0x08, 0x63, 0x09, 0x0D, 0xD1, 0x3F, 0x00, 0x31, 0x56, 0x1E, 0xC3, 0x81,
  0xFA, 0x72, 0xD5, 0x67, 0xA3, 0x84, 0xD3, 0x2D, 0xE2, 0x7A, 0xBB, 0xE5, 0x16, 0x19, 0xE9, 0xD4, 0x21, 0xF7, 0x3D, 0xC5,
  0xD1, 0xA6, 0x61, 0xCE, 0x2A, 0xE6, 0x61, 0xA5, 0x6C, 0x60, 0x99, 0x93, 0x9A, 0xDE, 0x9D, 0xAC, 0x82, 0x83, 0x29, 0x57,
  0x79, 0x3E, 0x30, 0xE8, 0x9B, 0x3C, 0xC8, 0xCE, 0x4C, 0x7F, 0x73, 0x0C, 0x44, 0xE2, 0x9D, 0x27, 0x1B, 0xAA, 0xC8, 0xAE,
  0xC3, 0xEA, 0x79, 0x80, 0x6F, 0xC9, 0xC8, 0x47, 0xE6, 0xEB, 0x0A, 0x49, 0xD8, 0x5D, 0xAE, 0xA1, 0x34, 0x14, 0x27, 0x9F,
  0x47, 0xC2, 0x64, 0x8A, 0x32, 0xB5, 0x09, 0xA6, 0x47, 0xE7, 0xEB, 0xB7, 0xCE, 0x9B, 0xBE, 0x1C, 0xE2, 0xCB, 0xA7, 0xE8,
  0xEC, 0xCC, 0xF1, 0x59, 0x12, 0x3A, 0x29, 0x65, 0xDD, 0x7D, 0xB2, 0x77, 0x46, 0x17, 0x1B, 0x9B, 0x95, 0x64, 0xFE, 0x97,
  0xDF, 0x02, 0x4F, 0xC2, 0xE1, 0xBC, 0xED, 0xC8, 0x26, 0xDC, 0x76, 0xF7, 0xE0, 0x97, 0x98, 0xEF, 0x67, 0xEF, 0x87, 0x13,
  0x3F, 0xF1, 0x28, 0x4D, 0xE8, 0x5C, 0x16, 0x21, 0xE3, 0xCF, 0xA7, 0x55, 0xD5, 0x79, 0x55, 0x04, 0x0D, 0x92, 0x1B, 0xDC,
  0x5A, 0xA4, 0xB1, 0x16, 0xB8, 0xB7, 0x60, 0x9C, 0x85, 0x6A, 0x4F, 0x38, 0xDF, 0xC9, 0x4C, 0x68, 0x4F, 0xA4, 0xC7, 0xA4,
  0x0E, 0xDF, 0xFB, 0x4A, 0xF5, 0xC6, 0xB9, 0x0B, 0xC5, 0x57, 0xED, 0xA7, 0x2D, 0x35, 0x82, 0x34, 0x8C, 0x23, 0x7E, 0xC3,
  0x5C, 0xC6, 0x74, 0xBD, 0x33, 0x33, 0x52, 0x97, 0xE4, 0x6B, 0x73, 0x03, 0xF5, 0xDC, 0x32, 0xAE, 0x81, 0xFC, 0xC6, 0xD4,
  0x91, 0xE8, 0x61, 0x29, 0xDC, 0x2A, 0x1F, 0xD8, 0x16, 0xAF, 0x5B, 0xFB, 0x36, 0xA7, 0xC9, 0xB4, 0x4B, 0xA6, 0x58, 0x6B,
  0x5B, 0xCC, 0xBD, 0x0D, 0xB1, 0xA5, 0x37, 0xDB, 0x12, 0x1B, 0x90, 0x86, 0x19, 0x33, 0xB0, 0x7C, 0x4B, 0xA9, 0xAB, 0x36,
  0x42, 0x07, 0x60, 0xD8, 0x69, 0x44, 0x1E, 0xD1, 0x23, 0xFD, 0xC9, 0x52, 0x9E, 0x2E, 0xE5, 0xFD, 0x4C, 0xA9, 0x1B, 0xAE,
  0x04, 0x14, 0x27, 0xBA, 0x43, 0xA4, 0x56, 0x4F, 0x8E, 0x7B, 0x4F, 0xCA, 0x82, 0x75, 0x76, 0xBE, 0x56, 0x8F, 0xF5, 0x53,
  0xC7, 0xB3, 0xD2, 0x1A, 0x43, 0x5A, 0xCA, 0x3A, 0xA6, 0x8F, 0xC4, 0xC3, 0xF4, 0xAD, 0xE9, 0x07, 0x0C, 0xEA, 0x87, 0x80,
  0x2A, 0x79, 0x06, 0xCA, 0xEE, 0x3A, 0xB1, 0x4D, 0x91, 0x2B, 0xBB, 0x99, 0x54, 0x58, 0x97, 0x79, 0x7C, 0x32, 0xA2, 0x9C,
  0x33, 0x17, 0xF9, 0xD0, 0x75, 0x12, 0x55, 0x5E, 0xB0, 0xEE, 0xA4, 0x54, 0x1B, 0xE6, 0x9C, 0x5E, 0xF3, 0x33, 0xFD, 0xEE,
  0x36, 0x33, 0x12, 0x55, 0xD2, 0x09, 0xA9, 0x9D, 0x95, 0xBA, 0x10, 0x39, 0x61, 0x65, 0xD2, 0x1D, 0x66, 0xA5, 0x6C, 0xB5,
  0x02, 0xEF, 0x57, 0xEF, 0x92, 0x22, 0x2B, 0x40, 0xE5, 0x32, 0x2B, 0xC0, 0x0F, 0x8B, 0xAF, 0x80, 0x68, 0xC3, 0x5E, 0x01,
  0x7A, 0x46, 0x25, 0x81, 0x9C, 0x75, 0x91, 0xDB, 0x2D, 0x04, 0x55, 0xC9, 0x5B, 0x08, 0xE9, 0x23, 0xCC, 0x65, 0x2A, 0x66,
  0x18, 0x11, 0x1D, 0x61, 0xB9, 0x56, 0xDC, 0x8E, 0xAC, 0xE6, 0xF7, 0x2F, 0x1E, 0x6A, 0x35, 0xB7, 0x27, 0xB9, 0xA1, 0x43,
  0x15, 0x8C, 0xDC, 0x55, 0x4C, 0x6E, 0x46, 0xB7, 0xA3, 0x4D, 0x3E, 0xFF, 0x2A, 0x4F, 0xB2, 0x44, 0x85, 0xC9, 0xFC, 0x7E,
  0x55, 0x19, 0x21, 0x63, 0x63, 0x79, 0x4A, 0xE5, 0xA6, 0xF6, 0x61, 0xA1, 0x40, 0x8E, 0x9B, 0x9C, 0x2D, 0xEC, 0x14, 0x08,
  0x1A, 0x7B, 0x96, 0xAC, 0x64, 0x1F, 0x26, 0xE5, 0x29, 0xD9, 0x97, 0x25, 0x94, 0xAA, 0xDC, 0xA2, 0x44, 0x25, 0x55, 0x8A,
  0x83, 0xD1, 0xF7, 0x8E, 0x7C, 0xF0, 0x5C, 0xD8, 0x50, 0x2F, 0x99, 0xCE, 0x03, 0xF9, 0xCD, 0xF3, 0x5D, 0x06, 0xB2, 0x71,
  0x82, 0x84, 0x2D, 0x37, 0x2D, 0x61, 0x7E, 0x4A, 0xCA, 0xFD, 0xF4, 0x6A, 0x84, 0xE0, 0x1A, 0x29, 0x5D, 0xD5, 0x88, 0xE5,
  0xDC, 0x3C, 0xF4, 0x57, 0x08, 0xC1, 0xEA, 0xBD, 0xC3, 0x20, 0x58, 0xFA, 0x15, 0x5F, 0x19, 0x2D, 0x2E, 0x0D, 0xB3, 0x3D,
  0x30, 0x47, 0x23, 0x84, 0xA8, 0x3B, 0x1E, 0xAF, 0x58, 0x13, 0xBA, 0x35, 0x54, 0x0B, 0x68, 0x34, 0x80, 0x09, 0x82, 0xC8,
  0x78, 0x24, 0x9E, 0x72, 0x9C, 0xA2, 0xC4, 0x67, 0x0F, 0xF5, 0xB7, 0x41, 0x39, 0x7D, 0x2B, 0x71, 0xC3, 0x43, 0xF5, 0x65,
  0x20, 0x0F, 0x89, 0x3C, 0x66, 0xB4, 0xE4, 0x5A, 0x5B, 0x20, 0x6A, 0x7D, 0x65, 0xB4, 0x89, 0xDC, 0xB6, 0xDA, 0x39, 0xF9,
  0x11, 0x94, 0x7C, 0xD7, 0xAB, 0x2B, 0xCA, 0x9E, 0x2B, 0xBE, 0x7C, 0x88, 0x97, 0x7C, 0x29, 0x1A, 0xA7, 0xC8, 0x1E, 0xC3,
  0x9C, 0x59, 0xBA, 0xAF, 0x06, 0x6D, 0xB9, 0x2D, 0x7F, 0xE9, 0x29, 0x38, 0xB6, 0x51, 0xD9, 0x53, 0x42, 0x66, 0x2B, 0x56,
  0x12, 0xBF, 0x7D, 0xFD, 0x42, 0xC8, 0x92, 0xAF, 0x70, 0xDB, 0x08, 0x24, 0xDD, 0xBD, 0xB3, 0xAA, 0x37, 0x96, 0xEE, 0xF9,
  0xD0, 0xE1, 0x7A, 0x20, 0x76, 0xA7, 0xE4, 0xB8, 0xAD, 0x56, 0xA5, 0x69, 0x69, 0xB0, 0xB7, 0x5D, 0x57, 0x06, 0x96, 0xEB,
  0xCA, 0xC7, 0xDA, 0x87, 0x0F, 0x1F, 0x6A, 0xA4, 0x59, 0xAE, 0xC1, 0x29, 0x46, 0xC8, 0xF1, 0x53, 0x08, 0xEB, 0x34, 0x4E,
  0x7B, 0x08, 0xBE, 0x73, 0x5A, 0xF4, 0x88, 0x4A, 0xC8, 0x91, 0xA1, 0x86, 0x52, 0x75, 0xA5, 0xC1, 0x3D, 0x8F, 0xB1, 0x95,
  0x6E, 0xB7, 0x07, 0xDB, 0x9A, 0xD6, 0x0D, 0xD5, 0xE4, 0xCF, 0x07, 0xFF, 0x1A, 0xF2, 0xC5, 0xAD, 0x6E, 0xB8, 0x23, 0x12,
  0x21, 0x5D, 0x1B, 0x24, 0x2E, 0x63, 0x8F, 0x5C, 0xFA, 0x72, 0x3A, 0xAA, 0xB5, 0xDB, 0x12, 0x8E, 0xF6, 0x7C, 0xF5, 0xC4,
  0xA0, 0xF4, 0xF4, 0x23, 0x9B, 0x31, 0xE1, 0x91, 0xC8, 0x59, 0x37, 0x06, 0x94, 0xEC, 0x44, 0xFF, 0x57, 0xBA, 0x19, 0xA6,
  0x55, 0x3B, 0x5D, 0xA7, 0xEA, 0x19, 0xDF, 0xAC, 0xEC, 0xA9, 0xF7, 0xF7, 0x56, 0xBD, 0xAE, 0xDB, 0xE5, 0x0F, 0xEF, 0x28,
  0xBC, 0xCC, 0xAE, 0xF5, 0xF7, 0xA2, 0x96, 0x5D, 0xF0, 0x47, 0xE4, 0x1E, 0xB3, 0x0A, 0xFE, 0xBD, 0x2A, 0x98, 0x39, 0xED,
  0xA6, 0xC4, 0xB7, 0x4F, 0xB5, 0x41, 0x3E, 0x18, 0xA4, 0xA2, 0x0F, 0x84, 0x71, 0xFB, 0x20, 0x8E, 0x77, 0x01, 0xE7, 0xA0,
  0x50, 0x28, 0x83, 0xAC, 0xAD, 0xA4, 0x24, 0xD3, 0xFA, 0x44, 0xE5, 0x17, 0x7F, 0x58, 0x2E, 0xC9, 0x7B, 0xAA, 0xED, 0x28,
  0xAF, 0x69, 0x1D, 0x6B, 0x34, 0x15, 0x19, 0xFD, 0xE4, 0x3D, 0xD5, 0xE3, 0xCD, 0xE9, 0xF3, 0x57, 0x83, 0xC0, 0x29, 0x36,
  0x5F, 0xCB, 0x7C, 0x37, 0xAF, 0x71, 0x3B, 0x1B, 0xBD, 0x9D, 0xD6, 0x69, 0x79, 0xF1, 0x6C, 0xFA, 0xF8, 0x92, 0x9E, 0x9F,
  0x91, 0xEE, 0x06, 0x17, 0x28, 0x64, 0x6A, 0x8E, 0x37, 0xF3, 0xE9, 0x79, 0xF2, 0x7C, 0x5D, 0x81, 0xED, 0x3A, 0xBD, 0xD7,
  0x11, 0xB6, 0xF0, 0xAD, 0x1E, 0x5D, 0x9D, 0x3A, 0x3D, 0xDE, 0xC0, 0x30, 0x85, 0xD4, 0x82, 0x6B, 0x61, 0x21, 0x7B, 0xD1,
  0xAF, 0x27, 0x2F, 0x70, 0x76, 0x37, 0x53, 0x61, 0x7D, 0x5F, 0x20, 0x56, 0xDD, 0xBC, 0x59, 0x2F, 0x1B, 0xB2, 0x9E, 0x8D,
  0x9D, 0x3B, 0x43, 0xEB, 0x64, 0xEA, 0xC5, 0xD9, 0xE7, 0xFB, 0xFF, 0xE4, 0xA5, 0x78, 0x5B, 0x7D, 0x57, 0x62, 0x69, 0x58,
  0x04, 0x82, 0xD0, 0xCA, 0xAD, 0xE0, 0x27, 0x13, 0x4A, 0x8F, 0xB5, 0x55, 0x5D, 0xB3, 0xA6, 0x50, 0xCB, 0x4E, 0x4B, 0x1D,
  0x0C, 0xFA, 0xD3, 0xC8, 0x3C, 0xCC, 0x4B, 0xDE, 0x73, 0xD5, 0xC1, 0x6D, 0x03, 0xAD, 0xE4, 0x32, 0x59, 0x77, 0x7F, 0x21,
  0x4B, 0x9B, 0xBB, 0x56, 0xA7, 0xEE, 0xB5, 0x5D, 0xA8, 0x23, 0x2E, 0xAF, 0xB2, 0xE0, 0x62, 0x99, 0x42, 0x6E, 0x4E, 0xA5,
  0x97, 0x32, 0x50, 0xF1, 0xA7, 0x3A, 0x1F, 0x67, 0xE5, 0xA0, 0xB3, 0x34, 0x00, 0x37, 0x2F, 0x1E, 0x92, 0x6F, 0x0B, 0x8B,
  0x01, 0x75, 0xE2, 0x36, 0xAD, 0xEC, 0xD5, 0x90, 0xD4, 0xAA, 0x4A, 0xE3, 0x93, 0x77, 0x7D, 0x24, 0xE2, 0x34, 0x97, 0xEC,
  0x41, 0xF9, 0x50, 0x44, 0x12, 0x02, 0x61, 0x25, 0xD0, 0x88, 0x26, 0xA5, 0x34, 0x81, 0xA6, 0xDA, 0xEE, 0xB1, 0xC5, 0x17,
  0x8B, 0xCB, 0x5C, 0x08, 0xFE, 0x24, 0x54, 0xC9, 0xC9, 0x56, 0x45, 0x73, 0x48, 0x36, 0x90, 0x61, 0x65, 0xC7, 0x74, 0x2B,
  0x0A, 0x51, 0x16, 0x7A, 0xA1, 0x22, 0x1E, 0x95, 0x88, 0x7E, 0x14, 0x20, 0xC1, 0x61, 0x29, 0x40, 0x00, 0x07, 0x01, 0xD7,
  0x25, 0x05, 0x87, 0xE9, 0x81, 0x3B, 0xDA, 0x86, 0x3C, 0x5D, 0x00, 0x4A, 0x45, 0xAA, 0x54, 0x1B, 0xD6, 0x0D, 0x19, 0xEE,
  0xCC, 0x78, 0x5E, 0xF3, 0xED, 0x0F, 0x3C, 0xAF, 0x1D, 0xF8, 0xA2, 0xCC, 0x25, 0x29, 0xE2, 0xE5, 0xF0, 0xD0, 0xD5, 0x49,
  0x72, 0xC3, 0x8D, 0x6B, 0x93, 0x70, 0x09, 0xF6, 0x69, 0xB2, 0xF0, 0x29, 0x63, 0x64, 0xD3, 0xE0, 0x67, 0x68, 0xBD, 0xA8,
  0x4B, 0xFC, 0x9F, 0xD1, 0x52, 0xE9, 0x52, 0x87, 0xB1, 0x2E, 0xDD, 0x54, 0xA9, 0x35, 0xE0, 0x34, 0x95, 0xC3, 0xC5, 0xE9,
  0xBE, 0x49, 0x53, 0x61, 0x5E, 0xA4, 0xB0, 0x70, 0xC9, 0x9E, 0x4A, 0xBF, 0x3B, 0xB1, 0x18, 0x0F, 0x71, 0xDC, 0x97, 0xC4,
  0x95, 0x8C, 0xE9, 0x76, 0xBF, 0x02, 0xED, 0xF0, 0x15, 0x47, 0x3F, 0x47, 0x63, 0xE2, 0xC6, 0x4F, 0xB4, 0xE4, 0x55, 0xEB,
  0x65, 0xF0, 0xA8, 0x71, 0x0F, 0xA6, 0xD2, 0xA9, 0x61, 0x91, 0x46, 0x85, 0xD7, 0x54, 0x05, 0x44, 0x12, 0x9C, 0xB9, 0x80,
  0xF1, 0xB0, 0x54, 0x1A, 0x14, 0x5E, 0x6D, 0x71, 0xBD, 0x08, 0x21, 0x0C, 0xC9, 0xC5, 0xDE, 0x56, 0xB3, 0x7B, 0x26, 0x04,
  0x1D, 0x49, 0xBC, 0xE4, 0xDD, 0xC1, 0x33, 0xDC, 0xCB, 0x20, 0x2F, 0xF4, 0x64, 0x63, 0x70, 0x8A, 0xB5, 0x99, 0x65, 0x2D,
  0xF1, 0x64, 0xBD, 0x96, 0x1E, 0x89, 0xBB, 0xEE, 0xA9, 0x8B, 0x15, 0xFD, 0xA5, 0xE8, 0xAD, 0xC2, 0xB6, 0xB9, 0x74, 0x80,
  0xD7, 0xF8, 0x17, 0x61, 0x64, 0x73, 0xE8, 0x48, 0x3E, 0x03, 0x5B, 0x67, 0xFB, 0x3F, 0xF8, 0x4D, 0xB1, 0x4A, 0xC2, 0x87,
  0x40, 0xBB, 0xD7, 0xDD, 0x7E, 0xCD, 0x61, 0xBD, 0x80, 0x07, 0xC2, 0x23, 0x7B, 0xA5, 0xD9, 0x1D, 0x0B, 0x06, 0x24, 0xCA,
  0xE6, 0x43, 0x5E, 0xA0, 0x81, 0xCE, 0x68, 0x2C, 0xA4, 0x17, 0x5A, 0x5A, 0x60, 0x77, 0xBA, 0x4D, 0x67, 0xC5, 0x59, 0x1B,
  0xCD, 0xBB, 0xD1, 0x55, 0x6E, 0xBE, 0x82, 0x9C, 0x44, 0x76, 0x50, 0x9A, 0x1D, 0xBE, 0xC9, 0x18, 0xAE, 0xE8, 0xB6, 0x51,
  0xE3, 0xE2, 0x1F, 0x53, 0x61, 0x70, 0x8B, 0x04, 0xE4, 0x5F, 0xD1, 0x2F, 0xE8, 0x59, 0x33, 0xD7, 0xFD, 0xF8, 0x9E, 0xDD,
  0xEE, 0x0E, 0x21, 0x27, 0x5F, 0xAB, 0xBA, 0x9A, 0x06, 0x3F, 0x39, 0xE1, 0x79, 0xC1, 0x2B, 0x7F, 0xB4, 0xB7, 0xCC, 0xC6,
  0x08, 0xD3, 0xE4, 0x87, 0xA2, 0x41, 0x39, 0xC8, 0x03, 0x77, 0xE2, 0x38, 0x6A, 0x2A, 0xA8, 0xE9, 0xB8, 0xFF, 0xBC, 0x9B,
  0x6E, 0x64, 0x71, 0x2E, 0xE3, 0xCD, 0x19, 0x01, 0xBF, 0xD3, 0x1D, 0xDD, 0x76, 0x53, 0x2E, 0x5B, 0xD7, 0xF6, 0x1C, 0xB8,
  0xE2, 0xC6, 0xBC, 0xB2, 0x84, 0x2F, 0xBB, 0x29, 0xD6, 0xC7, 0xB5, 0xDB, 0xC7, 0xEF, 0x0E, 0xDC, 0x72, 0x93, 0xD7, 0x87,
  0xB1, 0xEC, 0x2A, 0x9B, 0x4C, 0xF6, 0x22, 0x9C, 0xA3, 0x7B, 0x22, 0x2D, 0x8A, 0xE9, 0x7A, 0x1E, 0x5F, 0x9E, 0x52, 0x2F,
  0xD2, 0xC3, 0x38, 0x3E, 0xD1, 0x52, 0xD4, 0xFB, 0xBA, 0x94, 0x37, 0x3A, 0xC0, 0xFE, 0x81, 0xAB, 0x7A, 0xE0, 0xC3, 0x44,
  0x61, 0x94, 0xF9, 0x57, 0xBE, 0x3D, 0x65, 0x36, 0xAE, 0x44, 0xDE, 0xA7, 0xDA, 0xFE, 0x35, 0xF4, 0xD8, 0x61, 0x6E, 0xA8,
  0x2F, 0xEB, 0xC6, 0xB2, 0x61, 0xDE, 0x1D, 0x5B, 0x43, 0xFF, 0x11, 0x1C, 0x3A, 0x26, 0x65, 0xC7, 0xF8, 0x4C, 0xAF, 0xB9,
  0x3C, 0x88, 0x44, 0x59, 0xFB, 0x34, 0x56, 0xDB, 0xC2, 0x7F, 0x16, 0x4C, 0x9A, 0xBC, 0x63, 0x12, 0xD7, 0xB2, 0x02, 0x25,
  0xD2, 0xDF, 0x0B, 0xF0, 0x9E, 0xA7, 0x77, 0xFE, 0x7F, 0xB6, 0x91, 0xF3, 0x3E, 0x7A, 0x31, 0x01, 0x00,
};

static const size_t MAIN_PAGE_LEN = sizeof(MAIN_PAGE);


// =====================================================
// SYSTEM STATUS PAGE
// =====================================================

static const uint8_t STATUS_PAGE[] PROGMEM = {
  0x1F, 0x8B, 0x08, 0x00, 0x00, 0x00, 0x00, 0x00, 0x02, 0xFF, 0xCD, 0x5D, 0x69, 0x8E, 0xDB, 0x48, 0x96, 0xFE, 0xEF, 0x53,
  0xD0, 0x4A, 0x38, 0x29, 0x96, 0x29, 0x25, 0x49, 0x51, 0x12, 0x25, 0x59, 0xE9, 0x76, 0xB9, 0xCA, 0xD5, 0xC6, 0x94, 0x17,
  0x38, 0x5D, 0xD3, 0xD3, 0x68, 0xF4, 0x0F, 0x4A, 0x0C, 0x65, 0xB2, 0xAD, 0xAD, 0x49, 0x2A, 0xD3, 0x6A, 0x59, 0x40, 0x1F,
  0x61, 0x06, 0x18, 0x60, 0x6E, 0x30, 0x57, 0x98, 0xFF, 0x73, 0x94, 0x3E, 0xC9, 0x7C, 0x2F, 0x22, 0x48, 0x06, 0x17, 0x2D,
  0xAE, 0x72, 0x03, 0x83, 0x2E, 0xA7, 0xB8, 0xC4, 0xF2, 0xE2, 0x6D, 0xF1, 0x36, 0x46, 0x3F, 0x7B, 0x1C, 0xAC, 0xA6, 0xC9,
  0x76, 0xCD, 0xB4, 0xBB, 0x64, 0x31, 0xBF, 0x7E, 0xF4, 0x2C, 0xFD, 0x61, 0x7E, 0x80, 0x9F, 0x05, 0x4B, 0x7C, 0x6D, 0x7A,
  0xE7, 0x47, 0x31, 0x4B, 0xC6, 0x8D, 0x4D, 0x32, 0x6B, 0x79, 0x8D, 0x6B, 0xF1, 0x74, 0xE9, 0x2F, 0xD8, 0xB8, 0x71, 0x1F,
  0xB2, 0x87, 0xF5, 0x2A, 0x4A, 0x1A, 0xDA, 0x74, 0xB5, 0x4C, 0xD8, 0x12, 0xAD, 0x1E, 0xC2, 0x20, 0xB9, 0x1B, 0x07, 0xEC,
  0x3E, 0x9C, 0xB2, 0x16, 0xBF, 0x31, 0xC3, 0x65, 0x98, 0x84, 0xFE, 0xBC, 0x15, 0x4F, 0xFD, 0x39, 0x1B, 0xDB, 0xC5, 0x21,
  0x92, 0x3B, 0xB6, 0x60, 0xAD, 0xE9, 0x6A, 0xBE, 0x8A, 0x1A, 0x5A, 0x18, 0xC8, 0x07, 0x2F, 0xE9, 0xFE, 0x0D, 0x5A, 0x29,
  0x23, 0x5F, 0x58, 0x3D, 0x6B, 0x62, 0xF7, 0xD1, 0x3D, 0x09, 0x93, 0x39, 0xBB, 0xBE, 0x79, 0x08, 0x67, 0xC9, 0x43, 0xB8,
  0xBC, 0xD5, 0xDE, 0xBE, 0xB8, 0xD1, 0xFE, 0xF7, 0x7F, 0xB4, 0x9B, 0x6D, 0x9C, 0xB0, 0x85, 0x76, 0x93, 0xF8, 0xC9, 0x26,
  0x7E, 0x76, 0x25, 0x5A, 0x3D, 0x7A, 0x16, 0x4F, 0xA3, 0x70, 0x9D, 0x5C, 0x27, 0xD1, 0x76, 0x17, 0xCE, 0x9A, 0xF3, 0x15,
  0xA0, 0xB8, 0x49, 0x56, 0x91, 0x7F, 0xCB, 0xDA, 0xB7, 0x2C, 0x79, 0x8D, 0x2E, 0x4D, 0x3D, 0x4E, 0xC7, 0x6A, 0xF1, 0xE9,
  0x75, 0x63, 0x3C, 0x1E, 0xEB, 0xF3, 0xF0, 0xF6, 0x2E, 0xD1, 0x0D, 0xA0, 0x68, 0xB3, 0x00, 0x04, 0xED, 0xF4, 0xE2, 0xC7,
  0x39, 0x13, 0xF7, 0x7E, 0xE2, 0x03, 0x33, 0x6D, 0xDE, 0x25, 0x6D, 0xBE, 0x9F, 0xFA, 0xC9, 0xF4, 0xAE, 0xC9, 0x8C, 0xDD,
  0xFE, 0xD9, 0x95, 0x9C, 0x1A, 0x30, 0x24, 0x5B, 0x82, 0xE5, 0x77, 0x12, 0x99, 0x5A, 0xE3, 0x97, 0x8F, 0xAF, 0x80, 0xCC,
  0xD1, 0xA3, 0xEF, 0x76, 0x93, 0xD5, 0xE7, 0x56, 0x1C, 0xFE, 0x0D, 0x73, 0x0F, 0x27, 0xAB, 0x28, 0x60, 0x51, 0x0B, 0x4F,
  0xF6, 0x8F, 0x86, 0xD1, 0x6A, 0x95, 0xEC, 0x38, 0x5E, 0x80, 0x38, 0x9A, 0x61, 0x18, 0xF8, 0xD1, 0xA7, 0x51, 0xAB, 0x35,
  0xB9, 0x1D, 0x4A, 0x54, 0xE0, 0x66, 0xED, 0x2F, 0xD9, 0x1C, 0xF7, 0xBE, 0xDD, 0x71, 0x3A, 0xB8, 0x4F, 0xD8, 0xE7, 0x64,
  0x78, 0xC1, 0x7A, 0x2C, 0x98, 0x4D, 0x71, 0xBB, 0xD8, 0x24, 0x2C, 0x18, 0x5E, 0x78, 0xFD, 0x41, 0xD7, 0x67, 0xB8, 0x9F,
  0x87, 0x4B, 0x36, 0xBC, 0x70, 0x7A, 0x9D, 0x5E, 0xD7, 0xA6, 0xA1, 0xE6, 0x1B, 0xDC, 0xF6, 0x98, 0x17, 0xB0, 0x2E, 0x6E,
  0x6F, 0x23, 0xC6, 0x96, 0xC3, 0x8B, 0xBE, 0x37, 0xF1, 0x06, 0x3E, 0xEE, 0x23, 0xEA, 0x3B, 0x1D, 0xF4, 0x66, 0xFD, 0xC1,
  0xFE, 0x11, 0xB1, 0x86, 0x39, 0x59, 0x05, 0xDB, 0xDD, 0x22, 0x5C, 0xB6, 0xEE, 0x18, 0xAD, 0x76, 0x68, 0x5B, 0xD6, 0x93,
  0xD1, 0xC2, 0x8F, 0x6E, 0xC3, 0xE5, 0xD0, 0xDA, 0x3F, 0xE2, 0xAF, 0xD7, 0xAB, 0x18, 0xF4, 0x5E, 0x2D, 0x87, 0x11, 0x9B,
  0xFB, 0x49, 0x78, 0xCF, 0x46, 0x61, 0xBC, 0xA2, 0x2B, 0x3C, 0x12, 0x57, 0x6C, 0x34, 0xF1, 0xA7, 0x9F, 0x6E, 0xA3, 0xD5,
  0x66, 0x19, 0x0C, 0xEF, 0xFD, 0xA8, 0x49, 0x8B, 0x32, 0x46, 0x7C, 0xB1, 0xF2, 0x9E, 0xD6, 0x61, 0x8C, 0x66, 0xA0, 0x7D,
  0x6B, 0xE6, 0x2F, 0xC2, 0xF9, 0x76, 0xF8, 0x1A, 0x6C, 0x10, 0x99, 0x2D, 0x7F, 0xBD, 0x9E, 0xB3, 0x56, 0xCC, 0x49, 0x6D,
  0x7E, 0x8F, 0xF5, 0x7C, 0x7A, 0xE3, 0x4F, 0x05, 0xE5, 0x5F, 0xA1, 0xB5, 0xD9, 0xB8, 0x61, 0xB7, 0x2B, 0xA6, 0xFD, 0xF2,
  0xBA, 0x61, 0xBE, 0x88, 0xC0, 0x75, 0x66, 0xEC, 0x2F, 0xE3, 0x56, 0xCC, 0xA2, 0x70, 0x26, 0xE0, 0x1B, 0x4E, 0xD8, 0x6C,
  0x15, 0xB1, 0x9D, 0xE4, 0xAB, 0x61, 0xA3, 0x31, 0xCA, 0x20, 0x9E, 0x85, 0x9F, 0x59, 0x30, 0x0A, 0x97, 0x20, 0xD1, 0xD0,
  0x1A, 0xFD, 0xAD, 0x15, 0x2E, 0x03, 0xF6, 0x79, 0xD8, 0xB2, 0xD1, 0x22, 0xA4, 0xE9, 0x5B, 0xEC, 0x1E, 0x5D, 0xE2, 0xE1,
  0x72, 0xB5, 0x64, 0xA3, 0xD5, 0xDA, 0x9F, 0x86, 0xC9, 0x76, 0xD8, 0xB6, 0x07, 0xCA, 0x7A, 0x5A, 0xE1, 0x02, 0x9C, 0x35,
  0x24, 0x44, 0xFB, 0x11, 0x30, 0xEA, 0x07, 0x21, 0xBA, 0x34, 0xA3, 0xDB, 0x89, 0xDF, 0x04, 0xB6, 0x4C, 0xBB, 0x83, 0x7F,
  0x83, 0xAE, 0xD9, 0xB6, 0x0D, 0xCD, 0x5E, 0x7F, 0x36, 0x93, 0x08, 0xF0, 0xAD, 0xFD, 0x08, 0x8D, 0xE8, 0xDE, 0x30, 0xCB,
  0x3D, 0x07, 0x56, 0xC0, 0x6E, 0xCD, 0xB3, 0xFB, 0xAB, 0xA0, 0x80, 0xAD, 0xD8, 0xD0, 0xF5, 0xD6, 0x9F, 0x35, 0xFA, 0x23,
  0x97, 0xEF, 0xCF, 0xB0, 0x90, 0xAF, 0x59, 0xBD, 0x53, 0xBB, 0x7A, 0x85, 0x82, 0x04, 0x29, 0xC4, 0x3B, 0x83, 0x98, 0xCD,
  0xE7, 0xE1, 0x3A, 0x66, 0x9A, 0x9F, 0x68, 0x7D, 0xEF, 0x89, 0xD6, 0x7D, 0x22, 0xA0, 0xEF, 0x7A, 0xA6, 0xE7, 0x98, 0x76,
  0xB7, 0x0F, 0xD8, 0x7B, 0x46, 0x01, 0xF0, 0x8E, 0xFB, 0xC4, 0xD8, 0x3F, 0x6A, 0x27, 0xAB, 0xB5, 0xCA, 0x5C, 0x5D, 0x00,
  0x3D, 0x0A, 0xC2, 0x78, 0x3D, 0xF7, 0xB7, 0xC3, 0xD9, 0x9C, 0x7D, 0x1E, 0xF9, 0x90, 0xB1, 0x65, 0x2B, 0x04, 0xAD, 0xE3,
  0xE1, 0x94, 0x11, 0x4C, 0xA3, 0xBF, 0x6C, 0xE2, 0x24, 0x9C, 0x6D, 0x5B, 0xE9, 0x82, 0x30, 0x24, 0x14, 0xCF, 0x84, 0x25,
  0x0F, 0xE0, 0xE5, 0xD1, 0xAD, 0xBF, 0x1E, 0xDA, 0x2E, 0x86, 0x59, 0xFB, 0x41, 0x40, 0x22, 0x66, 0x69, 0xD3, 0xB9, 0xBF,
  0x58, 0x37, 0xED, 0x1E, 0x70, 0xE7, 0xDE, 0x3F, 0x98, 0x5D, 0x87, 0x23, 0x2D, 0x95, 0xBC, 0x24, 0x59, 0x2D, 0x86, 0xC0,
  0xA3, 0x06, 0x46, 0x0D, 0x03, 0x4D, 0x30, 0x23, 0x91, 0xC4, 0x28, 0xAC, 0x98, 0xD6, 0xD3, 0x37, 0x6D, 0xD7, 0x74, 0xB0,
  0x9A, 0x81, 0x4B, 0xC0, 0x4F, 0xB0, 0x9E, 0x60, 0xC7, 0x39, 0x96, 0xE3, 0xDD, 0xC6, 0xC0, 0x82, 0x81, 0x1F, 0xC4, 0x72,
  0xFA, 0x5D, 0x6B, 0x34, 0x67, 0x09, 0x21, 0x92, 0x80, 0x24, 0x68, 0xDA, 0xB6, 0xCB, 0x16, 0xFB, 0xF6, 0xD2, 0xBF, 0xDF,
  0x15, 0xD6, 0xC9, 0xC1, 0xEE, 0x53, 0x7F, 0xDC, 0xB5, 0x1E, 0x22, 0xDC, 0xD2, 0x1F, 0xDE, 0x52, 0xF3, 0x77, 0x24, 0x1C,
  0xAD, 0x80, 0x4D, 0xA1, 0xC4, 0x38, 0xE1, 0x38, 0x41, 0x84, 0xF4, 0x5C, 0x78, 0xCE, 0xC0, 0xF6, 0x7D, 0x3E, 0x31, 0xA4,
  0x13, 0x0B, 0xD9, 0x84, 0xAD, 0xC5, 0x6A, 0xB9, 0xE2, 0x78, 0x31, 0x6F, 0x5E, 0xBD, 0xC1, 0x75, 0xEB, 0x03, 0xBB, 0xDD,
  0xCC, 0xFD, 0xC8, 0x7C, 0xB9, 0x5A, 0x92, 0x40, 0xC6, 0x66, 0xD6, 0x62, 0xC4, 0xC7, 0xE6, 0xB4, 0x81, 0x94, 0x2C, 0x86,
  0x9B, 0xF5, 0x9A, 0x45, 0x53, 0xA8, 0xB9, 0x0A, 0xE8, 0x96, 0x27, 0x41, 0xD7, 0xFC, 0xE1, 0xDD, 0xEA, 0x1E, 0xB2, 0xC9,
  0x6F, 0xDA, 0xFE, 0x94, 0x64, 0x7E, 0x27, 0xC1, 0x99, 0xF4, 0xA7, 0xDE, 0xCC, 0x06, 0x7A, 0xD6, 0x90, 0x8A, 0xDD, 0xC2,
  0xFF, 0x2C, 0xF6, 0x04, 0x60, 0xC7, 0x01, 0x70, 0x99, 0xEA, 0xD0, 0xFC, 0x4D, 0xB2, 0xCA, 0x88, 0xD4, 0x01, 0xEA, 0x52,
  0x3A, 0x75, 0x25, 0x9D, 0x5C, 0xA2, 0x93, 0xE6, 0xF6, 0x88, 0x8F, 0xDB, 0x6C, 0xCB, 0x26, 0xD1, 0xEA, 0x81, 0x63, 0x7B,
  0x38, 0xF8, 0x27, 0x2E, 0xD2, 0xEE, 0xB2, 0x85, 0x82, 0xD9, 0xFE, 0xB4, 0x57, 0x24, 0xA9, 0x65, 0x11, 0xDB, 0xD2, 0x46,
  0xA3, 0x50, 0x5E, 0x40, 0xEE, 0x78, 0x29, 0xE4, 0x16, 0x71, 0x98, 0xDA, 0xAD, 0xDB, 0xAB, 0x70, 0x42, 0xAB, 0x6D, 0x81,
  0x15, 0x24, 0x3E, 0x5A, 0x10, 0x84, 0x21, 0x49, 0x6C, 0x3B, 0xDE, 0x4C, 0x76, 0xAA, 0x5A, 0xE4, 0xFA, 0x5C, 0x0E, 0x96,
  0x73, 0x99, 0xC4, 0x22, 0x09, 0xBA, 0xA5, 0x39, 0x1D, 0x3C, 0x21, 0x8E, 0xCD, 0x74, 0x74, 0xBB, 0x07, 0x20, 0x6F, 0xA3,
  0x30, 0xC8, 0x98, 0x8C, 0x6E, 0x46, 0xF4, 0x07, 0x7A, 0x76, 0xB1, 0x26, 0x8D, 0x4C, 0x3B, 0xF0, 0x66, 0xB1, 0x8C, 0xA1,
  0xB4, 0xD7, 0xCC, 0x4F, 0x9A, 0x8E, 0x09, 0x41, 0x04, 0xB9, 0x9A, 0xD0, 0x36, 0xB3, 0xC8, 0x30, 0x04, 0x4B, 0x5A, 0x1C,
  0xFB, 0x53, 0x3F, 0x0A, 0x6A, 0xB4, 0x3C, 0xF1, 0xC0, 0x6C, 0xBE, 0x7A, 0x18, 0xDE, 0x85, 0x41, 0x00, 0xD9, 0x2B, 0xCB,
  0xCB, 0xC0, 0xB4, 0x3D, 0xB3, 0xE3, 0x42, 0x5E, 0x52, 0x79, 0x3B, 0x20, 0x68, 0x29, 0x1B, 0x90, 0x04, 0xC8, 0xE9, 0xA0,
  0x9B, 0xA2, 0x38, 0x69, 0x4D, 0xEF, 0xC2, 0x79, 0xB0, 0xE3, 0x80, 0x0B, 0x78, 0x49, 0xDC, 0x97, 0x9A, 0xA3, 0xCE, 0x55,
  0xD6, 0x9F, 0x50, 0x9A, 0xA4, 0x40, 0x2F, 0x2C, 0x66, 0x4F, 0x30, 0x3B, 0x6D, 0x95, 0xAE, 0xD3, 0xD3, 0xFA, 0xD6, 0x93,
  0x4C, 0xEC, 0x25, 0x81, 0x3B, 0xAE, 0x3B, 0xE8, 0xB1, 0x9A, 0x19, 0x8F, 0xE8, 0x4C, 0x7F, 0x02, 0xF8, 0x41, 0x94, 0x51,
  0xC4, 0x71, 0x3D, 0x78, 0x32, 0x22, 0xDA, 0xB5, 0x06, 0x60, 0xDB, 0x91, 0xE0, 0x74, 0xA7, 0x4B, 0x8C, 0x9E, 0xD2, 0x62,
  0x40, 0x37, 0xBF, 0x4E, 0x9F, 0x0A, 0x2D, 0xDA, 0x1B, 0x98, 0x03, 0xD7, 0xB4, 0xFB, 0x36, 0xB4, 0xA8, 0x53, 0xD4, 0xA2,
  0xB4, 0x24, 0x40, 0x4F, 0x82, 0x51, 0xA5, 0x4E, 0xAA, 0xCE, 0xED, 0xA2, 0x46, 0x3D, 0xAE, 0x3E, 0x6B, 0xF4, 0x2D, 0xE7,
  0x03, 0x87, 0x78, 0x93, 0xEC, 0x37, 0x55, 0xDF, 0x75, 0x4A, 0xFA, 0xAE, 0xD7, 0xB5, 0xF6, 0x00, 0x46, 0x8A, 0xC6, 0xAF,
  0x11, 0xD3, 0x1A, 0xCE, 0x57, 0x04, 0xA4, 0xCB, 0x05, 0x04, 0xC6, 0x9E, 0x9C, 0xE0, 0xD7, 0x68, 0xBB, 0x54, 0x4B, 0x75,
  0xA7, 0x4E, 0x30, 0x18, 0x3D, 0xDC, 0x61, 0xA9, 0x5C, 0x24, 0x19, 0x88, 0xC2, 0x35, 0xEE, 0x23, 0x58, 0x7D, 0xC9, 0x4E,
  0x50, 0xB2, 0x97, 0xD3, 0xB1, 0xA7, 0xEC, 0x4C, 0xE1, 0x92, 0x4B, 0xDB, 0x04, 0x96, 0xE5, 0xA7, 0x14, 0x3E, 0xC1, 0x0D,
  0xA4, 0xC1, 0x21, 0x14, 0x49, 0x08, 0x93, 0xB3, 0xC5, 0x71, 0x49, 0x1C, 0xBF, 0x6F, 0xAF, 0x96, 0xBB, 0x8A, 0x01, 0xC4,
  0x6D, 0x2F, 0x03, 0xEF, 0x66, 0xB3, 0xEA, 0x4B, 0x18, 0x62, 0x44, 0x59, 0x32, 0x38, 0x77, 0x0A, 0x06, 0x48, 0x39, 0x8E,
  0xCE, 0x90, 0x69, 0x88, 0x00, 0x50, 0x03, 0x39, 0xE6, 0xD4, 0xEB, 0xD3, 0xB5, 0x25, 0x89, 0xF5, 0x5B, 0xB0, 0x36, 0x75,
  0xA6, 0x01, 0x23, 0x05, 0xF8, 0x89, 0x6D, 0x53, 0x7D, 0xDF, 0xB7, 0x3C, 0x6B, 0x30, 0xD9, 0xB7, 0x27, 0x7E, 0xB4, 0x93,
  0xB8, 0x22, 0xBE, 0x50, 0x56, 0x74, 0x61, 0x07, 0xCE, 0xC4, 0x75, 0x2B, 0xEA, 0x42, 0x5D, 0x97, 0x4B, 0x58, 0x9A, 0x85,
  0xF3, 0xF9, 0x4E, 0xB5, 0x33, 0x8F, 0x08, 0xB9, 0x30, 0x92, 0x2E, 0x5C, 0xD6, 0x9B, 0x4C, 0x3B, 0xE6, 0x85, 0x37, 0xF5,
  0xBB, 0xCC, 0xE3, 0xBB, 0x32, 0xFA, 0x2C, 0x57, 0x09, 0x2B, 0xA0, 0xCD, 0x51, 0x0C, 0x02, 0x62, 0x5B, 0x8D, 0x23, 0x52,
  0x2A, 0x83, 0x39, 0x9B, 0x25, 0x43, 0x27, 0x53, 0x4C, 0x17, 0xDD, 0x4E, 0x6F, 0x32, 0x08, 0x2A, 0xDA, 0xCC, 0xB6, 0x4D,
  0xC7, 0x32, 0x3B, 0xD8, 0xFE, 0xBD, 0x82, 0x3E, 0x26, 0xC4, 0x4A, 0x5C, 0x0C, 0x7A, 0xBE, 0x3B, 0x99, 0x96, 0x75, 0x71,
  0x77, 0x9F, 0x01, 0xA5, 0xA5, 0xCA, 0xFD, 0x22, 0xB0, 0x83, 0xE9, 0xCC, 0xAA, 0x88, 0xCF, 0xA3, 0xF6, 0xCC, 0x5F, 0xBE,
  0x27, 0x13, 0xBF, 0xA0, 0xF4, 0xEC, 0x2B, 0x98, 0xA4, 0xCA, 0x82, 0xFA, 0xF9, 0x7A, 0xC4, 0x02, 0x3B, 0xF9, 0x72, 0xF8,
  0x7D, 0xB6, 0x1A, 0x69, 0x46, 0x76, 0x4C, 0xDB, 0xE9, 0x99, 0x36, 0x74, 0x49, 0xDB, 0x71, 0x8D, 0x12, 0x0B, 0xF9, 0x62,
  0xEF, 0xE1, 0x73, 0xFF, 0x1E, 0x8E, 0x20, 0x46, 0xDD, 0x7D, 0x03, 0x2B, 0xCC, 0x49, 0xC7, 0xFC, 0x58, 0xDA, 0x2E, 0x6D,
  0xBB, 0xAA, 0x38, 0xAA, 0xBE, 0x80, 0xE8, 0xFB, 0x01, 0xEA, 0xC4, 0xE4, 0x80, 0x41, 0x83, 0xF2, 0x8B, 0x1B, 0x72, 0x2A,
  0xBF, 0xA5, 0x86, 0xA9, 0xD8, 0x39, 0x0E, 0x6C, 0x80, 0x7C, 0x76, 0x95, 0x91, 0xDC, 0x12, 0x9A, 0xB4, 0xD5, 0x26, 0x59,
  0x6F, 0x12, 0x01, 0x4D, 0xCF, 0xB2, 0x34, 0x62, 0xE4, 0x5F, 0x29, 0x5C, 0x83, 0xC9, 0xC4, 0x61, 0x33, 0x81, 0x17, 0xC0,
  0x17, 0xFA, 0xF8, 0x5D, 0xC2, 0xFD, 0x8C, 0xC2, 0xE9, 0x30, 0xF1, 0x27, 0xD4, 0x9B, 0xEE, 0x63, 0x09, 0x99, 0xBF, 0x84,
  0x79, 0x25, 0x4D, 0x2B, 0x92, 0x95, 0x94, 0xDF, 0x7A, 0xB9, 0x79, 0xE0, 0x70, 0xF3, 0xC0, 0x1A, 0xF9, 0x53, 0x22, 0x5A,
  0xBA, 0xE9, 0xF5, 0x7A, 0x5E, 0x27, 0x70, 0x47, 0xD3, 0x4D, 0x14, 0xE3, 0x56, 0xEE, 0x4C, 0xCA, 0xA0, 0x43, 0x90, 0xDE,
  0x9F, 0xCC, 0x59, 0xB0, 0xCB, 0xFC, 0x9D, 0x8E, 0x97, 0x36, 0x07, 0x13, 0x43, 0xAF, 0x41, 0x88, 0x59, 0xA0, 0x76, 0x99,
  0xC1, 0x51, 0x8E, 0x5B, 0xF7, 0x61, 0x1C, 0x4E, 0x24, 0xB9, 0x5E, 0xC0, 0x6B, 0xDB, 0xD6, 0x3C, 0x7F, 0x37, 0x9B, 0x15,
  0x9F, 0xEE, 0x80, 0x42, 0xEE, 0xA4, 0x2A, 0x12, 0xD8, 0xB7, 0xBD, 0xC9, 0xD4, 0x1B, 0xC9, 0x37, 0x2D, 0x68, 0x48, 0xF2,
  0x50, 0x3A, 0x29, 0xF2, 0x05, 0x07, 0x7C, 0xC5, 0xAE, 0xA6, 0x50, 0xB0, 0xD5, 0x4F, 0x79, 0x8F, 0xB3, 0x22, 0x39, 0x1C,
  0x15, 0x13, 0x30, 0xA5, 0xFE, 0x8B, 0x29, 0xED, 0xA8, 0xF1, 0x49, 0x59, 0x90, 0x3A, 0xB6, 0x6C, 0xBB, 0x3F, 0xCA, 0xF0,
  0x90, 0xAE, 0x5C, 0xF5, 0x75, 0x9C, 0x81, 0xA2, 0x93, 0x7A, 0xA9, 0x86, 0xAE, 0x98, 0x49, 0x17, 0x1D, 0xBF, 0x6B, 0xF5,
  0x07, 0x15, 0x6D, 0x04, 0xC3, 0xA6, 0xEB, 0x98, 0x1E, 0xB4, 0x51, 0xD7, 0x4B, 0x1D, 0xE9, 0x8B, 0xC0, 0x0D, 0xD8, 0xAC,
  0x33, 0xFA, 0xB5, 0xB2, 0x51, 0x11, 0x04, 0x97, 0x1B, 0xC3, 0x05, 0x46, 0x19, 0x71, 0xFB, 0x43, 0x98, 0x1A, 0x99, 0x3D,
  0xAD, 0xC1, 0xBF, 0x8B, 0x35, 0x06, 0x7B, 0xDA, 0xCC, 0xE1, 0x54, 0x1F, 0x2A, 0x56, 0x57, 0xFE, 0x58, 0x41, 0x50, 0xEA,
  0x4F, 0x48, 0x06, 0xE1, 0x77, 0xBB, 0xF2, 0x92, 0xBB, 0xAE, 0xD9, 0x87, 0x0E, 0x73, 0x60, 0x08, 0xF5, 0x9D, 0xB2, 0x29,
  0x27, 0x58, 0x46, 0x1D, 0x52, 0xB8, 0x25, 0xD9, 0x98, 0xD2, 0x4B, 0xC9, 0x7D, 0x00, 0x1E, 0x9C, 0x6A, 0xB6, 0x07, 0x7D,
  0x43, 0xED, 0x95, 0x32, 0x7F, 0xD6, 0xAF, 0x2A, 0x0D, 0xEE, 0x41, 0x61, 0x78, 0xC3, 0xE2, 0x98, 0x7B, 0x3D, 0x4A, 0xBC,
  0xC4, 0x4D, 0xF7, 0xDD, 0x6F, 0xA2, 0xAC, 0x0A, 0xF3, 0xB4, 0xD7, 0x6C, 0xC9, 0x95, 0x75, 0xEA, 0xAF, 0xCC, 0x7C, 0x8F,
  0xB9, 0x7B, 0xB5, 0x45, 0xBC, 0x81, 0xEC, 0xC7, 0x71, 0xC1, 0xA5, 0x48, 0x0D, 0x0F, 0xA5, 0x19, 0x8B, 0xA2, 0x55, 0x54,
  0x68, 0x14, 0x65, 0x93, 0x91, 0xE2, 0xDD, 0x15, 0xB7, 0xB4, 0x2E, 0xDE, 0xC4, 0xD1, 0xBB, 0xE5, 0x5C, 0x89, 0xFD, 0x64,
  0x76, 0xB1, 0xD4, 0x49, 0x8A, 0x09, 0xAC, 0x7A, 0xE3, 0xA9, 0x6E, 0x6A, 0xD1, 0xD3, 0xB2, 0x45, 0x30, 0x85, 0xD9, 0x0B,
  0x03, 0x76, 0x9A, 0xC0, 0x09, 0xE1, 0xFF, 0x33, 0x6A, 0x2C, 0xB4, 0x54, 0x46, 0xB0, 0x59, 0xFE, 0x6E, 0xC1, 0x60, 0x38,
  0x37, 0x73, 0x27, 0xB3, 0x4F, 0x76, 0x8F, 0xB1, 0x13, 0xBE, 0xCF, 0x01, 0xD3, 0x68, 0x16, 0xED, 0x8F, 0x7B, 0x18, 0xE4,
  0x99, 0xEE, 0x79, 0x68, 0x22, 0x33, 0x19, 0x9C, 0xD4, 0x64, 0x50, 0xA5, 0x9F, 0x8B, 0x3B, 0xCC, 0xD1, 0x28, 0x11, 0x92,
  0x1F, 0x84, 0x04, 0x3A, 0xE1, 0x42, 0x0C, 0x24, 0xDC, 0xFC, 0xDC, 0x7C, 0xE6, 0x0E, 0xB1, 0xBA, 0x6B, 0x93, 0xE3, 0xB6,
  0xCF, 0x56, 0xB1, 0x8E, 0xD8, 0x8C, 0x45, 0x31, 0x61, 0x7E, 0x33, 0x65, 0x01, 0x18, 0x45, 0xDA, 0xF3, 0x74, 0x6B, 0xEC,
  0xBE, 0x33, 0xBF, 0x93, 0x81, 0x2C, 0x5C, 0x08, 0xF7, 0x24, 0x17, 0xC5, 0x56, 0xB0, 0x91, 0x91, 0x81, 0xB6, 0x65, 0x2F,
  0xE2, 0xC7, 0xE1, 0x82, 0x82, 0xB4, 0xD8, 0x41, 0xF6, 0x32, 0xAE, 0xF8, 0x27, 0xB2, 0x24, 0x45, 0xA8, 0x73, 0xDC, 0xE0,
  0x71, 0xCB, 0xC6, 0x9F, 0x35, 0xBE, 0xC6, 0x82, 0x18, 0x1D, 0x8B, 0x7E, 0x38, 0xAE, 0x67, 0xC2, 0xB5, 0xC1, 0xBF, 0x0E,
  0x3C, 0xBA, 0xAE, 0x71, 0x74, 0x64, 0x11, 0xB6, 0x90, 0x7C, 0xD9, 0x85, 0x5D, 0xE4, 0x39, 0xA7, 0xDB, 0x4B, 0x2D, 0x70,
  0xA2, 0x59, 0x29, 0xDE, 0xD0, 0xB1, 0xBB, 0x5D, 0x8F, 0x1D, 0x5F, 0x26, 0xB7, 0x3F, 0x64, 0x7B, 0x9B, 0x39, 0x81, 0xEB,
  0x1E, 0x6D, 0xCF, 0xDD, 0xDD, 0xF3, 0xF1, 0xC2, 0x71, 0xE2, 0xE0, 0x1F, 0x79, 0xBA, 0x8E, 0x71, 0x72, 0xE8, 0x02, 0xE3,
  0x15, 0xB5, 0xD8, 0xB4, 0x1B, 0xD8, 0xCC, 0x3A, 0xC7, 0xB9, 0x9D, 0xF5, 0x67, 0x83, 0xD9, 0xD4, 0xBC, 0x60, 0xFE, 0xCC,
  0x9A, 0xF5, 0xA5, 0x27, 0x78, 0x64, 0x62, 0xE1, 0x36, 0xC9, 0x69, 0x60, 0x35, 0x5B, 0x14, 0xE1, 0x3D, 0xD2, 0x9E, 0x7B,
  0x1E, 0xB9, 0x9B, 0xDC, 0xEF, 0xD9, 0x47, 0x9B, 0x2B, 0x0E, 0x41, 0x2F, 0xE8, 0x4F, 0x07, 0xC7, 0x5B, 0x93, 0xAF, 0xA0,
  0x3A, 0x08, 0xC1, 0x80, 0xD9, 0x6C, 0x7A, 0xB4, 0x0B, 0xF7, 0x0D, 0xCE, 0xF0, 0x07, 0x9C, 0x5E, 0xD7, 0x0F, 0xE0, 0x0F,
  0xD8, 0x83, 0xC1, 0xD4, 0x37, 0x4E, 0x40, 0x21, 0x3D, 0x85, 0xD2, 0x4E, 0x62, 0x79, 0x08, 0x87, 0x17, 0x1C, 0x98, 0x99,
  0x0B, 0x74, 0x4F, 0xD2, 0x5D, 0xB6, 0xDB, 0xED, 0xF5, 0xFA, 0xEC, 0xAC, 0xA1, 0x73, 0x7B, 0x9F, 0x87, 0x1A, 0x8E, 0xB3,
  0x5D, 0x6A, 0xED, 0x1E, 0x6F, 0xC2, 0xED, 0xE0, 0xE3, 0x4D, 0x84, 0x7D, 0x94, 0x99, 0x7B, 0xFD, 0xBE, 0x17, 0x9C, 0x9A,
  0xB8, 0x64, 0xCF, 0xA6, 0x7C, 0x82, 0xBC, 0x81, 0xDF, 0x3F, 0xD5, 0x57, 0x98, 0x38, 0xC7, 0xDB, 0x90, 0xF1, 0x53, 0x62,
  0x75, 0x37, 0xB0, 0x8A, 0xAC, 0x7E, 0x81, 0x14, 0x86, 0x33, 0xF3, 0x46, 0x5F, 0x85, 0x31, 0xD5, 0x7C, 0x38, 0x09, 0x42,
  0xD5, 0xB0, 0xB8, 0x60, 0x0E, 0x24, 0x68, 0x52, 0x32, 0x26, 0x10, 0xF8, 0x1B, 0x4C, 0xED, 0x53, 0x53, 0x1F, 0xD8, 0x85,
  0x53, 0xA4, 0x5D, 0x7D, 0xA7, 0xDD, 0x20, 0xF9, 0xC3, 0x02, 0x8D, 0xF7, 0xD5, 0x92, 0xD5, 0x27, 0xB6, 0x8C, 0x35, 0xC4,
  0x8C, 0xE9, 0x81, 0x7C, 0x48, 0xF6, 0x2A, 0x22, 0x26, 0xDA, 0x26, 0x46, 0xBB, 0xC9, 0x56, 0x43, 0x80, 0x28, 0xDA, 0x6A,
  0x6F, 0x7C, 0x64, 0x37, 0x22, 0x8D, 0x36, 0x8C, 0xB6, 0xF6, 0xDD, 0xD5, 0x61, 0x38, 0x76, 0x8F, 0x34, 0xAD, 0x90, 0x31,
  0xE2, 0xCF, 0x47, 0x78, 0x2A, 0xB2, 0x46, 0x12, 0xA3, 0x59, 0xD6, 0x68, 0x36, 0x99, 0x4D, 0x67, 0x2C, 0xBD, 0x77, 0xF0,
  0xC0, 0x99, 0xF5, 0xB0, 0x7C, 0xF9, 0xA0, 0x83, 0x1E, 0x7D, 0xF4, 0xE9, 0x8A, 0x11, 0x44, 0x6A, 0xC9, 0x9E, 0x3A, 0x83,
  0x4E, 0x90, 0xA7, 0x96, 0xA0, 0xCD, 0x07, 0x9E, 0x85, 0xFB, 0x99, 0x0F, 0x56, 0xA4, 0xE4, 0x91, 0xD7, 0xE3, 0xC9, 0x23,
  0x91, 0x6A, 0x9A, 0x4E, 0x82, 0x2E, 0x73, 0x24, 0x08, 0x3C, 0xDB, 0xD4, 0xE9, 0x76, 0x03, 0x7F, 0x20, 0x93, 0x4F, 0x98,
  0xB3, 0xEB, 0xF6, 0xFB, 0x93, 0x99, 0xBC, 0xC7, 0xAE, 0xB9, 0xC8, 0xA8, 0x90, 0x25, 0xA4, 0x3A, 0x56, 0xDF, 0xEB, 0x7A,
  0x62, 0x10, 0x9E, 0x93, 0xF2, 0x27, 0x6E, 0xBF, 0xEB, 0xA0, 0x41, 0x7C, 0xE7, 0x07, 0x30, 0x18, 0xE0, 0x69, 0xA5, 0x59,
  0x0E, 0xE1, 0xE2, 0x76, 0x1C, 0xD3, 0x1D, 0x98, 0xFD, 0x3E, 0x0F, 0x92, 0x49, 0xF0, 0x79, 0xA2, 0x31, 0x59, 0xDD, 0xDE,
  0x22, 0x7F, 0x44, 0xD8, 0x98, 0xC1, 0x40, 0x9A, 0xD1, 0x4A, 0x8A, 0x6F, 0x84, 0x39, 0x91, 0x32, 0x64, 0xB5, 0xAB, 0x40,
  0x43, 0xA7, 0xE3, 0xFA, 0x7D, 0xAB, 0xDC, 0x59, 0xB8, 0x56, 0x20, 0x7A, 0xA7, 0xE7, 0xF9, 0x81, 0xE8, 0x7C, 0x0B, 0x23,
  0x2E, 0x6E, 0x91, 0xC2, 0x92, 0x1B, 0x04, 0x3C, 0x6F, 0x07, 0x71, 0x03, 0xBE, 0x71, 0xBA, 0xB0, 0xD6, 0xD3, 0x26, 0x1C,
  0x61, 0x72, 0x0F, 0xE9, 0x9A, 0xE9, 0x3F, 0xDA, 0x43, 0xD4, 0x81, 0x6E, 0xE7, 0x84, 0xE6, 0x6A, 0xB3, 0x6E, 0x3E, 0x50,
  0x8E, 0x14, 0x72, 0x24, 0x28, 0x70, 0x2E, 0x90, 0xE2, 0x76, 0xCC, 0x1E, 0x2C, 0x66, 0xCB, 0x13, 0x09, 0x18, 0x9E, 0xE8,
  0x81, 0x47, 0x68, 0xA7, 0xEF, 0x0B, 0xE3, 0x79, 0x4E, 0xDE, 0xA2, 0x95, 0x35, 0xB1, 0xAD, 0x2E, 0x32, 0x50, 0x36, 0xE2,
  0x8F, 0x22, 0x8B, 0xA3, 0x42, 0x26, 0x10, 0xE3, 0x74, 0x3A, 0x83, 0xEE, 0x20, 0x83, 0x65, 0x1D, 0x21, 0x1F, 0x16, 0x6D,
  0xB9, 0x81, 0x23, 0xB2, 0x26, 0x48, 0x9B, 0xD8, 0x48, 0x03, 0x79, 0x2E, 0x37, 0x1B, 0x2A, 0x0D, 0x65, 0x0A, 0x46, 0x00,
  0x3C, 0x30, 0x3D, 0xC4, 0x9F, 0xDD, 0x14, 0x0B, 0xC7, 0x44, 0x90, 0xA7, 0x1E, 0xCF, 0x4B, 0x2B, 0x9E, 0x1A, 0x26, 0xCD,
  0x10, 0x66, 0x26, 0xBE, 0x75, 0x6E, 0x82, 0x0F, 0xE8, 0x1D, 0x20, 0xB6, 0xD2, 0x19, 0x70, 0xBE, 0xFB, 0xEA, 0xFC, 0xDE,
  0x19, 0xDD, 0x4F, 0xC2, 0x2E, 0x6C, 0xC1, 0xF3, 0xB3, 0x73, 0xBD, 0x27, 0xA6, 0x42, 0xD9, 0x01, 0x82, 0x5A, 0x94, 0x5B,
  0xB4, 0x4B, 0xF9, 0xB9, 0xEE, 0x13, 0xC3, 0x3C, 0x32, 0x90, 0xEB, 0x20, 0xCD, 0x67, 0xA5, 0x23, 0x39, 0x1E, 0x48, 0x0C,
  0x32, 0x7B, 0x60, 0x70, 0x38, 0x8D, 0xA5, 0xA1, 0xBC, 0xCC, 0x34, 0xD9, 0x55, 0x85, 0x52, 0x0C, 0xD0, 0x81, 0x80, 0x98,
  0xAE, 0xCD, 0x99, 0xF0, 0x90, 0x7C, 0x72, 0x2B, 0xA4, 0x37, 0xAA, 0x15, 0xCE, 0xA9, 0x07, 0xA5, 0x33, 0x3B, 0x24, 0x9C,
  0x32, 0xB2, 0x52, 0x95, 0x4C, 0x39, 0xAF, 0x03, 0x61, 0xEA, 0xD6, 0x8A, 0x25, 0x35, 0x70, 0xFA, 0x42, 0x3E, 0x3A, 0x8A,
  0xE4, 0x2A, 0x32, 0x69, 0x7B, 0x90, 0x6E, 0x8A, 0x0D, 0x52, 0x1B, 0xC7, 0xAB, 0x13, 0x4A, 0xAE, 0xA9, 0x7A, 0xA9, 0x44,
  0x09, 0xD7, 0xA6, 0xDD, 0x39, 0x25, 0x8F, 0x9D, 0x03, 0xF2, 0x88, 0x5C, 0x00, 0x94, 0x89, 0x3D, 0x20, 0x79, 0x54, 0xA6,
  0x53, 0xEA, 0x00, 0x26, 0x87, 0x85, 0xB1, 0x67, 0x9B, 0x1E, 0x88, 0xD5, 0xB5, 0x85, 0x80, 0x1D, 0x95, 0x45, 0xC7, 0xEC,
  0x81, 0x43, 0xEC, 0x41, 0x9A, 0xEF, 0xE4, 0xB8, 0x45, 0x0D, 0x06, 0xAA, 0x1D, 0x64, 0xE0, 0x89, 0x3C, 0xA5, 0xDC, 0xD7,
  0x18, 0x91, 0xDB, 0x2B, 0x5E, 0x90, 0x47, 0x26, 0x43, 0x31, 0x23, 0xC5, 0x19, 0xEE, 0xC0, 0x19, 0x56, 0xDB, 0xCB, 0x5C,
  0xA0, 0xF2, 0x28, 0xF5, 0xB8, 0xFA, 0x07, 0x03, 0x22, 0x52, 0xAC, 0xAB, 0x1C, 0x62, 0x54, 0x6B, 0x0C, 0x4A, 0xCC, 0x56,
  0xD2, 0x0C, 0x65, 0x36, 0x32, 0xCA, 0x01, 0xFE, 0x73, 0x63, 0x9F, 0xE5, 0x30, 0xD0, 0x37, 0x0B, 0xBF, 0x20, 0xFA, 0x72,
  0x30, 0x71, 0x59, 0xE3, 0x18, 0x9F, 0x17, 0xA9, 0xF1, 0x62, 0x6D, 0xBA, 0x99, 0x84, 0x53, 0x44, 0xC7, 0xFE, 0x16, 0xB2,
  0xA8, 0xD9, 0x06, 0xFB, 0x63, 0x83, 0x80, 0x86, 0x36, 0xBE, 0x26, 0x7A, 0x63, 0x56, 0xA3, 0x39, 0x0A, 0x83, 0x48, 0x4B,
  0x2B, 0x07, 0x9C, 0x5F, 0x91, 0x23, 0xFE, 0xC7, 0x66, 0xAB, 0x54, 0xB5, 0x90, 0x6A, 0x6E, 0x69, 0x0D, 0x98, 0x17, 0x76,
  0xDF, 0xE9, 0xBB, 0x93, 0x52, 0x84, 0x27, 0x6F, 0x64, 0xC2, 0x02, 0xEF, 0xF7, 0x83, 0x59, 0x55, 0xD1, 0x9B, 0x64, 0xBE,
  0xB0, 0xD9, 0xAC, 0xC4, 0xAD, 0x27, 0x62, 0x3F, 0x6A, 0xCB, 0x53, 0xA1, 0xC9, 0x1A, 0xD6, 0x11, 0x5A, 0xC6, 0x28, 0x47,
  0x2B, 0x45, 0xF4, 0x9B, 0xB7, 0xFC, 0x69, 0xBE, 0x5D, 0xDF, 0xED, 0x0E, 0xF2, 0x5E, 0x3A, 0x40, 0x29, 0xB3, 0x56, 0x08,
  0xB9, 0x14, 0xC1, 0x7C, 0x35, 0x5F, 0xC1, 0xDB, 0x87, 0xC9, 0x59, 0xAA, 0xE4, 0xE0, 0xA1, 0x7F, 0x0A, 0x69, 0x8A, 0x6C,
  0x14, 0xBF, 0xCC, 0xD2, 0x80, 0xD6, 0xB9, 0x91, 0x86, 0x82, 0xA0, 0x9F, 0x17, 0x63, 0x20, 0x63, 0xF7, 0x03, 0x8B, 0xD1,
  0x18, 0x40, 0x07, 0xDA, 0xCF, 0xE1, 0x5F, 0x37, 0x40, 0xD6, 0x4F, 0xA4, 0x5B, 0xB4, 0xD5, 0x12, 0x85, 0x5F, 0xF7, 0xE1,
  0x2D, 0xEF, 0xCB, 0xCD, 0x5F, 0xCE, 0x9E, 0x82, 0x26, 0xA9, 0x01, 0x4C, 0xCD, 0xE6, 0x5B, 0x6E, 0xEC, 0xB6, 0xB9, 0x4A,
  0xBA, 0xD9, 0x44, 0x33, 0xB0, 0xF6, 0x2E, 0xD5, 0x50, 0x9F, 0x87, 0xD8, 0x6E, 0x32, 0x7D, 0xB5, 0x1D, 0x16, 0xB2, 0x43,
  0x05, 0x16, 0xC9, 0x95, 0xBC, 0xA1, 0x28, 0x96, 0xCA, 0x76, 0x5E, 0xDE, 0xDC, 0x3A, 0x54, 0x9E, 0xA0, 0x4D, 0xC3, 0x68,
  0x3A, 0xE7, 0x3B, 0x9C, 0x3A, 0x18, 0xEA, 0x10, 0xD4, 0xDB, 0xAD, 0x61, 0xAA, 0xB7, 0x7C, 0x33, 0x28, 0x25, 0x66, 0x51,
  0xDE, 0x52, 0xD9, 0xF7, 0x51, 0xC8, 0x93, 0x6D, 0xFC, 0x05, 0x4D, 0x6F, 0x63, 0x2F, 0xA8, 0x3C, 0xB5, 0x0C, 0xDA, 0x64,
  0xE5, 0x06, 0x4B, 0x9B, 0xAB, 0x4B, 0x5B, 0x35, 0x94, 0xB1, 0x35, 0x30, 0x0A, 0x0B, 0xAB, 0x0A, 0x49, 0xBE, 0x8D, 0x15,
  0x1B, 0x7E, 0x4E, 0xF7, 0x24, 0xB5, 0x99, 0x78, 0x54, 0x46, 0x55, 0x10, 0xAD, 0xD6, 0x84, 0x43, 0x10, 0x6A, 0x08, 0x99,
  0x8B, 0x60, 0xC4, 0x52, 0x35, 0x46, 0x8C, 0x42, 0x3B, 0x30, 0x01, 0x6B, 0x42, 0x44, 0x9F, 0x18, 0x82, 0x78, 0xF0, 0x55,
  0x9A, 0x76, 0xDB, 0xEA, 0xD0, 0x0E, 0xFA, 0xC0, 0x26, 0x9F, 0xC2, 0xA4, 0xF5, 0xEB, 0x47, 0x50, 0x74, 0x56, 0x99, 0xBC,
  0x1A, 0x32, 0x57, 0xB5, 0x1A, 0x49, 0x79, 0x9C, 0xAE, 0x50, 0x79, 0xA8, 0xA8, 0xBE, 0xCE, 0x61, 0xCD, 0xB7, 0x2F, 0xB2,
  0xDD, 0x37, 0xD7, 0x03, 0x85, 0xC1, 0xC3, 0xB8, 0x39, 0xD9, 0x60, 0xA3, 0x5D, 0x9A, 0xBE, 0x91, 0xBA, 0xA4, 0x55, 0x2A,
  0xD6, 0x0D, 0x5E, 0x4F, 0x4E, 0x4B, 0xA3, 0xDD, 0xC6, 0xC9, 0x2C, 0x0C, 0x44, 0xC8, 0xB1, 0x79, 0x93, 0xBD, 0xED, 0x9C,
  0x32, 0x32, 0x60, 0xD1, 0x2B, 0x82, 0x5C, 0x84, 0x53, 0xDC, 0xBC, 0x17, 0xA6, 0xC1, 0xAE, 0x22, 0x6D, 0x0A, 0xBF, 0x7F,
  0x8D, 0x9C, 0x39, 0xDE, 0xD7, 0xC8, 0x99, 0x80, 0xB8, 0x83, 0xC8, 0xA3, 0xEB, 0x4A, 0xB3, 0xA8, 0x24, 0x69, 0x4E, 0x9D,
  0xA4, 0xC1, 0xE3, 0x84, 0xA4, 0xA9, 0x63, 0x29, 0x96, 0x90, 0x51, 0xFB, 0x42, 0x98, 0x3E, 0xBF, 0x4E, 0xB4, 0xA4, 0xE7,
  0xCF, 0xC3, 0x44, 0xB3, 0x43, 0x34, 0xE2, 0x41, 0xE4, 0x8E, 0x95, 0x91, 0x61, 0x60, 0x22, 0x60, 0xC8, 0x7D, 0x33, 0x58,
  0x8D, 0xA7, 0x6C, 0x41, 0xB7, 0xD6, 0x16, 0x04, 0x4A, 0x06, 0x66, 0x8F, 0xD3, 0xF9, 0x3C, 0x2A, 0x66, 0xDC, 0xA6, 0xC2,
  0xD5, 0x25, 0xB8, 0xDC, 0x1A, 0xB8, 0xD4, 0x59, 0xEB, 0xE1, 0x72, 0x4B, 0x13, 0xA3, 0xA8, 0x36, 0x7C, 0xB3, 0x0A, 0xFC,
  0x79, 0x51, 0x89, 0x4B, 0x44, 0x12, 0x79, 0x36, 0x31, 0x4F, 0x51, 0x7E, 0x0D, 0xC7, 0xB8, 0xDF, 0x54, 0x33, 0xF7, 0x9E,
  0x54, 0x41, 0xFE, 0x3D, 0x8B, 0x56, 0x25, 0x88, 0x4F, 0x79, 0x7F, 0xB6, 0x9D, 0x2B, 0x73, 0xB8, 0x3D, 0xDC, 0xC3, 0xED,
  0x5B, 0x54, 0xA4, 0x59, 0x61, 0xCF, 0x53, 0xAA, 0x95, 0xB6, 0x69, 0x55, 0x31, 0xBA, 0xF0, 0xBD, 0x8E, 0xAB, 0xD2, 0xBA,
  0x1E, 0x72, 0x29, 0x6F, 0x51, 0x9E, 0x5C, 0x20, 0x7F, 0xCC, 0xE6, 0xC8, 0x4A, 0x50, 0x42, 0x6B, 0x79, 0xE8, 0xD5, 0x6F,
  0xD3, 0x3E, 0x29, 0x87, 0x58, 0x92, 0x4B, 0x0E, 0xF7, 0x37, 0x8F, 0xEE, 0x3B, 0x94, 0x53, 0x0A, 0x03, 0x86, 0xD8, 0xF0,
  0x09, 0x52, 0x54, 0x76, 0x6E, 0xF7, 0x1B, 0xEF, 0xDC, 0x2A, 0x4C, 0x67, 0x9A, 0x4C, 0x05, 0x88, 0xCF, 0xB0, 0x99, 0x2A,
  0x9C, 0xC0, 0x4B, 0xC2, 0x0E, 0x11, 0x9D, 0x5E, 0xEE, 0x6B, 0xD2, 0x5D, 0x3D, 0x47, 0xA6, 0xBB, 0xCA, 0xF8, 0xAA, 0x72,
  0x4C, 0xAF, 0xC8, 0x31, 0x5D, 0xEB, 0x24, 0x8F, 0xD5, 0xF4, 0x90, 0x96, 0x5E, 0x6A, 0x7E, 0x9A, 0x1A, 0xCA, 0xDD, 0x57,
  0xF3, 0x39, 0xB0, 0x12, 0xAF, 0xE1, 0xCF, 0x90, 0x3D, 0x57, 0x30, 0xFD, 0x14, 0xBB, 0x0F, 0xFF, 0x51, 0xD4, 0x33, 0xE6,
  0xA5, 0xFA, 0x79, 0x64, 0xB3, 0x3D, 0xE7, 0xED, 0xDF, 0xFA, 0xF7, 0xC5, 0x45, 0x64, 0x86, 0x2D, 0x3C, 0xAD, 0xE9, 0xA7,
  0xAD, 0xB0, 0x6C, 0x2D, 0xC5, 0x9C, 0x75, 0x2C, 0x99, 0x68, 0x84, 0x7B, 0x09, 0xCB, 0x8A, 0x10, 0x61, 0xC2, 0xA8, 0x9F,
  0x52, 0x82, 0xE4, 0x89, 0xD6, 0xD2, 0x3A, 0x04, 0xBE, 0x91, 0xA6, 0x20, 0xFB, 0xBC, 0x2A, 0x22, 0x77, 0x44, 0xFB, 0x4A,
  0x95, 0x04, 0xAF, 0x87, 0x22, 0x4F, 0x16, 0x95, 0x12, 0x59, 0xC2, 0xCF, 0xCA, 0xEB, 0x51, 0xB3, 0xAA, 0x4E, 0x12, 0xBA,
  0x6A, 0xCD, 0x63, 0xBD, 0x7F, 0x7A, 0xC8, 0x04, 0x53, 0xF5, 0xA0, 0xE3, 0x16, 0xEA, 0xA4, 0x7E, 0xDB, 0xB6, 0xDA, 0xE9,
  0xFD, 0xD3, 0xCD, 0x57, 0xDB, 0xA9, 0x37, 0x5F, 0x1D, 0xA7, 0xC6, 0x7C, 0xE5, 0xE6, 0x9C, 0x6A, 0xC1, 0x3A, 0x3C, 0xAC,
  0xE7, 0xA0, 0x12, 0x89, 0x42, 0x5D, 0x35, 0xC3, 0xBB, 0x95, 0x3D, 0x9B, 0xDB, 0xF0, 0xB2, 0x3F, 0x15, 0xC1, 0xA3, 0x90,
  0xDC, 0xB1, 0x1C, 0xD1, 0xFF, 0xD0, 0x2E, 0xCB, 0xF7, 0x8A, 0x6E, 0xB6, 0x9B, 0x61, 0x5A, 0x04, 0xA7, 0x10, 0xF5, 0x38,
  0x6D, 0x0A, 0xF5, 0x7B, 0xF5, 0xF1, 0x16, 0x04, 0x50, 0x3B, 0xF8, 0x37, 0xB0, 0x79, 0xBC, 0xE5, 0x94, 0x32, 0xA7, 0x0D,
  0x5E, 0x15, 0x1B, 0xAF, 0x5B, 0xB2, 0x72, 0xDD, 0x53, 0x76, 0xF2, 0x59, 0x23, 0x28, 0x76, 0xB2, 0x60, 0x69, 0x58, 0xB7,
  0xCE, 0x11, 0xC7, 0x3E, 0xE7, 0xFD, 0x13, 0x0D, 0xA5, 0x04, 0x9C, 0x68, 0x55, 0x60, 0xE4, 0x93, 0x6D, 0x73, 0xAB, 0x9C,
  0x1A, 0xCA, 0x60, 0x41, 0xBD, 0xE0, 0x1F, 0xFB, 0x56, 0x23, 0xAB, 0x30, 0x28, 0x7F, 0xB0, 0x60, 0xD5, 0xD7, 0xD7, 0x16,
  0x84, 0x2D, 0x5C, 0xDE, 0xA1, 0x92, 0x2A, 0x39, 0x9A, 0x5A, 0xF5, 0x0E, 0xF8, 0x67, 0x4E, 0xBD, 0x7B, 0xD6, 0x45, 0x60,
  0x33, 0xFF, 0x26, 0xC4, 0xEB, 0x1D, 0x5C, 0xD4, 0xF5, 0x77, 0xC7, 0xCA, 0x73, 0xD5, 0x6E, 0x3C, 0xC3, 0xBD, 0x3B, 0x50,
  0x62, 0xD4, 0xE5, 0x9E, 0x44, 0xB1, 0x2D, 0x92, 0xEC, 0xBF, 0x2D, 0x68, 0xA5, 0x28, 0x45, 0xB7, 0xF8, 0xD9, 0x04, 0xAF,
  0x5C, 0xA9, 0xA8, 0x37, 0x45, 0x4D, 0x94, 0x30, 0xCC, 0xDB, 0x1F, 0x2F, 0x5D, 0xB7, 0x6B, 0xAA, 0xAD, 0xAC, 0x3E, 0x15,
  0x19, 0xD5, 0x44, 0xB3, 0x6A, 0x5D, 0x41, 0x38, 0x76, 0x4E, 0xBD, 0x13, 0xE8, 0x14, 0xC3, 0x52, 0xD9, 0xBD, 0xE2, 0xFF,
  0x39, 0xCE, 0x51, 0x07, 0xB0, 0x8C, 0xD9, 0x03, 0x65, 0x48, 0x45, 0xFF, 0xA9, 0x5F, 0x0A, 0x53, 0xD5, 0x70, 0x8F, 0x57,
  0xF7, 0xA1, 0xD3, 0xE1, 0xC8, 0x58, 0x15, 0x92, 0xB4, 0xE2, 0xA1, 0x5A, 0x91, 0x3A, 0xE0, 0xA1, 0x5C, 0x0A, 0x3F, 0xB7,
  0x9D, 0x3A, 0x40, 0xA0, 0x3C, 0xA0, 0x32, 0xA1, 0x36, 0xDD, 0x3E, 0x37, 0xE7, 0x6B, 0x00, 0xA9, 0xB1, 0xE4, 0x0E, 0xF8,
  0x20, 0x86, 0x69, 0x69, 0xA4, 0x58, 0xED, 0x2C, 0xBF, 0x44, 0x45, 0x68, 0x00, 0x81, 0x27, 0x10, 0x4A, 0x70, 0xAB, 0x31,
  0xA4, 0x12, 0x8F, 0xD5, 0x84, 0x7B, 0xF9, 0x7E, 0xAB, 0xD6, 0xE4, 0xA6, 0x3C, 0xD5, 0x2D, 0x54, 0xEB, 0x89, 0x88, 0x70,
  0x79, 0xC7, 0xAC, 0xA1, 0x8A, 0x7B, 0xD0, 0x8D, 0xAB, 0xC9, 0xA3, 0xF5, 0x0E, 0x6E, 0x26, 0x14, 0xB8, 0x77, 0xF2, 0xD5,
  0x5A, 0x26, 0x32, 0x78, 0x03, 0x59, 0x87, 0x7F, 0x62, 0x33, 0x71, 0x8B, 0x96, 0x6D, 0x49, 0x31, 0xBC, 0x5C, 0x2D, 0xC0,
  0xEA, 0x49, 0x5A, 0xEC, 0xDC, 0x73, 0x8A, 0xE6, 0x49, 0xCF, 0x29, 0xD5, 0xF7, 0xAA, 0xF5, 0xBE, 0x32, 0x46, 0xDF, 0xAF,
  0x20, 0xCB, 0x11, 0xF1, 0x72, 0xD5, 0xB5, 0x23, 0x72, 0x75, 0xBC, 0x9A, 0xCD, 0xF0, 0xF4, 0x02, 0x9C, 0xD3, 0xBB, 0x61,
  0xEF, 0x9C, 0x35, 0x4A, 0x61, 0x32, 0x0F, 0xBE, 0x3E, 0xC0, 0x29, 0x04, 0xB6, 0x3A, 0xFC, 0x91, 0x5C, 0xFC, 0x01, 0x1B,
  0xF2, 0x1B, 0xDB, 0x4C, 0x55, 0x1C, 0xF5, 0x9C, 0xDF, 0x62, 0x36, 0xF5, 0x6B, 0xCD, 0x26, 0xA7, 0x60, 0x34, 0x29, 0xF2,
  0x0D, 0x9E, 0x3E, 0x68, 0x34, 0xC9, 0x28, 0x09, 0xC2, 0x01, 0xAE, 0x23, 0xD2, 0xCC, 0xC8, 0x67, 0xC9, 0xA7, 0x70, 0xE4,
  0x1D, 0x87, 0xDE, 0x78, 0x3C, 0xA5, 0x74, 0xAE, 0xE1, 0x84, 0x70, 0x0B, 0xDC, 0x59, 0x32, 0xDB, 0xC8, 0xEA, 0x39, 0xC1,
  0x2C, 0x48, 0xEB, 0xD6, 0x32, 0x8B, 0xA3, 0xA4, 0x8E, 0x3D, 0xE3, 0x6B, 0xA9, 0x79, 0x5C, 0xF9, 0xF5, 0x31, 0x38, 0xF0,
  0x82, 0x4D, 0x9B, 0xE3, 0xA6, 0x46, 0xCA, 0x7B, 0x08, 0x9A, 0x52, 0xB6, 0xAC, 0xDF, 0x11, 0x45, 0xEF, 0x32, 0x4A, 0x83,
  0x48, 0x12, 0x0A, 0x10, 0xCE, 0xD7, 0x7B, 0x5E, 0x97, 0x14, 0x1F, 0x05, 0x49, 0xEC, 0x1C, 0x3B, 0x96, 0x48, 0xAC, 0x0F,
  0x84, 0xE2, 0x3B, 0x6F, 0x35, 0x2A, 0xA3, 0x9F, 0xA1, 0xC4, 0xBA, 0xCE, 0x57, 0x28, 0xB1, 0xC1, 0x99, 0x3A, 0x4C, 0x25,
  0xEB, 0x49, 0x1D, 0x30, 0xE8, 0xD5, 0xB9, 0xC2, 0xD5, 0x6A, 0xCB, 0x03, 0xF2, 0x27, 0x1A, 0xA9, 0x4E, 0x19, 0x79, 0x3C,
  0xB9, 0x4F, 0x66, 0x95, 0x7C, 0xB2, 0xFC, 0xF3, 0xC0, 0xF4, 0x73, 0xB8, 0x6C, 0x7F, 0xF0, 0xE4, 0xB6, 0x53, 0xA7, 0xF1,
  0x4A, 0xB5, 0x97, 0xF8, 0x18, 0xAA, 0xC6, 0xFC, 0xD9, 0xAB, 0x84, 0x10, 0x1F, 0x6E, 0xA6, 0x76, 0x13, 0x77, 0xAE, 0xCB,
  0x26, 0x98, 0x52, 0x58, 0x7F, 0xFA, 0x4B, 0x87, 0x4E, 0xCD, 0x77, 0x9B, 0x15, 0x33, 0x4D, 0xDD, 0x04, 0x9D, 0x82, 0xA1,
  0xE5, 0x15, 0xF6, 0xB8, 0x41, 0x9D, 0x8D, 0x44, 0x85, 0xD8, 0xFB, 0x73, 0xB6, 0x57, 0xA7, 0x76, 0x7B, 0xF5, 0xD4, 0x0F,
  0x80, 0xB2, 0x69, 0xF6, 0x27, 0x76, 0x25, 0xFE, 0x35, 0x6E, 0xF9, 0xEB, 0x5C, 0x75, 0x57, 0xEA, 0x55, 0x77, 0xA5, 0x5E,
  0x75, 0x0B, 0xEF, 0xF3, 0x22, 0x57, 0x7C, 0x1A, 0x2F, 0xBE, 0x88, 0x7F, 0x76, 0x25, 0xCF, 0x1A, 0xA0, 0xE2, 0x05, 0xFC,
  0x04, 0xE1, 0x3D, 0x79, 0xDA, 0x71, 0x8C, 0x83, 0x00, 0x56, 0x6B, 0x2D, 0x5F, 0xA3, 0xCA, 0x4B, 0x38, 0x02, 0x40, 0x69,
  0xC7, 0xE9, 0xD7, 0xB8, 0xBE, 0xF9, 0xC3, 0xEB, 0x57, 0x1F, 0xFF, 0xF0, 0xFA, 0xED, 0x4F, 0xDA, 0x95, 0xF6, 0xFA, 0xED,
  0xAB, 0x0F, 0x2F, 0x6E, 0x3E, 0x7E, 0xF8, 0xE5, 0xE5, 0xC7, 0x5F, 0x3E, 0xFC, 0xF8, 0xEC, 0x0A, 0xAD, 0x0B, 0x5D, 0x40,
  0x03, 0x8C, 0xE1, 0x6B, 0x77, 0x88, 0xE3, 0x8C, 0x1B, 0x57, 0x8D, 0xEB, 0x57, 0xE1, 0x9C, 0xE1, 0xC8, 0x00, 0x9F, 0x1E,
  0xCA, 0x36, 0x42, 0xD1, 0x34, 0xD2, 0x36, 0x22, 0x54, 0x81, 0x69, 0x8A, 0x87, 0x0C, 0xF8, 0xCA, 0x30, 0xF3, 0xD5, 0x2D,
  0xA2, 0xFD, 0x8D, 0xEB, 0x9F, 0xF9, 0x2F, 0x7F, 0x27, 0x02, 0xFB, 0xF9, 0xB9, 0x06, 0x1F, 0x79, 0x04, 0xAC, 0x91, 0x2D,
  0x31, 0xA7, 0x5B, 0x71, 0x81, 0x1A, 0x1D, 0xCA, 0x80, 0xA5, 0xF1, 0xEE, 0x0D, 0x8D, 0xBE, 0xFF, 0x40, 0x68, 0x1A, 0x15,
  0x66, 0x0C, 0x23, 0xCD, 0xFC, 0x79, 0x8C, 0x26, 0xAB, 0x25, 0x0A, 0xA4, 0xA7, 0x9F, 0x08, 0x51, 0x34, 0xE8, 0x47, 0x1A,
  0xAB, 0x69, 0x60, 0x5D, 0xFC, 0x9B, 0x48, 0x75, 0x06, 0x9E, 0x71, 0x94, 0xA3, 0x88, 0x40, 0x05, 0x5E, 0x44, 0x1B, 0xE0,
  0xF1, 0x1F, 0xFF, 0xF5, 0xEF, 0x20, 0x05, 0xDA, 0xD7, 0xF4, 0xFA, 0xD9, 0x9F, 0xB0, 0x39, 0x56, 0xC3, 0xDD, 0xC4, 0xC5,
  0x2A, 0x60, 0x69, 0xCB, 0x2B, 0x01, 0xD6, 0xB5, 0xC4, 0x2B, 0xFF, 0x5B, 0xA0, 0x1C, 0xC5, 0x73, 0x8A, 0x34, 0x92, 0x1F,
  0xEC, 0x36, 0xAE, 0x11, 0x90, 0x7C, 0x58, 0x45, 0x9F, 0x40, 0xA3, 0xB7, 0x18, 0x51, 0xFB, 0xC8, 0xE8, 0x2C, 0x05, 0x1C,
  0xCD, 0x50, 0xA5, 0x11, 0x2F, 0xD3, 0xAD, 0xE0, 0xBB, 0xDC, 0x0A, 0x1F, 0xC8, 0x12, 0x88, 0xF7, 0x22, 0x96, 0xC4, 0xB4,
  0x59, 0xB4, 0x5A, 0xF0, 0xD0, 0x92, 0x28, 0x9A, 0x43, 0x4C, 0x4A, 0x1C, 0xF5, 0xA0, 0x2D, 0x31, 0x9D, 0x28, 0xB7, 0x5B,
  0x4A, 0x10, 0x70, 0x26, 0x00, 0x1D, 0x52, 0x11, 0xB7, 0x95, 0x51, 0x89, 0x50, 0x54, 0x94, 0x1B, 0x67, 0x24, 0xA2, 0x52,
  0xF0, 0xC6, 0x75, 0x75, 0xE2, 0xB4, 0xA6, 0x13, 0xEF, 0x26, 0xD7, 0xF2, 0x3C, 0x09, 0x6D, 0x0D, 0xA7, 0x68, 0xBA, 0x1D,
  0x02, 0x43, 0xD7, 0x62, 0x7D, 0xB6, 0x16, 0xC6, 0x1C, 0x1C, 0x99, 0x57, 0xD0, 0xEE, 0xA9, 0x16, 0x9C, 0x65, 0x05, 0x7E,
  0x9C, 0xEF, 0xDA, 0xA2, 0xAD, 0xA3, 0x45, 0x6C, 0x81, 0x8C, 0x29, 0xA0, 0xBC, 0xF7, 0xC3, 0x39, 0x7D, 0x66, 0xA0, 0xC1,
  0x25, 0xD0, 0x68, 0xA6, 0xCD, 0x9A, 0x83, 0xAE, 0x78, 0x3E, 0x65, 0xE8, 0x25, 0x15, 0xD2, 0x13, 0x27, 0x66, 0x9B, 0x25,
  0x57, 0x80, 0xDA, 0x6C, 0x91, 0x7C, 0xBF, 0x4D, 0x58, 0xDC, 0x5C, 0x1A, 0xBB, 0xE5, 0xF8, 0xED, 0x66, 0x31, 0x81, 0xA7,
  0xB3, 0xFC, 0xF2, 0x05, 0xC5, 0xF4, 0x38, 0x0D, 0x63, 0xF9, 0x0C, 0xDB, 0xB2, 0x6B, 0x44, 0x0C, 0xE1, 0x05, 0x24, 0x66,
  0x9F, 0xEA, 0xDA, 0xF7, 0x7A, 0xFA, 0xDC, 0xF5, 0xBA, 0x08, 0x82, 0x88, 0x57, 0xCD, 0xE5, 0x15, 0x6F, 0x88, 0x1A, 0xF1,
  0x57, 0x94, 0x5B, 0x6E, 0xDA, 0x06, 0xDA, 0xFE, 0x4B, 0xDE, 0xB8, 0xDF, 0xE9, 0xBB, 0xB6, 0x97, 0x0D, 0xC5, 0xDB, 0x8B,
  0x01, 0x8A, 0x5D, 0xDE, 0xA0, 0x8B, 0xD2, 0x24, 0xEB, 0x96, 0xB5, 0x72, 0xA8, 0xD5, 0x4F, 0xDF, 0xEB, 0xFB, 0xC2, 0x12,
  0x7E, 0x59, 0x27, 0x21, 0xB8, 0x3B, 0x66, 0x53, 0x63, 0x87, 0x3F, 0xE9, 0x3A, 0x70, 0xC9, 0x57, 0x02, 0x65, 0x1C, 0x27,
  0x5A, 0x30, 0x7E, 0xE3, 0x27, 0x77, 0x6D, 0xC4, 0xE3, 0x56, 0xFC, 0xD5, 0x95, 0xD7, 0x73, 0x2D, 0xBC, 0xC5, 0xE5, 0x93,
  0x31, 0xBF, 0x96, 0x0D, 0xEF, 0xCA, 0x0D, 0x61, 0xFA, 0xA5, 0xED, 0xE8, 0x52, 0x36, 0x5B, 0x94, 0x9B, 0xF5, 0x04, 0xD2,
  0x82, 0x6B, 0x2B, 0xC5, 0x58, 0xF0, 0x54, 0x0F, 0x34, 0xFD, 0xE9, 0xDD, 0x53, 0xFD, 0x8E, 0xA3, 0xE2, 0x2E, 0x7F, 0x45,
  0xCF, 0xF0, 0x6A, 0xF1, 0x54, 0x5F, 0xA4, 0x4B, 0xD6, 0xF8, 0x8D, 0xB2, 0x32, 0xA1, 0x54, 0xB8, 0xA0, 0x35, 0x57, 0x20,
  0x90, 0x68, 0xA6, 0x17, 0x64, 0x11, 0xDF, 0x9F, 0x62, 0x18, 0xBC, 0x7E, 0xAE, 0xAF, 0x96, 0xFA, 0x50, 0x47, 0x22, 0x51,
  0x07, 0x8E, 0x88, 0x27, 0xB9, 0x38, 0xCA, 0x77, 0xEF, 0xB8, 0xBF, 0x8F, 0xF7, 0x28, 0x6C, 0xE5, 0x57, 0x46, 0x61, 0x1E,
  0xCE, 0x9F, 0x2F, 0xC1, 0xD9, 0xCD, 0xA5, 0xC9, 0x25, 0xCB, 0xA4, 0x2F, 0x73, 0x8D, 0x9D, 0x58, 0x69, 0xB2, 0x4A, 0xFC,
  0x79, 0xC6, 0x1C, 0x6D, 0x7E, 0x4B, 0x88, 0x35, 0x89, 0x4F, 0xF3, 0xE7, 0x74, 0xC7, 0x1F, 0xAF, 0xA7, 0xC9, 0x98, 0x37,
  0xBA, 0xB6, 0x9E, 0x73, 0x1C, 0xF1, 0xB0, 0x2B, 0x4E, 0xA7, 0xA0, 0x16, 0x57, 0xFC, 0xCD, 0x77, 0xB8, 0x35, 0x10, 0x8B,
  0x49, 0x97, 0xA4, 0x88, 0x0E, 0x09, 0x58, 0x51, 0x3D, 0x70, 0xD5, 0xF0, 0xAC, 0xAA, 0xA5, 0x17, 0x10, 0x2F, 0xFD, 0x29,
  0x87, 0xF7, 0xA9, 0x5E, 0x95, 0x41, 0x5A, 0x02, 0x35, 0xA0, 0xDF, 0xEC, 0x7D, 0x55, 0x45, 0x90, 0x62, 0xA0, 0x66, 0x2A,
  0xB6, 0x97, 0xF8, 0x08, 0x97, 0xC7, 0x63, 0x0F, 0xF7, 0x23, 0x03, 0xAE, 0x08, 0x26, 0xCA, 0xDA, 0x1B, 0xD7, 0x3F, 0xF0,
  0xA3, 0x6D, 0xF2, 0xE6, 0x18, 0x78, 0xD9, 0x0E, 0x83, 0x3A, 0xF8, 0x78, 0xFB, 0xD7, 0xEF, 0x0B, 0x6D, 0xB3, 0x99, 0x9F,
  0xA3, 0xD7, 0x7A, 0xA8, 0xFF, 0xE3, 0xEF, 0xFF, 0xA9, 0x1B, 0x07, 0x3B, 0x4B, 0xC5, 0x52, 0x1E, 0x41, 0xD2, 0xF3, 0x03,
  0xB6, 0xCE, 0xED, 0x73, 0x9D, 0xFF, 0x80, 0xF2, 0x6F, 0xC1, 0x29, 0x11, 0xBF, 0x3E, 0x3C, 0xE0, 0x2F, 0x20, 0x50, 0x61,
  0xB4, 0x5C, 0x3F, 0x70, 0xF2, 0x1E, 0xEE, 0xF9, 0x0A, 0xB5, 0xB8, 0x87, 0x7A, 0xCE, 0xF0, 0xEE, 0xC8, 0x9C, 0x5C, 0x78,
  0xCB, 0x7D, 0xA5, 0x48, 0x63, 0x5A, 0x7E, 0x71, 0x84, 0x10, 0xC8, 0x01, 0x15, 0xE9, 0x40, 0x91, 0xE0, 0x86, 0xC6, 0x2D,
  0x08, 0x79, 0xE0, 0xD0, 0x50, 0x7F, 0x0A, 0x9E, 0x7C, 0xAA, 0x3F, 0x69, 0x14, 0x76, 0x25, 0xF1, 0xB7, 0x20, 0x71, 0x42,
  0x6D, 0x72, 0x49, 0x88, 0x15, 0x49, 0x30, 0x11, 0xFD, 0x88, 0xFC, 0x5C, 0x02, 0xFF, 0x9F, 0xB1, 0x6B, 0xFC, 0xAB, 0xD9,
  0xB5, 0xCC, 0x7E, 0xE9, 0x48, 0xCF, 0xE3, 0x2A, 0xFB, 0xF1, 0xD7, 0x82, 0x1C, 0x8F, 0xC7, 0x63, 0xEC, 0x32, 0x6C, 0x46,
  0x05, 0x3C, 0xCF, 0xF5, 0xAF, 0x23, 0x69, 0x5C, 0x26, 0x29, 0x78, 0x13, 0x93, 0x34, 0x39, 0x8A, 0xBF, 0x7C, 0xD1, 0xF5,
  0xD2, 0x2A, 0x40, 0x1F, 0x98, 0xB8, 0x1A, 0x6A, 0xE8, 0x5F, 0xA7, 0xA5, 0x40, 0x2B, 0xFE, 0xB5, 0xE5, 0x3D, 0x1B, 0x73,
  0x5B, 0xC7, 0xC4, 0xAB, 0x1F, 0x22, 0x54, 0xB6, 0xBE, 0x47, 0xB5, 0x1B, 0x9D, 0x05, 0xB5, 0xDC, 0xCC, 0xE7, 0xD9, 0xC3,
  0x1F, 0xC2, 0x28, 0xD9, 0xE6, 0x0D, 0xDF, 0x8B, 0xFA, 0xFB, 0x72, 0x53, 0xF9, 0xF8, 0x45, 0x32, 0xB6, 0xCC, 0xBC, 0x5A,
  0xFF, 0x23, 0x60, 0x1A, 0xEB, 0xBA, 0xF2, 0x84, 0x0C, 0x0D, 0x1C, 0xE6, 0xA4, 0x8F, 0x1E, 0xE1, 0x38, 0x28, 0xF8, 0x4C,
  0x6D, 0x58, 0xB4, 0x3F, 0x52, 0x1C, 0xF9, 0xE7, 0x10, 0x06, 0xC5, 0x12, 0x7A, 0x50, 0x97, 0xE1, 0xE5, 0xCD, 0x5A, 0x37,
  0x9B, 0xC6, 0xF8, 0xFA, 0x30, 0xDC, 0xC6, 0xE9, 0x41, 0xA6, 0xFE, 0x72, 0xCA, 0xE6, 0x67, 0x0C, 0x94, 0xEF, 0x86, 0xF2,
  0x8B, 0x70, 0xB0, 0x6F, 0x18, 0xBF, 0x08, 0xA0, 0x79, 0x0D, 0x51, 0xF7, 0x4F, 0x8A, 0x3C, 0xB3, 0x1C, 0xC6, 0x8F, 0x1F,
  0x67, 0xA4, 0xBE, 0xBC, 0x8C, 0xF9, 0x77, 0x20, 0xA8, 0x16, 0x84, 0x27, 0x40, 0x41, 0x58, 0xB4, 0x27, 0x8C, 0xDF, 0xFB,
  0xA8, 0x9F, 0x1B, 0x57, 0x70, 0x06, 0xDA, 0x13, 0xD6, 0x9E, 0x57, 0x5E, 0x0C, 0x9B, 0x05, 0x9C, 0x3F, 0x2F, 0x91, 0x65,
  0x98, 0xEE, 0xCA, 0xFC, 0xAB, 0x75, 0xF1, 0x8C, 0xB6, 0x0B, 0x3E, 0x9F, 0x98, 0x4B, 0x6C, 0x16, 0xFC, 0x58, 0x91, 0xC2,
  0xBE, 0x21, 0x7B, 0xF2, 0x46, 0xBC, 0x0B, 0xEF, 0x23, 0xB7, 0x75, 0xF9, 0xC9, 0xE5, 0xF8, 0x71, 0xB6, 0xBA, 0x2F, 0x5F,
  0x1E, 0xCB, 0xB5, 0xE7, 0xCD, 0xA0, 0xF9, 0xE2, 0xD5, 0x72, 0xFC, 0x38, 0x63, 0x70, 0x1D, 0x15, 0x96, 0x21, 0x14, 0xA5,
  0xB6, 0x92, 0x3B, 0xE2, 0xF0, 0x71, 0x11, 0x0F, 0xCF, 0xF5, 0x57, 0x60, 0xE9, 0x3B, 0x6E, 0x9F, 0xE1, 0x79, 0x8B, 0x2D,
  0xF9, 0x3C, 0xDA, 0x8F, 0x37, 0xEF, 0x3B, 0x8E, 0x96, 0xF6, 0xC6, 0xE7, 0x59, 0x8B, 0x07, 0x44, 0x74, 0xD0, 0x5D, 0xCE,
  0x89, 0xCD, 0xF6, 0x01, 0x34, 0xD4, 0x90, 0xC7, 0x86, 0x29, 0x46, 0x33, 0xC3, 0x49, 0xE1, 0x5F, 0x76, 0xAC, 0xE8, 0xB4,
  0x34, 0x7C, 0x01, 0xAD, 0xC5, 0x6B, 0xC6, 0x02, 0x62, 0xFB, 0x1C, 0x3E, 0xF1, 0x2D, 0xCD, 0x58, 0xC5, 0xD1, 0x3B, 0xFE,
  0x48, 0xC1, 0x54, 0xDE, 0x7A, 0x86, 0xFE, 0x64, 0xED, 0x8D, 0xB3, 0x35, 0x5F, 0x5E, 0xD6, 0xA0, 0xD7, 0xB8, 0xB6, 0x2E,
  0x2F, 0xC5, 0xC8, 0xD7, 0x75, 0xAF, 0x9F, 0xEB, 0x74, 0x30, 0x1A, 0xFF, 0x2A, 0x91, 0x4C, 0xC8, 0x38, 0x06, 0xFF, 0xC1,
  0x9A, 0x10, 0x3D, 0xA0, 0x2E, 0x53, 0x10, 0xA5, 0x7D, 0x52, 0x10, 0xF4, 0x94, 0xD1, 0x4A, 0xBA, 0x37, 0xFB, 0x3A, 0xA8,
  0x46, 0x05, 0xA6, 0x5F, 0xF7, 0x37, 0xAE, 0x5F, 0xAE, 0x60, 0x0A, 0x23, 0x71, 0x84, 0x27, 0x55, 0x55, 0x25, 0x3F, 0x6D,
  0x6A, 0x5C, 0xBF, 0xFF, 0xC3, 0x1B, 0x89, 0x17, 0x02, 0xF3, 0xA7, 0xF7, 0xAF, 0xDF, 0x39, 0x5D, 0xBA, 0xC2, 0xDF, 0x4F,
  0xBF, 0xFF, 0x5B, 0x41, 0xD3, 0xC9, 0x66, 0x61, 0x20, 0xBA, 0x03, 0x04, 0xF2, 0xB5, 0xC8, 0x40, 0x16, 0x90, 0x8A, 0x05,
  0x4B, 0x27, 0x67, 0x4E, 0x92, 0xD3, 0x20, 0x6B, 0x5C, 0xA8, 0x52, 0xCE, 0x57, 0x58, 0xEE, 0xB3, 0x2B, 0x89, 0xAB, 0x54,
  0xDF, 0x61, 0xE9, 0x1A, 0x56, 0x3D, 0x27, 0x25, 0x9B, 0x29, 0x60, 0xFE, 0x29, 0x6B, 0x75, 0xE8, 0xEB, 0x57, 0x30, 0xCA,
  0x24, 0x18, 0x6B, 0xF1, 0x8C, 0x6F, 0xCD, 0xBC, 0xF3, 0xF5, 0xB3, 0x70, 0xA9, 0xC0, 0x97, 0x81, 0xA3, 0xAC, 0x98, 0x18,
  0x23, 0x75, 0xEC, 0x22, 0x71, 0x03, 0x66, 0x1A, 0x37, 0x2C, 0xFC, 0xFA, 0x9F, 0xC7, 0x0D, 0xC8, 0x01, 0x6D, 0x6A, 0x6C,
  0x3D, 0x6E, 0x74, 0x1B, 0x52, 0x5E, 0x1A, 0x19, 0xEC, 0xB8, 0x6A, 0xA6, 0x92, 0x00, 0xAA, 0xA6, 0x97, 0x42, 0xB5, 0xEA,
  0x70, 0x06, 0xA5, 0x42, 0x81, 0xB6, 0x59, 0xF2, 0xF9, 0xAA, 0xAA, 0x84, 0xBB, 0x7C, 0x68, 0x09, 0x0D, 0x7E, 0x5E, 0xAB,
  0xCD, 0xFA, 0x40, 0x9B, 0xCC, 0x03, 0xE5, 0x8B, 0x06, 0xA6, 0x23, 0x46, 0x47, 0x01, 0x02, 0x41, 0xCD, 0xE4, 0x2E, 0x8C,
  0xDB, 0x1C, 0x66, 0xB8, 0xA2, 0xBA, 0x96, 0x62, 0xB8, 0x48, 0x7D, 0xFE, 0x49, 0x9A, 0xF4, 0x54, 0xAF, 0xDF, 0xBD, 0x7A,
  0xA5, 0xFA, 0xA0, 0xD7, 0x14, 0x66, 0xC9, 0x5C, 0xCD, 0x1A, 0xD6, 0x91, 0xDF, 0xE1, 0x37, 0x32, 0xEF, 0x5A, 0x79, 0x45,
  0x9F, 0x7F, 0x95, 0x9D, 0xE7, 0xCC, 0x4F, 0xA6, 0xA3, 0xE3, 0xB6, 0x80, 0xF1, 0x86, 0x84, 0x13, 0x9E, 0xF2, 0x51, 0x8C,
  0x5E, 0xF3, 0xB1, 0x84, 0x20, 0xE7, 0x1E, 0x6F, 0x65, 0x46, 0x58, 0xDB, 0x07, 0xE7, 0x83, 0x95, 0xB6, 0x26, 0x94, 0x9C,
  0x9A, 0x09, 0x63, 0xE4, 0x33, 0x70, 0xD3, 0x5F, 0x72, 0x91, 0xDC, 0x92, 0x54, 0x2E, 0x92, 0x8F, 0x20, 0xC3, 0xA5, 0x2D,
  0x8B, 0x3C, 0x02, 0xFD, 0x29, 0x43, 0x29, 0xF3, 0x9A, 0x61, 0x52, 0xDA, 0xD8, 0x9A, 0xC5, 0x7D, 0x8E, 0xEF, 0xBA, 0x0A,
  0x5A, 0xF5, 0x7A, 0xDA, 0xD0, 0x17, 0x85, 0x34, 0x54, 0x53, 0x28, 0xD4, 0x2F, 0x5F, 0x9A, 0xFA, 0x0D, 0x4B, 0x38, 0x77,
  0x61, 0xD6, 0x03, 0x2A, 0x1E, 0xB2, 0x45, 0x72, 0x2B, 0xA5, 0x43, 0x55, 0x30, 0x4F, 0x53, 0x4D, 0xF6, 0x94, 0xAB, 0xA2,
  0x0F, 0xEF, 0xDF, 0xC0, 0x06, 0x43, 0xB1, 0x7B, 0x04, 0x8F, 0x1C, 0xE2, 0x02, 0x5D, 0x87, 0x6F, 0xE6, 0x81, 0x0B, 0xA3,
  0x6C, 0x14, 0xD0, 0xE7, 0x3E, 0xD9, 0xA6, 0xA7, 0x30, 0x98, 0xE0, 0xAD, 0x5D, 0xD9, 0x24, 0x50, 0x77, 0x10, 0x64, 0x19,
  0x0B, 0xB6, 0x01, 0xB1, 0xF4, 0x28, 0xDB, 0x25, 0x48, 0x71, 0x8C, 0xB3, 0x43, 0x1D, 0x71, 0x04, 0xA4, 0x3C, 0xCF, 0xF1,
  0xFB, 0xED, 0xEB, 0xA0, 0xA9, 0xE7, 0xCA, 0x45, 0xE7, 0xCE, 0x9E, 0xEC, 0x60, 0xC8, 0xDF, 0x76, 0xB6, 0x67, 0xAA, 0xB3,
  0xD3, 0x42, 0x47, 0x0A, 0xB8, 0x45, 0x32, 0x48, 0x88, 0xA5, 0x8E, 0xBD, 0x49, 0x22, 0x28, 0xC6, 0x74, 0xAB, 0x03, 0x07,
  0xB4, 0x71, 0xE4, 0xD6, 0x1C, 0x41, 0x9F, 0xE6, 0xD5, 0x9F, 0x2E, 0x9F, 0x5D, 0x37, 0xF4, 0x3F, 0x5F, 0xDD, 0x9A, 0x74,
  0x4E, 0xE4, 0xF8, 0xBA, 0xB9, 0xD3, 0x2F, 0xC1, 0x24, 0x97, 0x28, 0x3C, 0x19, 0xE9, 0xA6, 0xFE, 0x8C, 0xAE, 0xE7, 0x09,
  0x5D, 0x92, 0x49, 0x75, 0x79, 0xCB, 0x2F, 0x1B, 0x74, 0xF9, 0xD7, 0xCD, 0x8A, 0x6E, 0x1A, 0x7A, 0x03, 0x37, 0x17, 0x9D,
  0xC1, 0x48, 0xDF, 0xFF, 0x89, 0xC6, 0xF8, 0xB3, 0x51, 0x70, 0x03, 0x59, 0xF2, 0x2A, 0x63, 0x89, 0x26, 0x2F, 0x91, 0xE7,
  0xD6, 0x26, 0xC7, 0xA6, 0x6A, 0x11, 0xD1, 0xAB, 0x51, 0xD9, 0x26, 0xE2, 0x4D, 0x09, 0xE2, 0xD4, 0x3D, 0x16, 0x2F, 0x8F,
  0xA2, 0x52, 0x0E, 0x20, 0x50, 0x29, 0x3B, 0x18, 0x3B, 0x79, 0xD1, 0xA6, 0x69, 0x5E, 0xCA, 0xE3, 0x3D, 0xF9, 0x94, 0xE9,
  0x0B, 0xCE, 0x8D, 0x6F, 0xE9, 0x7C, 0x50, 0xFD, 0x18, 0xCF, 0x23, 0x90, 0xE8, 0xC7, 0xDB, 0xE5, 0x54, 0xCB, 0x56, 0x58,
  0x12, 0x71, 0xE9, 0xDE, 0x0A, 0x2D, 0x75, 0x0C, 0x4E, 0x49, 0x47, 0x01, 0xE7, 0x63, 0xDE, 0x5E, 0xFA, 0xF1, 0x72, 0xB1,
  0x52, 0xE1, 0x9F, 0x32, 0x60, 0x78, 0x4F, 0xA9, 0xFE, 0x84, 0xE9, 0x53, 0xC4, 0x39, 0x44, 0x89, 0x1B, 0x54, 0xD8, 0xE5,
  0x17, 0x0B, 0x44, 0x74, 0xFE, 0xF1, 0xF7, 0xFF, 0x06, 0x09, 0xE5, 0x27, 0xA3, 0x3A, 0xE5, 0x81, 0xB7, 0x12, 0xE6, 0x68,
  0xEC, 0x3F, 0xF8, 0x21, 0x19, 0x02, 0x74, 0x9C, 0xA8, 0x7E, 0xE5, 0xAF, 0xC3, 0x2B, 0x00, 0xAA, 0x9B, 0xC0, 0x5E, 0x72,
  0xB7, 0x0A, 0x86, 0xFA, 0xFB, 0x77, 0x37, 0x1F, 0x75, 0x93, 0xC2, 0xA7, 0x28, 0x45, 0x1B, 0xEE, 0x74, 0x89, 0xC9, 0xD6,
  0x47, 0x68, 0x23, 0xF0, 0x04, 0xA1, 0x02, 0x07, 0x4F, 0x11, 0x5A, 0xAE, 0x10, 0x8B, 0x7E, 0x78, 0x68, 0x51, 0x7E, 0xB9,
  0xB5, 0x89, 0xE6, 0x6C, 0x39, 0x45, 0xBC, 0x29, 0xD0, 0xF7, 0xFC, 0x38, 0xCF, 0xA1, 0x9E, 0xAE, 0x0D, 0xEA, 0x83, 0xBF,
  0xF9, 0xE5, 0xC3, 0x6B, 0x8A, 0xFD, 0x22, 0x10, 0x8E, 0x9C, 0x92, 0x7C, 0x69, 0xEC, 0xF3, 0x28, 0x8B, 0x00, 0x2C, 0x6A,
  0xFF, 0x05, 0xEA, 0xA1, 0x29, 0x30, 0x16, 0xB5, 0x57, 0x9F, 0x8C, 0xE4, 0x0E, 0x8E, 0x11, 0xC2, 0x6B, 0x0F, 0xDA, 0x8F,
  0x74, 0x80, 0x44, 0x33, 0x10, 0x07, 0x49, 0x80, 0x65, 0x68, 0xE7, 0x94, 0x2B, 0x86, 0x45, 0x10, 0x72, 0x79, 0x1F, 0x55,
  0x6D, 0x75, 0x89, 0xC4, 0xA0, 0x4D, 0x16, 0x15, 0xBE, 0x1F, 0xE0, 0xF5, 0x02, 0xAA, 0xE9, 0xFE, 0x03, 0x88, 0xDE, 0x46,
  0x41, 0x40, 0xB3, 0x2C, 0xE1, 0x7C, 0x43, 0x1A, 0xD5, 0xB9, 0x09, 0x65, 0x02, 0xBC, 0x94, 0x60, 0xC4, 0x94, 0xA2, 0x83,
  0x42, 0xA2, 0xB5, 0x70, 0x43, 0x05, 0x1A, 0x69, 0x21, 0x4C, 0x3E, 0x95, 0x22, 0xF9, 0x71, 0xAE, 0xC5, 0x71, 0x58, 0x5B,
  0xF2, 0xAA, 0xA9, 0xF3, 0x45, 0xEA, 0x54, 0x0D, 0xA7, 0xC6, 0x5B, 0x84, 0xE6, 0xFF, 0x16, 0x0C, 0xA8, 0xF0, 0xD4, 0x58,
  0xB7, 0xF4, 0x91, 0xA2, 0x0B, 0x71, 0x6B, 0x8C, 0x4A, 0x3C, 0x5F, 0x91, 0x09, 0x04, 0xA7, 0x11, 0x39, 0xBE, 0x13, 0x11,
  0x54, 0x80, 0x74, 0x9C, 0xC7, 0xB8, 0x94, 0x83, 0xCB, 0xA6, 0x3E, 0x3E, 0x21, 0x1E, 0xEA, 0xF8, 0x46, 0x89, 0x82, 0x0D,
  0x4C, 0xDF, 0x0B, 0x6D, 0xD8, 0x16, 0x5E, 0x29, 0x8E, 0xC7, 0x75, 0x2D, 0xDB, 0xD8, 0xD1, 0x69, 0xBA, 0x34, 0x49, 0x9B,
  0x87, 0xC0, 0xF5, 0xAB, 0x34, 0xD2, 0xB5, 0x17, 0x13, 0xC4, 0x65, 0x5E, 0x91, 0x9A, 0x43, 0xE0, 0x79, 0x1C, 0xB7, 0xB3,
  0x28, 0xA6, 0x7C, 0x44, 0x73, 0x1C, 0xF2, 0x47, 0x2E, 0x2F, 0x65, 0xA3, 0x82, 0x11, 0x9F, 0x99, 0xC5, 0xCA, 0xCB, 0xD4,
  0xFA, 0x05, 0x94, 0x95, 0xC1, 0xB8, 0xAE, 0xAB, 0xF1, 0x11, 0x2B, 0x82, 0x4A, 0xD8, 0x24, 0x63, 0x9C, 0xEC, 0x7F, 0x11,
  0xAC, 0xCD, 0xD9, 0x43, 0x9E, 0xA3, 0x02, 0xA2, 0x33, 0xF0, 0x9D, 0x76, 0x14, 0xE8, 0x9C, 0x67, 0x5B, 0x2A, 0x2F, 0x5F,
  0xA3, 0x84, 0x12, 0x11, 0xB2, 0x33, 0xA1, 0x79, 0xBB, 0x4A, 0x41, 0xF1, 0x25, 0x4D, 0xA7, 0x0C, 0x86, 0x58, 0xA0, 0x6D,
  0x59, 0xA2, 0xE7, 0x2C, 0x28, 0x00, 0xA9, 0xD8, 0x6B, 0x29, 0x27, 0x91, 0xCF, 0x47, 0xC7, 0xF8, 0x92, 0x7B, 0x4B, 0xBF,
  0x4F, 0xC7, 0x85, 0x70, 0x88, 0x42, 0x0D, 0x11, 0x3C, 0xD7, 0x45, 0x10, 0x1D, 0x13, 0xBC, 0x94, 0x1F, 0xA6, 0x5F, 0xE1,
  0x60, 0x5D, 0xDC, 0x82, 0xEB, 0x64, 0x7F, 0x25, 0xB0, 0x18, 0xB7, 0x79, 0x8C, 0xBD, 0xFD, 0xF6, 0xDD, 0x0F, 0x3F, 0xDA,
  0xA6, 0x2E, 0x6B, 0xCC, 0x35, 0x19, 0xC2, 0xD2, 0x69, 0xB4, 0x70, 0xC9, 0xCF, 0x6A, 0xA6, 0x50, 0xC5, 0xC9, 0x21, 0x1C,
  0x53, 0xFF, 0x5E, 0x44, 0xBE, 0x29, 0x3A, 0x8E, 0xEE, 0xF8, 0xA2, 0x08, 0xF0, 0x61, 0xCD, 0x4A, 0x50, 0xFC, 0x4A, 0x0D,
  0x89, 0xE3, 0x34, 0xE6, 0x4F, 0x71, 0x3E, 0x6E, 0xFD, 0xD2, 0x82, 0x65, 0x8C, 0xE5, 0x74, 0xB4, 0x1F, 0xDE, 0xDE, 0x60,
  0xCC, 0x9F, 0xE9, 0x34, 0x68, 0xBA, 0x4E, 0x03, 0x43, 0x85, 0xC5, 0x29, 0x23, 0x48, 0xDA, 0x9B, 0x7A, 0xC1, 0x39, 0xA4,
  0x45, 0x49, 0x37, 0xF1, 0x4A, 0x7B, 0xF7, 0xF3, 0x8F, 0x3F, 0xD0, 0x2E, 0x5D, 0x8E, 0x95, 0xFC, 0x21, 0x6C, 0xBD, 0x0A,
  0xB5, 0x0F, 0x37, 0x37, 0xAF, 0x0B, 0xF1, 0x92, 0x94, 0x5F, 0x23, 0x38, 0x65, 0xB0, 0x8D, 0x82, 0xEF, 0x17, 0xA9, 0x59,
  0x96, 0x79, 0xF8, 0xE9, 0xA4, 0x08, 0xD5, 0x48, 0x4F, 0x1F, 0x1F, 0x25, 0x1E, 0x52, 0x22, 0x3C, 0x6D, 0x01, 0x6B, 0x22,
  0x5C, 0xC2, 0x37, 0xFD, 0xFD, 0xC7, 0x37, 0x3F, 0x8F, 0x69, 0x15, 0xB9, 0xFE, 0x22, 0xBD, 0x52, 0xCB, 0x1C, 0x5F, 0x31,
  0x62, 0x4D, 0x5C, 0xEC, 0x17, 0xEE, 0x34, 0x93, 0xEB, 0x8B, 0x32, 0x60, 0xA8, 0x55, 0x91, 0xAE, 0x11, 0x5A, 0xA2, 0x9D,
  0xC6, 0x77, 0xF6, 0x8F, 0x4A, 0x4A, 0x88, 0xF8, 0x9B, 0x43, 0x02, 0xB5, 0xD6, 0x2C, 0xBC, 0x33, 0x3B, 0x24, 0x16, 0xA3,
  0x47, 0xEA, 0xE1, 0xD9, 0xE5, 0x9C, 0x06, 0xD7, 0x78, 0x22, 0xDF, 0xC5, 0x33, 0x55, 0x26, 0x36, 0x29, 0xF2, 0x6C, 0x53,
  0x75, 0x9B, 0x56, 0xB2, 0x8F, 0x45, 0xFA, 0x3D, 0x3B, 0xCA, 0xFB, 0xB9, 0xFC, 0x1D, 0xEA, 0x74, 0x94, 0xB6, 0x3E, 0x3A,
  0xF3, 0x64, 0xEF, 0x74, 0x38, 0xA9, 0xBD, 0xF8, 0x18, 0xD9, 0xC3, 0x7C, 0xF4, 0x7C, 0x38, 0x6C, 0x5E, 0xD1, 0xF6, 0x86,
  0x37, 0x58, 0x45, 0x2F, 0xE6, 0xF3, 0xA6, 0xAE, 0x66, 0x68, 0x81, 0x51, 0x70, 0xF0, 0x8F, 0xD0, 0xAF, 0xF2, 0xBB, 0x9F,
  0xF1, 0xF5, 0x4E, 0x5C, 0x80, 0x4B, 0x93, 0x17, 0x09, 0xEC, 0x43, 0xDC, 0x42, 0xE8, 0xD5, 0xAC, 0x9F, 0x6E, 0x4A, 0xBB,
  0x91, 0xCF, 0x05, 0x3E, 0x38, 0xDC, 0x83, 0xFB, 0xA3, 0xBA, 0xC9, 0x1B, 0x3E, 0xD7, 0x65, 0x76, 0x11, 0xF4, 0xA1, 0x35,
  0x8B, 0x73, 0x26, 0x80, 0x80, 0xFC, 0x31, 0x6F, 0x27, 0x9F, 0x67, 0xC3, 0xE6, 0x24, 0x97, 0xC3, 0x7C, 0x5D, 0x52, 0xF1,
  0x3F, 0x4E, 0x25, 0x15, 0x7F, 0x20, 0x58, 0x94, 0x9C, 0x22, 0x20, 0xFA, 0x67, 0xA7, 0x2D, 0xF5, 0xCC, 0x82, 0xA1, 0xD3,
  0xE7, 0x0F, 0x6F, 0xC6, 0xC5, 0xF3, 0xE7, 0x53, 0xCB, 0x35, 0xF1, 0x0D, 0xFA, 0xD3, 0x4E, 0x4F, 0xA3, 0x97, 0x68, 0x91,
  0x47, 0x6A, 0x00, 0x7C, 0x79, 0x24, 0x3B, 0xCF, 0x02, 0x65, 0xEC, 0x48, 0x5B, 0x6D, 0xE1, 0xC0, 0xF9, 0xF8, 0xD0, 0x81,
  0xF3, 0x66, 0xCA, 0x4F, 0x8A, 0xC5, 0xB1, 0x57, 0x4D, 0x8A, 0x42, 0x92, 0x77, 0xA7, 0x48, 0xC0, 0x99, 0x4C, 0xAC, 0x08,
  0x01, 0x67, 0xFE, 0xA1, 0xBC, 0x35, 0x09, 0xA3, 0x30, 0x1A, 0x0E, 0x06, 0x2A, 0xE3, 0x54, 0x7F, 0xF3, 0x6A, 0x5A, 0xF0,
  0x2A, 0x16, 0xC8, 0x2F, 0xE9, 0x94, 0x1F, 0x1A, 0xB6, 0x72, 0x76, 0xBE, 0x02, 0x9C, 0x68, 0x08, 0x93, 0xF0, 0x5F, 0xC9,
  0x7C, 0x31, 0x45, 0x30, 0x13, 0x84, 0x78, 0xF4, 0xD5, 0x0B, 0x80, 0x15, 0xC9, 0xE1, 0x36, 0x2B, 0x01, 0x51, 0x34, 0xD9,
  0xAC, 0xF9, 0x17, 0x06, 0x8A, 0x6E, 0x23, 0x43, 0x87, 0x34, 0x9E, 0x5C, 0xD6, 0x82, 0x70, 0xFA, 0x86, 0x17, 0xAC, 0xE8,
  0x4D, 0x5E, 0xC8, 0x39, 0xD4, 0xF8, 0x8F, 0xC1, 0xF3, 0xAA, 0x4D, 0x19, 0x3C, 0x19, 0x6A, 0x14, 0xF0, 0x36, 0x20, 0xA1,
  0xBC, 0x03, 0x8B, 0xBF, 0x7C, 0xA9, 0x1B, 0xE0, 0xC0, 0xE7, 0x1F, 0x9A, 0xFC, 0xFE, 0x23, 0xEF, 0xAE, 0x6E, 0xBC, 0xA2,
  0x9E, 0x40, 0xC6, 0xA3, 0x23, 0xF2, 0x6D, 0x2C, 0xF3, 0x33, 0xFE, 0x6D, 0xC7, 0x56, 0xAE, 0x39, 0x0E, 0xC6, 0x89, 0x17,
  0x00, 0x36, 0x27, 0x81, 0x54, 0x73, 0xA2, 0x58, 0x60, 0x2C, 0x90, 0x8C, 0x18, 0x1F, 0x58, 0x19, 0xAE, 0xD3, 0x2A, 0x86,
  0xE9, 0x7C, 0x79, 0x59, 0xF7, 0x14, 0x8A, 0x48, 0x2D, 0x33, 0x90, 0xD6, 0xA6, 0x1C, 0x87, 0x23, 0x4C, 0x40, 0x09, 0x06,
  0xE3, 0xBF, 0x6D, 0x9E, 0x63, 0x81, 0x39, 0x4E, 0xD3, 0xBF, 0x47, 0x69, 0x3A, 0x0E, 0xB3, 0xDD, 0x36, 0xF5, 0xAC, 0x2A,
  0x8E, 0xAC, 0xCF, 0x73, 0x1A, 0x6E, 0xB3, 0x86, 0x7C, 0xFD, 0x7B, 0x69, 0x24, 0xCA, 0x47, 0x72, 0xFE, 0xD1, 0x67, 0xB9,
  0x12, 0x84, 0x4F, 0xF0, 0xF3, 0x6F, 0xA3, 0x6D, 0xE1, 0xFE, 0x8F, 0x1C, 0x56, 0x8E, 0x39, 0x43, 0xE0, 0x4F, 0x7A, 0x09,
  0x2F, 0x96, 0xA1, 0xB0, 0x8A, 0x5E, 0xD1, 0xD3, 0x26, 0x45, 0xD2, 0x77, 0x12, 0xC1, 0xBC, 0x8B, 0x98, 0x05, 0x21, 0x63,
  0x09, 0x6A, 0x88, 0xCA, 0x16, 0xA8, 0x37, 0x2E, 0x6C, 0x05, 0x1F, 0x8F, 0x6A, 0x86, 0xC6, 0xB2, 0x11, 0x90, 0xF6, 0x3D,
  0x19, 0x15, 0x60, 0xEB, 0x97, 0x7C, 0xFA, 0x0F, 0x74, 0x0E, 0x5D, 0x69, 0xB9, 0xE0, 0xBC, 0x3A, 0xA4, 0x98, 0x87, 0x9C,
  0xC4, 0xE6, 0xE7, 0x16, 0xCD, 0xD1, 0xA6, 0x23, 0x66, 0x8D, 0x2B, 0x7E, 0xC9, 0xB3, 0x57, 0x3C, 0x57, 0x4A, 0x31, 0x14,
  0xFD, 0x9C, 0x09, 0xB6, 0x47, 0x26, 0xD8, 0x8A, 0x09, 0xE8, 0xB3, 0x46, 0x31, 0xBE, 0x28, 0xD6, 0x51, 0x26, 0xD8, 0x1B,
  0x7B, 0x13, 0xC7, 0xCE, 0xC5, 0xF4, 0x79, 0xCE, 0x90, 0x64, 0x7F, 0x6F, 0x9C, 0xC1, 0x7E, 0x14, 0x0E, 0xF9, 0xE7, 0x70,
  0x9F, 0x1C, 0xE6, 0xF2, 0x32, 0x65, 0x43, 0xAE, 0x62, 0xA9, 0x0C, 0x42, 0x2A, 0x0F, 0x5E, 0x22, 0xCF, 0x82, 0x8F, 0x7C,
  0x28, 0x03, 0x7E, 0x58, 0xFA, 0xB9, 0xDA, 0x49, 0xD6, 0x3C, 0xAF, 0xE5, 0x56, 0xC0, 0x21, 0x79, 0x71, 0x9C, 0x72, 0xA3,
  0xA1, 0xF2, 0xEB, 0x3E, 0xD5, 0x92, 0x87, 0x74, 0x4D, 0x59, 0x1D, 0xFD, 0x9C, 0xD6, 0x2D, 0x65, 0x2E, 0x20, 0x4A, 0x8E,
  0xC6, 0xF5, 0x06, 0x02, 0xD0, 0x92, 0x95, 0x39, 0x49, 0x89, 0x44, 0x63, 0x55, 0x75, 0x60, 0xBE, 0x64, 0x2C, 0x15, 0x91,
  0xF8, 0xC6, 0xEA, 0x8F, 0xA6, 0xC2, 0xE1, 0xF4, 0xFA, 0x1A, 0x35, 0x14, 0xE8, 0x25, 0x22, 0x27, 0x44, 0x3E, 0xA2, 0x65,
  0x53, 0x57, 0x0B, 0xB9, 0x30, 0xF6, 0x61, 0x25, 0xCF, 0x47, 0x15, 0x69, 0x28, 0x52, 0x03, 0x42, 0xCC, 0x24, 0x08, 0x67,
  0x4B, 0x9B, 0x58, 0x29, 0xCE, 0x9D, 0xA0, 0xFA, 0xD7, 0x12, 0xC0, 0x04, 0xA8, 0x7C, 0xF3, 0xCC, 0xF6, 0xBE, 0x7C, 0x49,
  0xAF, 0x09, 0xF8, 0x56, 0xA7, 0x04, 0xBB, 0xA0, 0x55, 0x05, 0xFC, 0xD4, 0xD9, 0x92, 0x7D, 0xAF, 0x1D, 0xEF, 0xF2, 0x32,
  0xBD, 0xA6, 0x71, 0x9E, 0x76, 0xCE, 0xC0, 0x01, 0x47, 0xA6, 0xEC, 0x55, 0x23, 0x0C, 0x92, 0xC6, 0x0A, 0x01, 0x0B, 0xB6,
  0xE8, 0x95, 0xAC, 0x53, 0xBB, 0x12, 0xFF, 0x4F, 0x39, 0xFF, 0x07, 0x2C, 0x43, 0xE1, 0xF2, 0x41, 0x67, 0x00, 0x00,
};

static const size_t STATUS_PAGE_LEN = sizeof(STATUS_PAGE);


// =====================================================
// Helpers
// =====================================================

String jsonEscape(String s) {
  s.replace("\\", "\\\\");
  s.replace("\"", "\\\"");
  s.replace("\r", "\\r");
  s.replace("\n", "\\n");
  return s;
}

String uint64ToString(uint64_t value) {
  char buf[32];

  snprintf(
    buf,
    sizeof(buf),
    "%llu",
    (unsigned long long)value
  );

  return String(buf);
}

String fieldAt(const String &s, int index) {
  int start = 0;
  int current = 0;

  while (true) {
    int end = s.indexOf('|', start);

    if (current == index) {
      if (end < 0) return s.substring(start);
      return s.substring(start, end);
    }

    if (end < 0) return "";

    start = end + 1;
    current++;
  }
}

String normalizeUsername(String username) {
  username.trim();
  username.toLowerCase();
  return username;
}

bool validUsername(const String &username) {
  if (username.length() < 3 || username.length() > 24) return false;

  for (size_t i = 0; i < username.length(); i++) {
    char c = username[i];
    bool alpha = c >= 'a' && c <= 'z';
    bool digit = c >= '0' && c <= '9';
    bool mark = c == '_' || c == '-' || c == '.';
    if (!alpha && !digit && !mark) return false;
    if (i == 0 && !alpha && !digit) return false;
  }

  return true;
}

bool isHexString(const String &value, size_t expectedLength) {
  if (value.length() != expectedLength) return false;
  for (size_t i = 0; i < value.length(); i++) {
    char c = value[i];
    if (!((c >= '0' && c <= '9') || (c >= 'a' && c <= 'f'))) return false;
  }
  return true;
}

bool hexToBytes(const String &hex, uint8_t *bytes, size_t byteCount) {
  if (!isHexString(hex, byteCount * 2)) return false;
  for (size_t i = 0; i < byteCount; i++) {
    char pair[3] = {hex[i * 2], hex[i * 2 + 1], '\0'};
    bytes[i] = (uint8_t)strtoul(pair, nullptr, 16);
  }
  return true;
}

String bytesToHex(const uint8_t *bytes, size_t byteCount) {
  static const char HEX_DIGITS[] = "0123456789abcdef";
  String result;
  result.reserve(byteCount * 2);
  for (size_t i = 0; i < byteCount; i++) {
    result += HEX_DIGITS[(bytes[i] >> 4) & 0x0F];
    result += HEX_DIGITS[bytes[i] & 0x0F];
  }
  return result;
}

String makeRandomSaltHex() {
  uint8_t salt[16];
  for (size_t i = 0; i < sizeof(salt); i++) {
    salt[i] = (uint8_t)(esp_random() & 0xFF);
  }
  String result = bytesToHex(salt, sizeof(salt));
  memset(salt, 0, sizeof(salt));
  return result;
}

bool derivePasswordHash(
  const String &password,
  const String &saltHex,
  String &hashHex
) {
  uint8_t salt[16];
  uint8_t derived[32];
  if (!hexToBytes(saltHex, salt, sizeof(salt))) return false;

  int result = mbedtls_pkcs5_pbkdf2_hmac_ext(
    MBEDTLS_MD_SHA256,
    (const unsigned char*)password.c_str(),
    password.length(),
    salt,
    sizeof(salt),
    USER_PASSWORD_ITERATIONS,
    sizeof(derived),
    derived
  );

  if (result == 0) hashHex = bytesToHex(derived, sizeof(derived));
  memset(salt, 0, sizeof(salt));
  memset(derived, 0, sizeof(derived));
  return result == 0;
}

bool passwordMatches(const String &password, const String &saltHex, const String &expectedHex) {
  if (!isHexString(expectedHex, 64)) return false;
  String actualHex;
  if (!derivePasswordHash(password, saltHex, actualHex)) return false;

  uint8_t diff = 0;
  for (size_t i = 0; i < expectedHex.length(); i++) {
    diff |= (uint8_t)(expectedHex[i] ^ actualHex[i]);
  }
  return diff == 0;
}

String nasUserKey(int slot) {
  return "u" + String(slot);
}

bool loadStoredNasUser(int slot, StoredNasUser &user) {
  user.valid = false;
  if (slot < 0 || slot >= MAX_NAS_USERS) return false;
  if (!userPrefs.begin("swusers", true)) return false;

  String key = nasUserKey(slot);
  String record = userPrefs.getString(key.c_str(), "");
  userPrefs.end();
  if (record.length() == 0) return false;

  user.username = fieldAt(record, 2);
  user.status = fieldAt(record, 1);
  user.saltHex = fieldAt(record, 3);
  user.passwordHashHex = fieldAt(record, 4);
  if (
    fieldAt(record, 0) != "U1" ||
    (user.status != "pending" && user.status != "active") ||
    !validUsername(user.username) ||
    !isHexString(user.saltHex, 32) ||
    !isHexString(user.passwordHashHex, 64) ||
    fieldAt(record, 5).length() > 0
  ) {
    return false;
  }

  user.valid = true;
  return true;
}

bool saveStoredNasUser(int slot, const StoredNasUser &user) {
  if (slot < 0 || slot >= MAX_NAS_USERS || !user.valid) return false;
  if (!userPrefs.begin("swusers", false)) return false;

  String key = nasUserKey(slot);
  String record = "U1|" + user.status + "|" + user.username + "|" +
                  user.saltHex + "|" + user.passwordHashHex;
  size_t written = userPrefs.putString(key.c_str(), record);
  userPrefs.end();
  return written > 0;
}

bool removeStoredNasUser(int slot) {
  if (slot < 0 || slot >= MAX_NAS_USERS) return false;
  if (!userPrefs.begin("swusers", false)) return false;
  String key = nasUserKey(slot);
  bool removed = userPrefs.remove(key.c_str());
  userPrefs.end();
  return removed;
}

int findStoredNasUser(const String &username, StoredNasUser &user) {
  for (int slot = 0; slot < MAX_NAS_USERS; slot++) {
    StoredNasUser candidate;
    if (loadStoredNasUser(slot, candidate) && candidate.username == username) {
      user = candidate;
      return slot;
    }
  }
  return -1;
}

int findFreeNasUserSlot() {
  for (int slot = 0; slot < MAX_NAS_USERS; slot++) {
    StoredNasUser candidate;
    if (!loadStoredNasUser(slot, candidate)) return slot;
  }
  return -1;
}

uint8_t countNasUsersWithStatus(const String &status) {
  uint8_t count = 0;
  for (int slot = 0; slot < MAX_NAS_USERS; slot++) {
    StoredNasUser user;
    if (loadStoredNasUser(slot, user) && user.status == status) count++;
  }
  return count;
}

bool parseIPv4(const String &text, IPAddress &result) {
  int a, b, c, d;

  if (
    sscanf(
      text.c_str(),
      "%d.%d.%d.%d",
      &a,
      &b,
      &c,
      &d
    ) != 4
  ) {
    return false;
  }

  if (
    a < 0 || a > 255 ||
    b < 0 || b > 255 ||
    c < 0 || c > 255 ||
    d < 0 || d > 255
  ) {
    return false;
  }

  result = IPAddress(a, b, c, d);
  return true;
}

// =====================================================
// Authentication
// =====================================================

String getRequestSessionToken() {
  String cookie = server.header("Cookie");
  const String key = "SWIFTWING_SESSION=";

  int start = cookie.indexOf(key);
  if (start < 0) {
    return "";
  }

  start += key.length();

  int end = cookie.indexOf(';', start);
  if (end < 0) {
    end = cookie.length();
  }

  String token = cookie.substring(start, end);
  token.trim();
  return token;
}

int findSessionSlot(const String &token) {
  if (token.length() == 0) {
    return -1;
  }

  for (int i = 0; i < MAX_SESSIONS; i++) {
    if (
      sessions[i].token.length() > 0 &&
      sessions[i].token == token
    ) {
      return i;
    }
  }

  return -1;
}

bool isAuthenticated() {
  return currentSessionSlot() >= 0;
}

int currentSessionSlot() {
  String token = getRequestSessionToken();
  int slot = findSessionSlot(token);
  if (slot >= 0) sessions[slot].lastSeen = millis();
  return slot;
}

bool isAdminAuthenticated() {
  int slot = currentSessionSlot();
  return slot >= 0 && sessions[slot].isAdmin;
}

String makeSessionToken() {
  char buf[33];

  snprintf(
    buf,
    sizeof(buf),
    "%08lx%08lx%08lx%08lx",
    (unsigned long)esp_random(),
    (unsigned long)esp_random(),
    (unsigned long)esp_random(),
    (unsigned long)esp_random()
  );

  return String(buf);
}

int allocateSessionSlot() {
  // Prefer a free slot first.
  for (int i = 0; i < MAX_SESSIONS; i++) {
    if (sessions[i].token.length() == 0) {
      return i;
    }
  }

  // If all 8 slots are occupied, replace the least recently used session.
  int oldestSlot = 0;
  unsigned long oldestSeen = sessions[0].lastSeen;

  for (int i = 1; i < MAX_SESSIONS; i++) {
    if ((long)(sessions[i].lastSeen - oldestSeen) < 0) {
      oldestSeen = sessions[i].lastSeen;
      oldestSlot = i;
    }
  }

  return oldestSlot;
}

String createSession(const String &username, bool isAdmin) {
  int slot = allocateSessionSlot();

  sessions[slot].token = makeSessionToken();
  sessions[slot].username = username;
  sessions[slot].isAdmin = isAdmin;
  sessions[slot].lastSeen = millis();

  return sessions[slot].token;
}

void clearSessionsForUser(const String &username) {
  for (int i = 0; i < MAX_SESSIONS; i++) {
    if (sessions[i].username == username && sessions[i].token.length() > 0) {
      sessions[i].token = "";
      sessions[i].username = "";
      sessions[i].isAdmin = false;
      sessions[i].lastSeen = 0;
    }
  }
}

void removeCurrentSession() {
  String token = getRequestSessionToken();
  int slot = findSessionSlot(token);

  if (slot >= 0) {
    sessions[slot].token = "";
    sessions[slot].username = "";
    sessions[slot].isAdmin = false;
    sessions[slot].lastSeen = 0;
  }
}

void redirectTo(const String &location) {
  server.sendHeader("Location", location);
  server.send(303, "text/plain", "");
}

void handleLoginPage() {
  static const uint8_t LOGIN_PAGE[] PROGMEM = {
  0x1F, 0x8B, 0x08, 0x00, 0x00, 0x00, 0x00, 0x00, 0x02, 0xFF, 0xDD, 0x7D, 0xDB, 0x92, 0xDB, 0xC8, 0xB5, 0xE5, 0xBB, 0xBE,
  0x02, 0x5D, 0x0A, 0x35, 0xC9, 0x3E, 0x20, 0x0B, 0x77, 0x80, 0xA4, 0xAA, 0xEC, 0x6A, 0xB5, 0xD4, 0x56, 0x4C, 0x4B, 0xAD,
  0x50, 0xA9, 0x6D, 0xF7, 0x71, 0x74, 0x4C, 0x80, 0x04, 0x58, 0x45, 0x8B, 0x37, 0x83, 0x64, 0x55, 0xD1, 0x14, 0x23, 0xCE,
  0xD3, 0x3C, 0x9F, 0x13, 0xF3, 0x70, 0xFE, 0x60, 0x7E, 0xC1, 0xEF, 0xFE, 0x14, 0x7F, 0xC9, 0xAC, 0x9D, 0x17, 0x20, 0x13,
  0x00, 0x2F, 0xA5, 0x56, 0x47, 0x4C, 0x4C, 0xD8, 0xEA, 0x22, 0xC1, 0xBC, 0xEC, 0xDC, 0xB9, 0xEF, 0x7B, 0x67, 0xE2, 0xF9,
  0x57, 0xC9, 0x7C, 0xB8, 0xDA, 0x2C, 0x52, 0xE3, 0x76, 0x35, 0x9D, 0x5C, 0x3E, 0x79, 0x2E, 0xFF, 0xA4, 0x71, 0x82, 0x3F,
  0xD3, 0x74, 0x15, 0x1B, 0xC3, 0xDB, 0x38, 0x5B, 0xA6, 0xAB, 0x8B, 0xB3, 0xF5, 0x6A, 0xD4, 0x8E, 0xCE, 0xE4, 0xE3, 0x59,
  0x3C, 0x4D, 0x2F, 0xCE, 0xEE, 0xC6, 0xE9, 0xFD, 0x62, 0x9E, 0xAD, 0xCE, 0x8C, 0xE1, 0x7C, 0xB6, 0x4A, 0x67, 0x68, 0x76,
  0x3F, 0x4E, 0x56, 0xB7, 0x17, 0x49, 0x7A, 0x37, 0x1E, 0xA6, 0x6D, 0xF6, 0xC5, 0x1C, 0xCF, 0xC6, 0xAB, 0x71, 0x3C, 0x69,
  0x2F, 0x87, 0xF1, 0x24, 0xBD, 0xB0, 0x4B, 0x63, 0xAC, 0x6E, 0xD3, 0x69, 0xDA, 0x1E, 0xCE, 0x27, 0xF3, 0xEC, 0xCC, 0x18,
  0x27, 0xE2, 0xC1, 0x0B, 0xFA, 0xFE, 0x06, 0xAD, 0x94, 0xA1, 0x9F, 0x5A, 0x81, 0x35, 0xB0, 0x43, 0xEA, 0xBF, 0x1A, 0xAF,
  0x26, 0xE9, 0xE5, 0xF5, 0xFD, 0x78, 0xB4, 0xBA, 0x1F, 0xCF, 0x6E, 0x8C, 0xB7, 0x57, 0xD7, 0xC6, 0x3F, 0xFF, 0x61, 0x5C,
  0x0D, 0x87, 0xE9, 0x72, 0xF9, 0xFC, 0x9C, 0xFF, 0xFC, 0xE4, 0xF9, 0x72, 0x98, 0x8D, 0x17, 0xAB, 0xCB, 0x55, 0xB6, 0xD9,
  0x8E, 0x47, 0xCD, 0xC9, 0x1C, 0x00, 0x5C, 0xAF, 0xE6, 0x59, 0x7C, 0x93, 0x76, 0x6E, 0xD2, 0xD5, 0xEB, 0x55, 0x3A, 0x6D,
  0x36, 0x96, 0x72, 0x90, 0x36, 0x9B, 0xB8, 0xD1, 0xBA, 0xB8, 0xB8, 0x68, 0x4C, 0xC6, 0x37, 0xB7, 0xAB, 0x46, 0x0B, 0xE8,
  0x59, 0x4F, 0x31, 0x77, 0x47, 0x7E, 0x78, 0x39, 0x49, 0xF9, 0xF7, 0x78, 0x15, 0x03, 0x2B, 0x1D, 0xD6, 0x45, 0x36, 0xDF,
  0x0D, 0xE3, 0xD5, 0xF0, 0xB6, 0x99, 0xB6, 0xB6, 0xBB, 0xE7, 0xE7, 0x62, 0x6A, 0xC0, 0xB0, 0xDA, 0x10, 0x2C, 0xBF, 0x17,
  0x88, 0x34, 0xCE, 0x7E, 0xFA, 0xF0, 0x0A, 0x88, 0xEC, 0x3F, 0xF9, 0x66, 0x3B, 0x98, 0x3F, 0xB4, 0x97, 0xE3, 0xBF, 0x63,
  0xEE, 0xDE, 0x60, 0x9E, 0x25, 0x69, 0xD6, 0xC6, 0x93, 0xDD, 0x93, 0x5E, 0x36, 0x9F, 0xAF, 0xB6, 0x0C, 0x23, 0xC0, 0x19,
  0xCD, 0xD0, 0x4B, 0xE2, 0xEC, 0x63, 0xBF, 0xDD, 0x1E, 0xDC, 0xF4, 0x04, 0x12, 0xF0, 0x65, 0x11, 0xCF, 0xD2, 0x09, 0xBE,
  0x0F, 0x6C, 0xCF, 0xF1, 0xF1, 0x7D, 0x95, 0x3E, 0xAC, 0x7A, 0x4F, 0xD3, 0x30, 0x4D, 0x47, 0x23, 0x7C, 0x9D, 0xAE, 0x57,
  0x69, 0xD2, 0x7B, 0x1A, 0x85, 0x5D, 0x7F, 0x60, 0xE1, 0xFB, 0x64, 0x3C, 0x4B, 0x7B, 0x4F, 0x9D, 0xD0, 0x0D, 0x7D, 0x97,
  0x86, 0x9A, 0xAC, 0xF1, 0xD5, 0xF7, 0xC3, 0x30, 0x19, 0xED, 0x9E, 0xD0, 0xC6, 0x9B, 0x83, 0x79, 0xB2, 0xD9, 0x4E, 0xC7,
  0xB3, 0xF6, 0x6D, 0x4A, 0xEB, 0xE9, 0xD9, 0x96, 0xF5, 0xAC, 0x3F, 0x8D, 0xB3, 0x9B, 0xF1, 0xAC, 0x67, 0xED, 0x9E, 0xB0,
  0x9F, 0x17, 0xF3, 0x25, 0x36, 0x73, 0x3E, 0xEB, 0x65, 0xE9, 0x24, 0x5E, 0x8D, 0xEF, 0xD2, 0xFE, 0x78, 0x39, 0xA7, 0x4F,
  0x78, 0xC4, 0x3F, 0xA5, 0xFD, 0x41, 0x3C, 0xFC, 0x78, 0x93, 0xCD, 0xD7, 0xB3, 0x24, 0x87, 0x96, 0x2D, 0xA6, 0x77, 0x17,
  0x67, 0x4D, 0x0E, 0x67, 0xAB, 0x3F, 0xC2, 0xAE, 0xB6, 0x47, 0xF1, 0x74, 0x3C, 0xD9, 0xF4, 0x5E, 0x63, 0x83, 0x33, 0xB3,
  0x1D, 0x2F, 0x16, 0x93, 0xB4, 0xBD, 0xDC, 0x2C, 0xB1, 0x2F, 0xE6, 0xB7, 0x80, 0xF7, 0xE3, 0x9B, 0x78, 0x78, 0xCD, 0xBE,
  0xBE, 0x42, 0x6B, 0xF3, 0xEC, 0x3A, 0xBD, 0x99, 0xA7, 0xC6, 0x4F, 0xAF, 0xCF, 0xCC, 0xAB, 0x0C, 0x04, 0x65, 0x2E, 0xE3,
  0xD9, 0xB2, 0xBD, 0x4C, 0xB3, 0xF1, 0x88, 0x43, 0xD7, 0x1B, 0xA4, 0xA3, 0x79, 0x96, 0x6E, 0x05, 0xC5, 0xF4, 0xCE, 0xCE,
  0xFA, 0x39, 0xBC, 0xA3, 0xF1, 0x43, 0x9A, 0xF4, 0xC7, 0x33, 0x6C, 0x41, 0xCF, 0xEA, 0xFF, 0xBD, 0x3D, 0x9E, 0x25, 0xE9,
  0x43, 0xAF, 0x6D, 0xA3, 0xC5, 0x98, 0xA6, 0x6F, 0xA7, 0x77, 0xE8, 0xB2, 0xEC, 0xCD, 0xE6, 0xB3, 0xB4, 0x3F, 0x5F, 0xC4,
  0xC3, 0xF1, 0x6A, 0xD3, 0xEB, 0x38, 0x9E, 0xB2, 0x9A, 0xF6, 0x78, 0x0A, 0xCA, 0xE9, 0x11, 0x22, 0xE3, 0xAC, 0x7D, 0x93,
  0xC5, 0xC9, 0x18, 0x5D, 0x9A, 0xD9, 0xCD, 0x20, 0x6E, 0x02, 0x57, 0xA6, 0xED, 0xE2, 0x5F, 0xD7, 0x37, 0x3B, 0x76, 0xCB,
  0xB0, 0x17, 0x0F, 0xE6, 0x2A, 0x03, 0x7C, 0x8B, 0x38, 0x43, 0x23, 0xFA, 0xDE, 0x32, 0xCB, 0x3D, 0xBB, 0x56, 0x92, 0xDE,
  0x98, 0x27, 0xF7, 0x57, 0x41, 0x01, 0xD9, 0xA4, 0x3D, 0x2F, 0x5A, 0x3C, 0x18, 0xF4, 0x1F, 0xB1, 0xFC, 0x78, 0x84, 0x85,
  0x3C, 0x66, 0xF5, 0x4E, 0xED, 0xEA, 0x95, 0xFD, 0x23, 0x48, 0xC1, 0xB9, 0x39, 0xC4, 0xE9, 0x64, 0x32, 0x5E, 0x2C, 0x53,
  0x23, 0x5E, 0x19, 0xA1, 0xF5, 0xCC, 0x70, 0xFC, 0x67, 0x1C, 0x7C, 0x3F, 0x34, 0x23, 0xD7, 0xB4, 0x03, 0x17, 0xC0, 0x47,
  0x2D, 0x0D, 0x72, 0x37, 0x7A, 0xD6, 0x32, 0x0F, 0x8C, 0xE3, 0xFA, 0xCF, 0x8C, 0x48, 0x8E, 0x13, 0x86, 0xA6, 0x0F, 0x24,
  0x38, 0xA1, 0xD9, 0xB1, 0xCA, 0xE3, 0x78, 0xCF, 0x5A, 0xBB, 0x27, 0x9D, 0xFB, 0x2C, 0x5E, 0x94, 0x88, 0xF4, 0xEE, 0xB6,
  0x9F, 0x8C, 0x97, 0x8B, 0x49, 0xBC, 0xE9, 0x8D, 0x26, 0xE9, 0x43, 0x3F, 0x06, 0x3B, 0xCE, 0xDA, 0x63, 0x90, 0xCD, 0xB2,
  0x37, 0x4C, 0x69, 0x79, 0xFD, 0xBF, 0xAE, 0x97, 0xAB, 0xF1, 0x68, 0xD3, 0x96, 0xB8, 0x11, 0x8F, 0x17, 0x71, 0x92, 0x10,
  0xF7, 0x39, 0x01, 0xE1, 0xB0, 0x33, 0x8C, 0xB3, 0x64, 0xCB, 0x64, 0x56, 0x0F, 0x33, 0x34, 0xA3, 0xC8, 0xC2, 0x2E, 0x10,
  0x17, 0xB4, 0xFA, 0xCA, 0x8C, 0x9E, 0x87, 0xC7, 0xF9, 0x8C, 0x37, 0xD9, 0x38, 0xE9, 0xD3, 0x7F, 0x40, 0xD7, 0xD3, 0x05,
  0xD1, 0x3F, 0xC9, 0xB2, 0xF5, 0x74, 0xB6, 0xEC, 0xD9, 0xA3, 0xCC, 0xE8, 0x74, 0x47, 0x99, 0x86, 0x50, 0x5A, 0x65, 0xD7,
  0xB4, 0x43, 0xD3, 0x75, 0xCC, 0x4E, 0xD7, 0xC7, 0xA6, 0x32, 0xCE, 0xEF, 0x61, 0x83, 0x0D, 0xF0, 0xCF, 0x38, 0x31, 0x9E,
  0x3A, 0x89, 0x67, 0x07, 0x7E, 0x9F, 0x49, 0x87, 0xDB, 0x38, 0x99, 0xDF, 0xF7, 0x2C, 0xC3, 0xA1, 0xAD, 0x26, 0x78, 0x0C,
  0x36, 0x82, 0x65, 0xD2, 0xFF, 0x3A, 0xAE, 0x43, 0x28, 0x99, 0xCC, 0xC1, 0xA1, 0xEF, 0x68, 0xEA, 0x1A, 0xF6, 0x9C, 0xDF,
  0xA5, 0xD9, 0x68, 0x82, 0x31, 0x6E, 0xC7, 0x49, 0x92, 0xCE, 0xAA, 0x0B, 0x91, 0x38, 0x70, 0x1D, 0x7C, 0x51, 0x20, 0x2D,
  0x13, 0xAB, 0xED, 0xF9, 0x44, 0xAD, 0x4F, 0xAD, 0xC4, 0x8E, 0x5D, 0x0F, 0x7F, 0xBB, 0xB6, 0xE3, 0x38, 0x46, 0x18, 0x3C,
  0x93, 0x6B, 0x68, 0x67, 0x7C, 0x47, 0xF2, 0x95, 0x70, 0x7E, 0xA7, 0x81, 0x5A, 0xFA, 0x0E, 0xD1, 0x7F, 0xDA, 0xC9, 0x38,
  0x4B, 0x87, 0x0C, 0x58, 0x8E, 0xB0, 0xCA, 0x26, 0x61, 0xE7, 0xA1, 0x43, 0x06, 0xE9, 0xEA, 0x3E, 0x4D, 0x67, 0xDA, 0x3A,
  0x0F, 0x50, 0x7A, 0x3C, 0xC0, 0xDC, 0x10, 0x7D, 0x7D, 0x0E, 0x4C, 0x3B, 0x00, 0xE2, 0xFA, 0xAB, 0xF9, 0xA2, 0x17, 0x7A,
  0xF8, 0xC0, 0x37, 0xD7, 0x09, 0x69, 0xE1, 0x02, 0x0B, 0xFC, 0x4B, 0x65, 0x17, 0x04, 0x57, 0x62, 0xAB, 0xDC, 0xD0, 0x74,
  0x2C, 0xDB, 0xEC, 0x38, 0x7E, 0xB1, 0x50, 0xE0, 0x64, 0xBD, 0xEC, 0xF9, 0x90, 0x8F, 0xDA, 0x2E, 0xD1, 0xFF, 0xD8, 0x4E,
  0x55, 0x7B, 0x5B, 0xAE, 0xDF, 0x32, 0x79, 0x0B, 0x82, 0xA4, 0xAE, 0x05, 0x26, 0x90, 0xAB, 0xFC, 0x16, 0x84, 0x9F, 0x6C,
  0x8F, 0x51, 0xF5, 0x4D, 0xBC, 0xE8, 0xD9, 0xB4, 0x6D, 0xD5, 0x6D, 0x97, 0x2C, 0x6E, 0xEF, 0xF8, 0x80, 0x6F, 0xA0, 0x40,
  0x04, 0x69, 0xBB, 0x5E, 0xB1, 0x78, 0xF6, 0x59, 0x23, 0x65, 0x7C, 0x02, 0xD2, 0xB5, 0x69, 0xAA, 0x14, 0xEA, 0x3B, 0xC1,
  0xA0, 0x3B, 0x12, 0x52, 0xFD, 0xE9, 0x20, 0x18, 0x86, 0x23, 0x97, 0x4B, 0x74, 0x26, 0x97, 0xEC, 0x10, 0xEC, 0xA4, 0x2C,
  0xC4, 0x58, 0xAE, 0xB2, 0xF9, 0xEC, 0x26, 0x5F, 0xCF, 0x00, 0x9A, 0xF8, 0xA3, 0xDA, 0x9E, 0xD6, 0x30, 0x49, 0x57, 0x24,
  0x88, 0x68, 0xD3, 0x89, 0x1C, 0x3B, 0x76, 0x90, 0x4E, 0xF5, 0x41, 0xA6, 0xF1, 0x64, 0x52, 0x1A, 0x83, 0x6B, 0xA7, 0x36,
  0xED, 0x2F, 0xAD, 0x44, 0x00, 0x14, 0x79, 0x5D, 0x0F, 0x3A, 0x8F, 0x26, 0xE8, 0x75, 0x01, 0xF5, 0x7A, 0xDC, 0x9E, 0xCE,
  0x67, 0x73, 0x46, 0x4F, 0xE6, 0xF5, 0xAB, 0x37, 0xF8, 0xDC, 0x7E, 0x9F, 0xDE, 0xAC, 0x27, 0x71, 0x66, 0xBE, 0x98, 0xCF,
  0x48, 0x6D, 0x2D, 0xCD, 0xBC, 0x45, 0x05, 0x12, 0xAB, 0x0B, 0x48, 0xC4, 0xC6, 0xBC, 0x98, 0x2F, 0xEA, 0x94, 0x60, 0x8E,
  0x6E, 0x40, 0xF4, 0xD0, 0x16, 0x78, 0x76, 0xAD, 0x1C, 0x0D, 0x2F, 0x37, 0xE9, 0x20, 0x9B, 0xDF, 0x6F, 0x25, 0x80, 0x69,
  0xEC, 0x25, 0xDE, 0x67, 0x03, 0x48, 0x1A, 0xB4, 0xCD, 0x64, 0x23, 0xD4, 0xDD, 0xB4, 0xB7, 0x5E, 0x2C, 0xD2, 0x6C, 0x08,
  0x7B, 0xA4, 0x1E, 0x87, 0x0A, 0xE4, 0xC6, 0xAD, 0xB3, 0x15, 0x0A, 0xDD, 0x26, 0x22, 0xB4, 0x0C, 0x9B, 0x88, 0xBF, 0xD8,
  0x09, 0x46, 0x0F, 0xEC, 0xEB, 0x3D, 0x27, 0x10, 0xDF, 0xB3, 0xCA, 0xA3, 0xB6, 0x3B, 0x96, 0x97, 0x4E, 0xFB, 0xC4, 0xD6,
  0xB9, 0x10, 0x86, 0xB4, 0xDE, 0x29, 0xD3, 0x2C, 0xE4, 0x2C, 0x96, 0xA6, 0xF9, 0x99, 0x49, 0xD2, 0xAA, 0x6C, 0xBC, 0x36,
  0x50, 0x28, 0xE1, 0x25, 0xE3, 0xEF, 0x20, 0xA6, 0x85, 0xE0, 0x62, 0x9B, 0xCF, 0x06, 0x12, 0xCC, 0xC9, 0xBE, 0x2B, 0xD2,
  0x34, 0x70, 0x03, 0xDF, 0x91, 0xA4, 0x11, 0xDA, 0x91, 0xDD, 0x4D, 0xBF, 0x1C, 0x69, 0x28, 0x08, 0x7E, 0x85, 0xBD, 0xD8,
  0x72, 0x2E, 0x5D, 0xA6, 0x93, 0x51, 0x59, 0xC7, 0xB8, 0x41, 0x2E, 0x7F, 0x48, 0xA5, 0xEC, 0x3A, 0xB4, 0x77, 0x92, 0x2E,
  0x7E, 0x7B, 0x4A, 0xA0, 0x2D, 0xD3, 0xA8, 0x0F, 0x60, 0x53, 0x9F, 0x0F, 0x64, 0x2A, 0xCB, 0xED, 0xEA, 0x32, 0x9A, 0xF0,
  0x34, 0x92, 0x70, 0x9C, 0x32, 0x49, 0x44, 0x75, 0x24, 0xE1, 0xF8, 0xC4, 0xAE, 0x34, 0xE2, 0xF5, 0x7A, 0x90, 0x6F, 0x3F,
  0xC9, 0x43, 0x27, 0x67, 0xCC, 0xD3, 0xA9, 0xC0, 0xF7, 0x77, 0x4F, 0x26, 0xF1, 0x20, 0xAD, 0xE7, 0xF7, 0x9E, 0xED, 0x33,
  0x40, 0xC3, 0x82, 0xE5, 0xBB, 0xC3, 0x78, 0x30, 0xF4, 0xBE, 0xD8, 0xBE, 0xDA, 0xC0, 0xD6, 0x3E, 0xDC, 0xEE, 0x9E, 0x8C,
  0x67, 0x8B, 0xF5, 0x6A, 0x5B, 0xEC, 0xA5, 0xA6, 0x54, 0x1D, 0x45, 0xA7, 0xDA, 0x44, 0x87, 0x0A, 0x6D, 0x6A, 0x74, 0x39,
  0x70, 0x13, 0x7F, 0xA8, 0x1B, 0xCB, 0xA1, 0x95, 0xDA, 0xF1, 0x3E, 0x63, 0x99, 0xE3, 0xCA, 0xC5, 0x60, 0xF3, 0xF5, 0x8A,
  0x59, 0xF3, 0x64, 0xAD, 0x09, 0x68, 0x7A, 0x3D, 0x26, 0xB8, 0x6F, 0xE7, 0x93, 0x84, 0x29, 0x46, 0x86, 0x94, 0xC0, 0x0F,
  0xBD, 0x28, 0xDD, 0xF1, 0x06, 0x23, 0xB8, 0x30, 0xCB, 0xAD, 0xE0, 0x11, 0xD9, 0x60, 0x10, 0xF9, 0x43, 0xB7, 0x46, 0x87,
  0x49, 0x05, 0x15, 0x05, 0xA6, 0x6D, 0xE3, 0x5F, 0x04, 0x83, 0xCC, 0x0E, 0xA0, 0x9E, 0x06, 0xEB, 0xD5, 0x6A, 0x3E, 0x3B,
  0xB4, 0x76, 0x45, 0x24, 0x3B, 0xB5, 0x9A, 0xF5, 0xA9, 0x1F, 0x85, 0xEE, 0xC0, 0xD7, 0x56, 0xEE, 0xD8, 0x6E, 0x00, 0x93,
  0x47, 0x80, 0x95, 0x26, 0x23, 0x07, 0x3E, 0x4C, 0x89, 0x42, 0x54, 0x1A, 0x0C, 0x7C, 0x48, 0x96, 0x75, 0xB6, 0x44, 0x6B,
  0x61, 0xC1, 0xF6, 0xD9, 0x4E, 0x71, 0x61, 0x91, 0x6F, 0x9A, 0xD1, 0x71, 0x96, 0xC6, 0x70, 0x3D, 0x18, 0x0F, 0x61, 0x46,
  0xFC, 0x7D, 0x9C, 0x66, 0xCD, 0x0E, 0xAC, 0xAE, 0x08, 0xBA, 0xDC, 0xB4, 0x5B, 0x66, 0x01, 0x80, 0x81, 0xC5, 0x2D, 0x8D,
  0x14, 0x9B, 0x6B, 0xAA, 0x08, 0x2A, 0x1E, 0xCB, 0x85, 0xF7, 0x6E, 0xC9, 0x9E, 0xDA, 0x6A, 0xA0, 0xC7, 0x9E, 0x13, 0x46,
  0x7D, 0x1D, 0xB1, 0xE1, 0xB0, 0xEB, 0x25, 0xF6, 0x4E, 0x74, 0x8A, 0x87, 0x24, 0xBA, 0xB6, 0x05, 0x2D, 0x31, 0x4F, 0xB8,
  0xD9, 0xE9, 0x46, 0x2D, 0xD9, 0x84, 0xED, 0x4E, 0xFB, 0x6E, 0xBC, 0x1C, 0x0F, 0x26, 0xA9, 0xA9, 0xEC, 0x98, 0x7C, 0xB6,
  0x95, 0x9B, 0xEE, 0x14, 0x88, 0xEC, 0xDA, 0x71, 0x34, 0xB2, 0x24, 0x39, 0xB4, 0xE7, 0xA3, 0x11, 0xD9, 0xF7, 0x0E, 0xB3,
  0x65, 0xC9, 0xC3, 0xDE, 0x2A, 0x7B, 0x61, 0x2B, 0xFA, 0x31, 0x74, 0x20, 0x04, 0x93, 0x5F, 0xA7, 0x7E, 0x98, 0xA0, 0xEB,
  0x4D, 0xD2, 0xD1, 0xAA, 0xC4, 0xBA, 0xC1, 0xEE, 0xC9, 0xEF, 0xA7, 0x29, 0xCC, 0xFD, 0x66, 0xA1, 0x0A, 0x03, 0xB2, 0x5C,
  0x5B, 0x5B, 0x6E, 0xBC, 0xE7, 0xCC, 0xE1, 0x91, 0x7A, 0x64, 0x36, 0xF7, 0x5E, 0xFB, 0x59, 0xA5, 0x2E, 0x6B, 0xA7, 0x5A,
  0xBA, 0xCA, 0x0F, 0x8E, 0xE5, 0x2B, 0x3C, 0x47, 0xF2, 0xC6, 0x50, 0x28, 0x4F, 0x58, 0xA5, 0x56, 0x3F, 0x77, 0xB1, 0x81,
  0xF0, 0x69, 0xBD, 0x95, 0xBA, 0xAB, 0xDA, 0x98, 0x8C, 0x8E, 0x89, 0xFC, 0x84, 0x3D, 0x69, 0xB3, 0xC9, 0x84, 0x1D, 0x69,
  0xAB, 0x76, 0xA4, 0x5D, 0xA8, 0x7B, 0xA9, 0x6B, 0x15, 0x29, 0x1A, 0xE6, 0xAC, 0xC1, 0xA8, 0x99, 0x4B, 0xAF, 0xB2, 0xCE,
  0xCC, 0x4D, 0x07, 0xBF, 0x18, 0xEB, 0x4D, 0x69, 0x23, 0xC9, 0x57, 0xD1, 0x74, 0x5F, 0x94, 0x37, 0x65, 0x1A, 0x28, 0xC7,
  0x83, 0x2B, 0xF0, 0x00, 0x2F, 0x0D, 0x2D, 0xF2, 0x5D, 0x59, 0x64, 0xE9, 0x28, 0xCD, 0x96, 0xED, 0x2C, 0x4D, 0xD6, 0xC3,
  0x34, 0xC1, 0xCE, 0x0B, 0x05, 0x4B, 0x5F, 0x5B, 0xDB, 0x6F, 0xCC, 0x6F, 0x84, 0x1B, 0x8D, 0x0F, 0x02, 0x05, 0x39, 0x67,
  0xB5, 0x93, 0x75, 0xC6, 0x7D, 0xFD, 0x8E, 0x65, 0x4F, 0x97, 0x5F, 0x8D, 0xA7, 0x14, 0xFD, 0x89, 0x67, 0x2B, 0x0C, 0xFF,
  0x17, 0xEE, 0x60, 0xFC, 0x92, 0x4B, 0x6C, 0x92, 0x4E, 0x4A, 0x8B, 0x27, 0x9D, 0x78, 0xBD, 0xBA, 0x7D, 0x33, 0x4F, 0xD2,
  0xA5, 0x6E, 0xD8, 0x92, 0x15, 0xEB, 0x15, 0xD8, 0x21, 0xF9, 0x63, 0x07, 0xAA, 0x63, 0x52, 0x2F, 0x3E, 0x03, 0x16, 0xC8,
  0xD0, 0xC4, 0x67, 0x64, 0x8D, 0xEC, 0x74, 0x57, 0xCC, 0x63, 0x68, 0xD2, 0x0A, 0x8F, 0xE7, 0xCC, 0xF3, 0x20, 0x2B, 0xAD,
  0xA0, 0x1E, 0x57, 0x9D, 0x3B, 0x9F, 0x14, 0x9B, 0x63, 0x74, 0x0B, 0x1A, 0xE2, 0x8C, 0xA3, 0xB8, 0xA3, 0xEA, 0xC4, 0xEA,
  0x63, 0xA9, 0x62, 0x93, 0xEE, 0x00, 0x22, 0x4E, 0x91, 0x60, 0x6C, 0x43, 0xCB, 0x90, 0x49, 0x71, 0xA2, 0xC9, 0x0E, 0x67,
  0xE4, 0x39, 0x81, 0x2E, 0x1E, 0x6D, 0xCB, 0x4E, 0x5C, 0xAF, 0xDA, 0xBF, 0x03, 0x43, 0x03, 0x3E, 0x54, 0x9A, 0x94, 0x86,
  0x70, 0x3D, 0x6F, 0x10, 0x06, 0xFA, 0x10, 0x9E, 0xE3, 0x7A, 0x8E, 0x2E, 0x61, 0xF9, 0x80, 0x44, 0x35, 0xC7, 0x36, 0x2F,
  0x6F, 0x28, 0x26, 0xFE, 0x0B, 0xDA, 0xC5, 0x90, 0x4A, 0xC9, 0x2F, 0xDB, 0x3C, 0x56, 0x42, 0xF2, 0x9B, 0x8B, 0xE4, 0xFB,
  0x78, 0x2C, 0xBA, 0xBC, 0x41, 0x38, 0x0E, 0x31, 0x13, 0x4D, 0x10, 0x15, 0xF6, 0xC0, 0xD3, 0x41, 0x77, 0x18, 0xA5, 0x91,
  0x8A, 0x26, 0xBB, 0xCE, 0x14, 0x50, 0x87, 0xEA, 0x41, 0x4A, 0xAC, 0x36, 0x1A, 0x9C, 0xDA, 0xEF, 0x7F, 0xA1, 0xD0, 0x5C,
  0xFB, 0x23, 0x8C, 0xC4, 0x8B, 0xB3, 0xE5, 0x9A, 0xC5, 0x03, 0xCF, 0x7E, 0x91, 0x0A, 0x31, 0xEE, 0x26, 0xB0, 0x12, 0xF6,
  0xB6, 0x4F, 0xB3, 0x0C, 0x41, 0xC8, 0xBC, 0x75, 0xEA, 0xC7, 0x6E, 0x1C, 0xEF, 0xAA, 0xA2, 0xD4, 0x5D, 0xC8, 0x28, 0x1D,
  0xEF, 0xCD, 0xA3, 0x80, 0x67, 0x2C, 0x0A, 0x78, 0xF6, 0x8B, 0xC1, 0x02, 0x65, 0x2A, 0xEE, 0x19, 0xB6, 0xA3, 0x43, 0x5D,
  0xB8, 0x18, 0xD4, 0x37, 0x71, 0x18, 0x24, 0x76, 0x32, 0xAA, 0x04, 0x0F, 0x1C, 0x04, 0x48, 0x1C, 0xDF, 0xC1, 0x3F, 0x0F,
  0x01, 0x84, 0xB0, 0x75, 0x30, 0x4E, 0x80, 0x20, 0x83, 0xD7, 0x35, 0x43, 0xD2, 0xDE, 0x6E, 0xEB, 0x20, 0x00, 0x8A, 0x68,
  0x2D, 0x81, 0x31, 0x4C, 0x82, 0xD4, 0x39, 0x25, 0x32, 0x90, 0xFA, 0xE9, 0x70, 0x14, 0x98, 0x4F, 0x47, 0xDE, 0x28, 0x1C,
  0x0D, 0x58, 0x64, 0xE0, 0xC4, 0x29, 0x85, 0xA0, 0xD1, 0x26, 0xE6, 0xF1, 0x20, 0x1B, 0xF1, 0x17, 0xFC, 0xF3, 0x49, 0x67,
  0xB7, 0x0E, 0x39, 0xDB, 0x6A, 0xCB, 0x5A, 0x5F, 0x5B, 0x6B, 0xC0, 0x5C, 0xED, 0x63, 0xA0, 0x31, 0x9F, 0x59, 0x47, 0x46,
  0x37, 0x89, 0x47, 0xC3, 0xAE, 0x24, 0x5F, 0x2F, 0x08, 0x82, 0xEE, 0xE8, 0xF8, 0x40, 0x8A, 0xFF, 0x6A, 0x1E, 0x6B, 0x2B,
  0x74, 0x81, 0x34, 0xD0, 0x3C, 0x58, 0x70, 0xF1, 0xF1, 0x19, 0x84, 0x1F, 0x71, 0x68, 0x74, 0xD5, 0xDD, 0x10, 0xA3, 0xFB,
  0x6E, 0x90, 0x74, 0xD3, 0x13, 0x10, 0x41, 0x0C, 0xA0, 0x23, 0x22, 0xB1, 0xD0, 0x33, 0x37, 0xD8, 0x82, 0x34, 0x4C, 0xBA,
  0xCE, 0xA1, 0x81, 0xB8, 0x31, 0x2F, 0xE7, 0x75, 0xB0, 0xAE, 0xE1, 0xA1, 0xE6, 0xDC, 0xC2, 0x2E, 0x11, 0x62, 0x94, 0x78,
  0xA9, 0xAD, 0x09, 0xB5, 0xD1, 0x68, 0x54, 0xB5, 0x96, 0x8F, 0x8E, 0x5B, 0x6B, 0x2B, 0x23, 0x4E, 0xEE, 0xC6, 0xDE, 0xF1,
  0xBE, 0x75, 0x66, 0x74, 0x68, 0x45, 0xD1, 0x20, 0x3C, 0x60, 0x46, 0x33, 0xDA, 0xF3, 0x11, 0xF5, 0xB3, 0x8E, 0x32, 0xA2,
  0x50, 0x0C, 0xB3, 0xF9, 0xAA, 0xC9, 0xB3, 0x0B, 0x48, 0x72, 0x20, 0xAB, 0xD0, 0x2A, 0x4D, 0xE9, 0xF9, 0x81, 0x1F, 0xEB,
  0x4A, 0x02, 0x6E, 0x6E, 0xB7, 0x9B, 0x6F, 0x09, 0x58, 0xB0, 0x3B, 0x4A, 0x3F, 0x67, 0xA6, 0x5A, 0xA5, 0xE4, 0xBA, 0xBE,
  0x17, 0x8D, 0x74, 0x9B, 0x1D, 0x26, 0xEE, 0x11, 0xDA, 0x64, 0x92, 0xF3, 0x74, 0x52, 0x2E, 0x0C, 0x84, 0xD2, 0xCE, 0x0F,
  0x20, 0x82, 0x74, 0x5D, 0xCF, 0x44, 0x6A, 0x78, 0xDA, 0x68, 0xD2, 0x0C, 0xF8, 0x4C, 0x5D, 0xEE, 0xA7, 0x41, 0x1A, 0xB9,
  0x8F, 0x9A, 0xAA, 0x16, 0x85, 0x35, 0xAB, 0x18, 0x45, 0xA3, 0x78, 0x94, 0x3C, 0x6A, 0xE8, 0x7D, 0x2A, 0x7F, 0x10, 0x42,
  0x5F, 0xE8, 0xEE, 0x64, 0x32, 0x4A, 0xA3, 0x51, 0x4E, 0x10, 0xD8, 0x2E, 0x3F, 0x18, 0x1D, 0x9F, 0x4B, 0x68, 0x6C, 0x49,
  0x67, 0x61, 0xE0, 0x47, 0x27, 0xF7, 0x3A, 0xA8, 0x7C, 0x5D, 0x3B, 0x84, 0xDE, 0xFA, 0x9C, 0xA1, 0x4A, 0x7A, 0x39, 0x76,
  0x3C, 0xF8, 0x7F, 0x07, 0x07, 0x52, 0xE8, 0xF9, 0xD5, 0x64, 0x0E, 0x93, 0x15, 0xD1, 0x47, 0x8D, 0x3D, 0x49, 0x2D, 0xD8,
  0xB9, 0x6E, 0x40, 0x3C, 0x1B, 0x5A, 0x35, 0x0C, 0x58, 0xD6, 0xA1, 0xC6, 0x7F, 0x09, 0x2D, 0xE6, 0xBF, 0x3C, 0x4A, 0x7D,
  0xD6, 0xBA, 0x1D, 0xBA, 0x52, 0xDD, 0xC9, 0x5C, 0x5F, 0x1B, 0x41, 0x2D, 0x84, 0x48, 0xF1, 0xDF, 0x8F, 0x4A, 0x06, 0x8F,
  0x3F, 0x93, 0x79, 0xBC, 0xB4, 0x3B, 0x1A, 0x80, 0x9F, 0x3B, 0xA0, 0xCC, 0x6C, 0xF3, 0x9A, 0x7E, 0xDA, 0x1E, 0x49, 0xEF,
  0x38, 0xD6, 0xD1, 0xD0, 0x6E, 0x39, 0x3B, 0x70, 0x24, 0x75, 0x97, 0x43, 0xD9, 0xAA, 0x49, 0xFB, 0x21, 0x3C, 0xB2, 0x5C,
  0xA4, 0xCC, 0xD5, 0xED, 0x75, 0x09, 0x61, 0xFD, 0x21, 0x92, 0x3C, 0x48, 0x53, 0x02, 0x81, 0xC3, 0x71, 0x36, 0x84, 0xC7,
  0x6B, 0xFB, 0xD6, 0x1D, 0xB0, 0x4A, 0x69, 0x1F, 0xC4, 0xCE, 0xE9, 0x5F, 0x4B, 0x5B, 0x51, 0xAD, 0x19, 0xAA, 0xB5, 0x90,
  0xBE, 0x89, 0xFA, 0x88, 0x1B, 0x0F, 0xD5, 0x0C, 0x80, 0x92, 0xE4, 0xD3, 0x32, 0x05, 0x95, 0x8C, 0x57, 0xDD, 0x0C, 0x5B,
  0x89, 0xCD, 0xDC, 0xBE, 0xB5, 0x83, 0x53, 0x73, 0x81, 0xC8, 0xEE, 0xC0, 0x26, 0x42, 0x54, 0xDF, 0x21, 0xAB, 0xE5, 0xF1,
  0xB9, 0xC0, 0x53, 0xFA, 0x97, 0x33, 0x6A, 0xBC, 0xA7, 0x4F, 0x4A, 0xC6, 0x33, 0x1D, 0xDB, 0x67, 0xF1, 0x1A, 0xA3, 0xE3,
  0xF9, 0xA5, 0xCE, 0x9D, 0xD0, 0x3F, 0x98, 0x4A, 0x34, 0x8B, 0x4F, 0xE4, 0x03, 0x91, 0xDB, 0x8A, 0xA0, 0xCB, 0xE0, 0xE3,
  0x78, 0xD5, 0x9E, 0xC6, 0xCB, 0x8F, 0x7B, 0xD6, 0xAD, 0xCC, 0x60, 0x0E, 0x40, 0x66, 0x1F, 0x0D, 0x3B, 0x7A, 0x26, 0x3E,
  0x45, 0xCE, 0x33, 0x15, 0x02, 0xE4, 0xD2, 0xBE, 0xCC, 0x38, 0xFA, 0xAE, 0x71, 0x22, 0x28, 0x92, 0x77, 0x61, 0x74, 0x77,
  0x6F, 0x86, 0x2C, 0xEE, 0xD0, 0x8F, 0x19, 0x5D, 0xB6, 0x99, 0xEB, 0x0A, 0xE7, 0xAF, 0x3E, 0xD7, 0xC3, 0x42, 0x5D, 0x48,
  0xC7, 0x44, 0x11, 0x25, 0x60, 0xEB, 0x32, 0x3D, 0x27, 0xA5, 0x45, 0xBD, 0xE8, 0x19, 0xFD, 0x13, 0x69, 0x51, 0x8B, 0x6C,
  0x6F, 0x9B, 0x52, 0x7D, 0xB6, 0xAD, 0xA7, 0x33, 0xBD, 0xEE, 0xE1, 0xB4, 0x68, 0xE0, 0x3D, 0x33, 0xDC, 0xAE, 0x18, 0xA7,
  0x6B, 0x9B, 0x81, 0xCF, 0x32, 0x45, 0x88, 0x38, 0xFB, 0xFA, 0x40, 0x7E, 0xF4, 0xAC, 0xC6, 0x30, 0x0E, 0x2D, 0x2D, 0x84,
  0x27, 0xD6, 0x65, 0x51, 0x72, 0x96, 0x37, 0xB0, 0xFD, 0x3D, 0x2D, 0x60, 0x66, 0xC7, 0x33, 0xEC, 0x8E, 0x10, 0x2C, 0xE9,
  0x24, 0x69, 0x0F, 0xB2, 0x14, 0x4C, 0x9C, 0x1A, 0x7E, 0xC7, 0xE3, 0xE1, 0x30, 0x30, 0x56, 0x1B, 0x51, 0x27, 0x98, 0x44,
  0x23, 0x2A, 0xEE, 0x00, 0xC0, 0x13, 0x60, 0x7F, 0x06, 0x29, 0x80, 0x4D, 0x61, 0x42, 0xE2, 0x7A, 0x45, 0x4A, 0xA4, 0xD8,
  0x0E, 0x97, 0x72, 0x8D, 0x66, 0x14, 0xDC, 0xDD, 0x9F, 0x94, 0x0A, 0xAC, 0x49, 0x76, 0x29, 0x51, 0x27, 0xF1, 0xA4, 0x2E,
  0x00, 0x48, 0x56, 0x6E, 0x9B, 0x95, 0x5C, 0xF4, 0x10, 0xE8, 0x40, 0x6D, 0xC0, 0x5D, 0xDA, 0x76, 0x13, 0x65, 0x45, 0x4B,
  0x02, 0x0C, 0x01, 0xFA, 0x15, 0xC2, 0xDE, 0xC8, 0xCE, 0x06, 0x35, 0xF1, 0xC1, 0x90, 0xD8, 0x8E, 0x22, 0x84, 0xF0, 0xE4,
  0x56, 0xB7, 0xDA, 0x8A, 0xF4, 0x98, 0x9C, 0xC1, 0x7F, 0xF9, 0x31, 0x1B, 0x8C, 0x57, 0xF1, 0x64, 0x3B, 0x1A, 0x13, 0x16,
  0x7A, 0x49, 0x36, 0x5F, 0x88, 0xCD, 0x68, 0x12, 0xA6, 0x8B, 0x7C, 0x20, 0xE5, 0xF7, 0x03, 0x78, 0x6F, 0x0E, 0xB8, 0xD3,
  0xF7, 0x5B, 0x2D, 0x39, 0xB4, 0x1C, 0xA0, 0x9A, 0xED, 0x10, 0x71, 0xD6, 0x48, 0x89, 0x33, 0xF1, 0x2F, 0xC7, 0x04, 0x7B,
  0x11, 0x6B, 0x54, 0xC4, 0x72, 0x33, 0xA0, 0x5D, 0x68, 0x19, 0xD9, 0x7C, 0x85, 0xAD, 0xFA, 0x73, 0x53, 0x15, 0xEA, 0x2B,
  0x00, 0xDF, 0x7E, 0x30, 0x49, 0x0A, 0xB5, 0x64, 0x8B, 0x9F, 0xAB, 0x2D, 0x36, 0xA2, 0xC5, 0x41, 0x6C, 0xD7, 0x87, 0x62,
  0xBD, 0xA8, 0x8C, 0x6B, 0x3B, 0x52, 0x90, 0x2D, 0x91, 0xF1, 0x87, 0x78, 0x32, 0xAF, 0x11, 0xE6, 0x5C, 0x1C, 0xB7, 0xA3,
  0x67, 0x9F, 0xCF, 0x99, 0x28, 0x34, 0xF0, 0x1C, 0xC1, 0x51, 0x11, 0x25, 0x5E, 0x5D, 0x08, 0xCA, 0x2E, 0xB2, 0xE8, 0x5E,
  0xAB, 0x60, 0x33, 0x12, 0xBD, 0xE4, 0x6C, 0x42, 0xEE, 0x7A, 0xAE, 0x26, 0x70, 0x8C, 0xD0, 0x05, 0xA7, 0x89, 0x4D, 0x46,
  0xF9, 0x4C, 0xD6, 0x74, 0x98, 0x74, 0xC9, 0x15, 0x04, 0xA2, 0xC0, 0x05, 0xDA, 0xD9, 0x27, 0xD2, 0x8B, 0xFF, 0xDE, 0x6C,
  0x53, 0xC8, 0xA3, 0x55, 0x5B, 0x6A, 0x51, 0xD0, 0xE5, 0x2D, 0x96, 0x9D, 0x33, 0x9A, 0xDD, 0xE9, 0xD6, 0x33, 0x9A, 0x4E,
  0x8C, 0xCC, 0xCA, 0x34, 0x14, 0xB4, 0x49, 0x50, 0x6C, 0xD9, 0xEE, 0xE5, 0x14, 0x64, 0x3A, 0xDD, 0x4F, 0x58, 0x81, 0x92,
  0x0B, 0xE6, 0x5F, 0x72, 0x8B, 0x40, 0xD0, 0x78, 0xBF, 0x96, 0xAA, 0x75, 0xF3, 0x49, 0xBA, 0xD6, 0x41, 0x97, 0x21, 0x4E,
  0xA7, 0xEB, 0x0F, 0x19, 0x76, 0xC7, 0x54, 0x1E, 0x7C, 0x97, 0xC5, 0xF7, 0xC4, 0x2B, 0x13, 0x8E, 0x02, 0xCA, 0x0D, 0x7F,
  0x14, 0xA5, 0x62, 0xBD, 0x4E, 0x54, 0xED, 0xBB, 0xE5, 0x2D, 0x78, 0x40, 0x00, 0x61, 0x2C, 0xCC, 0x43, 0x1A, 0xCE, 0x16,
  0x19, 0x09, 0xA5, 0xF9, 0x2B, 0x68, 0x93, 0xCA, 0xC8, 0xB2, 0x5F, 0xC0, 0xE0, 0x73, 0x88, 0xE6, 0xBC, 0xA8, 0x55, 0x9E,
  0x56, 0x7E, 0x4F, 0x62, 0xAC, 0x31, 0xCB, 0xC0, 0x59, 0xB6, 0x11, 0x29, 0xDB, 0x33, 0xA7, 0xF1, 0xDB, 0x8B, 0xF5, 0x04,
  0xB4, 0xE4, 0x50, 0x56, 0xE1, 0xD0, 0xEE, 0xBC, 0x20, 0xFB, 0x41, 0x9B, 0x9D, 0x30, 0xD4, 0x05, 0xD4, 0x1E, 0x1C, 0xC0,
  0xC0, 0x29, 0xCD, 0x6E, 0x2B, 0xCC, 0x04, 0x41, 0xDE, 0xA3, 0x15, 0xD0, 0x07, 0xE5, 0xF1, 0x1C, 0xD6, 0xE4, 0x38, 0x17,
  0x7C, 0x05, 0x58, 0x43, 0xCC, 0xA4, 0x50, 0x4D, 0x74, 0x1C, 0xAE, 0x1F, 0x68, 0xAF, 0x01, 0x1C, 0x76, 0x53, 0xDA, 0xA2,
  0x56, 0xE2, 0x8C, 0x82, 0x3E, 0x7B, 0x94, 0xD3, 0xB2, 0x17, 0xA9, 0x9D, 0xDE, 0x8C, 0x13, 0xAD, 0x0B, 0x1C, 0xF8, 0x61,
  0x37, 0x2D, 0x75, 0x71, 0xB4, 0x2E, 0x2F, 0x93, 0x9B, 0x54, 0xEB, 0x03, 0x63, 0x32, 0x70, 0x06, 0xA5, 0x3E, 0xB6, 0x97,
  0x6F, 0xE0, 0x62, 0x35, 0x1E, 0x5E, 0xA3, 0xD2, 0x63, 0xB1, 0xD5, 0x91, 0x53, 0xB7, 0x37, 0x61, 0x60, 0xB8, 0xAE, 0x5B,
  0x42, 0x1B, 0x15, 0x23, 0x1E, 0x44, 0x5B, 0x3E, 0x6B, 0x37, 0x50, 0x77, 0x96, 0x26, 0x6E, 0xAF, 0xD6, 0xD9, 0x8C, 0xB3,
  0x1D, 0x37, 0x49, 0x2A, 0xB8, 0x2B, 0x48, 0x57, 0x6C, 0xEC, 0xD3, 0x38, 0x18, 0x24, 0xE9, 0xAB, 0xD2, 0x56, 0x76, 0x6C,
  0xBF, 0x0A, 0xAE, 0x67, 0x45, 0x1D, 0xED, 0xB1, 0xC8, 0xD4, 0xF0, 0xE7, 0x7B, 0xD4, 0x46, 0x1E, 0x3C, 0xB0, 0x41, 0xB2,
  0xB6, 0x6F, 0x43, 0x6D, 0x58, 0x5C, 0x6D, 0x54, 0xC8, 0x32, 0x01, 0x58, 0x00, 0xDE, 0xAE, 0x26, 0xBB, 0xA4, 0x36, 0x23,
  0x65, 0x06, 0xDF, 0x66, 0x69, 0x00, 0x2D, 0xF7, 0x08, 0x35, 0x2E, 0xE5, 0xB2, 0xDE, 0xCF, 0x51, 0x0F, 0xB9, 0x7D, 0x24,
  0x22, 0xCB, 0xF3, 0x33, 0xE4, 0xB9, 0x44, 0x7D, 0x7B, 0x90, 0xC7, 0x66, 0xB9, 0xCA, 0x86, 0xFB, 0x98, 0x13, 0x0C, 0x4D,
  0x29, 0x46, 0x07, 0x12, 0x19, 0xF0, 0x96, 0xD9, 0x23, 0x17, 0x7A, 0x90, 0xA6, 0x10, 0xE7, 0x2B, 0xC1, 0xE3, 0x4F, 0x87,
  0x2E, 0x08, 0xD7, 0x91, 0x23, 0x3D, 0xB5, 0x23, 0xB8, 0xB8, 0xF1, 0x9E, 0xBE, 0x57, 0x19, 0x4B, 0xB3, 0x97, 0xA7, 0xAF,
  0xB8, 0x35, 0xA5, 0xDD, 0x94, 0xA3, 0xB3, 0xF4, 0xD0, 0x10, 0x89, 0x8A, 0xE5, 0xDF, 0xD6, 0x50, 0x06, 0xEA, 0xD3, 0xBF,
  0x42, 0xAC, 0xC3, 0xC4, 0x21, 0xBC, 0x54, 0x65, 0x88, 0x6D, 0xD5, 0x6C, 0x3B, 0x3D, 0x2D, 0x50, 0x88, 0xC0, 0xF2, 0x47,
  0xBE, 0x83, 0x1D, 0xDF, 0xAB, 0xB3, 0x46, 0xE4, 0xF6, 0x79, 0x4E, 0x75, 0xFB, 0xDE, 0x22, 0x32, 0x20, 0xB0, 0x11, 0x77,
  0x07, 0x71, 0x1A, 0xE4, 0x44, 0xAE, 0x4E, 0x31, 0x43, 0x2B, 0xAA, 0xAE, 0xA4, 0xAD, 0x41, 0x49, 0x23, 0x17, 0x12, 0x30,
  0x7E, 0x6A, 0x06, 0xFC, 0x13, 0x94, 0x2B, 0x41, 0xB4, 0xD5, 0x33, 0xED, 0xD6, 0x3E, 0x37, 0x50, 0x09, 0xDD, 0xFB, 0xE5,
  0x3A, 0x81, 0xA0, 0x52, 0x27, 0x80, 0x82, 0x35, 0x24, 0xD6, 0x65, 0xF2, 0x8A, 0x92, 0x87, 0xE2, 0x51, 0x1D, 0xD4, 0xC2,
  0xEA, 0x20, 0xB3, 0x6F, 0x3C, 0xE3, 0xCB, 0xE7, 0x70, 0xFB, 0x35, 0x74, 0xFC, 0x5D, 0xCA, 0x0B, 0x6E, 0x41, 0xCC, 0x12,
  0x72, 0x6B, 0x2F, 0xE4, 0x4A, 0x05, 0xC2, 0x17, 0x29, 0x16, 0xF0, 0x1F, 0xBB, 0x82, 0xD0, 0x39, 0xB4, 0x02, 0x03, 0x23,
  0xCF, 0xF2, 0x3C, 0x9E, 0x65, 0xF8, 0x45, 0xC2, 0x04, 0x19, 0x7D, 0x44, 0xA0, 0x65, 0x97, 0x77, 0xD9, 0xFC, 0x06, 0x66,
  0xD7, 0x52, 0xA6, 0xE3, 0x7D, 0x47, 0xD1, 0xE6, 0xA5, 0x54, 0x7C, 0xA0, 0x57, 0xF7, 0xD5, 0x28, 0x53, 0xAF, 0x55, 0x09,
  0x07, 0x9C, 0xB0, 0x28, 0x37, 0x5F, 0x53, 0xCD, 0xAE, 0x48, 0x00, 0xF9, 0x8A, 0xF4, 0x52, 0x0E, 0xA5, 0x84, 0x40, 0xAD,
  0x37, 0x3E, 0x90, 0x67, 0xE0, 0x2E, 0xB2, 0xEA, 0x22, 0x52, 0x06, 0xBC, 0x9B, 0x46, 0xBA, 0x7B, 0x59, 0x63, 0x83, 0xFD,
  0x19, 0x36, 0x18, 0x2B, 0xE3, 0x2C, 0x96, 0xB1, 0x10, 0xA0, 0x51, 0x55, 0x3A, 0x49, 0x7E, 0xCF, 0x2F, 0xF3, 0x1E, 0x79,
  0x6D, 0x08, 0xDA, 0x42, 0x5F, 0x23, 0xCF, 0x02, 0x73, 0xB0, 0x13, 0xD5, 0xEC, 0x5A, 0x7B, 0x38, 0x81, 0x6D, 0x85, 0xE8,
  0x52, 0x19, 0x41, 0xF7, 0xE3, 0x05, 0xB1, 0x58, 0x79, 0x50, 0xC4, 0x98, 0x28, 0x06, 0x1C, 0x11, 0x47, 0xCB, 0xB1, 0xEA,
  0x43, 0x12, 0x54, 0x92, 0x2D, 0xE6, 0xE0, 0xF5, 0x03, 0x66, 0xE5, 0x09, 0xCF, 0x34, 0xED, 0x41, 0x64, 0x69, 0x2F, 0x8B,
  0x64, 0x1E, 0xFB, 0x05, 0xB4, 0x36, 0x27, 0x2B, 0x23, 0xBD, 0x8D, 0xEF, 0xC6, 0xA0, 0x2C, 0x3E, 0x27, 0x8D, 0x27, 0x66,
  0xC8, 0xD6, 0xB3, 0x19, 0xAD, 0xAB, 0x34, 0x4C, 0x5D, 0x1B, 0x83, 0xE7, 0xF5, 0x99, 0xC1, 0x38, 0x9E, 0x10, 0xBD, 0x54,
  0xC8, 0xA7, 0x66, 0x4F, 0x7E, 0x6E, 0x32, 0xB3, 0xD8, 0x90, 0xB5, 0x10, 0x5D, 0xAA, 0x65, 0x55, 0x06, 0x5F, 0xCF, 0xEE,
  0x52, 0x8C, 0x56, 0x37, 0xBC, 0x34, 0x4D, 0x73, 0x73, 0x57, 0x19, 0xBF, 0x64, 0x56, 0xB3, 0xB8, 0x5C, 0x1B, 0xD2, 0x98,
  0xD0, 0xD5, 0x89, 0x6A, 0x05, 0x6C, 0x40, 0xB5, 0x9D, 0x85, 0xBB, 0xF7, 0xFB, 0x8F, 0xE9, 0x66, 0x94, 0xE1, 0x6C, 0xC2,
  0xD2, 0x28, 0xD4, 0x2B, 0xEA, 0x00, 0xB6, 0x55, 0x49, 0x6E, 0xED, 0x6A, 0x9A, 0x93, 0x36, 0xA4, 0xE6, 0x05, 0x4C, 0xDC,
  0x9B, 0x6A, 0xBA, 0x01, 0xF3, 0x9D, 0x4A, 0x7D, 0x72, 0xF3, 0xE3, 0x11, 0x7D, 0x0A, 0x63, 0x74, 0x6B, 0x3D, 0x63, 0x15,
  0xCA, 0x45, 0x1A, 0xD6, 0x0D, 0x76, 0xBE, 0xFA, 0x3D, 0xF4, 0xF5, 0xCE, 0xAA, 0xC9, 0x98, 0xF7, 0xAE, 0x94, 0xA6, 0x44,
  0x9E, 0xE2, 0xD8, 0x04, 0x7C, 0xC8, 0x72, 0x23, 0x9B, 0xCB, 0x8C, 0xDC, 0xE7, 0xD0, 0xA6, 0x51, 0xFD, 0x99, 0x9A, 0x69,
  0x2A, 0xEE, 0x91, 0xA4, 0x83, 0x30, 0x52, 0x26, 0x86, 0x15, 0xEA, 0x9F, 0xD4, 0xCD, 0x26, 0x5F, 0x40, 0x35, 0xF0, 0x74,
  0x60, 0x54, 0xA7, 0x7F, 0x3B, 0xCA, 0xE6, 0xD3, 0xBA, 0x21, 0xDD, 0xA4, 0x49, 0xBE, 0x39, 0xC2, 0x14, 0xED, 0x40, 0x73,
  0x93, 0x6D, 0x87, 0xB6, 0x20, 0xF7, 0x89, 0xDB, 0x1E, 0xFB, 0x2A, 0xE9, 0x16, 0x9E, 0xAB, 0xB6, 0x71, 0xFA, 0x78, 0x6D,
  0x38, 0x49, 0xA6, 0x55, 0x8C, 0x65, 0x15, 0xE3, 0x58, 0x39, 0xF0, 0xA5, 0xED, 0xD5, 0x82, 0x2E, 0x65, 0x70, 0xE5, 0xB4,
  0xA1, 0xE6, 0x78, 0xEA, 0x20, 0x48, 0x9C, 0x50, 0x1E, 0x74, 0xDF, 0xFE, 0xE4, 0x66, 0xC7, 0x49, 0x94, 0xAD, 0x58, 0x10,
  0xD4, 0x7E, 0xCF, 0x98, 0x9A, 0x6A, 0xE0, 0x80, 0x1F, 0x11, 0x01, 0x08, 0x2F, 0x32, 0xF4, 0xD5, 0x71, 0xB2, 0xD2, 0xCC,
  0x2A, 0x61, 0x48, 0x13, 0xDE, 0xDB, 0x7A, 0xF4, 0xFF, 0xB9, 0xC9, 0x44, 0x7E, 0x1D, 0x84, 0x24, 0x9B, 0xA9, 0x57, 0x25,
  0x3E, 0x6D, 0xA9, 0x91, 0x69, 0x85, 0x9C, 0x22, 0x7D, 0x14, 0x55, 0xA8, 0x9C, 0xB4, 0x4C, 0x72, 0x95, 0x15, 0x49, 0x77,
  0xDA, 0x92, 0x55, 0xEA, 0x38, 0x90, 0x79, 0x50, 0xF2, 0x01, 0x5A, 0x1A, 0xC1, 0xF1, 0xDD, 0xD8, 0x4F, 0xCA, 0x69, 0x84,
  0xA0, 0x1B, 0x0E, 0xBA, 0x41, 0xFF, 0x91, 0xD5, 0x09, 0xD5, 0xE8, 0x78, 0xE1, 0xC1, 0x75, 0x4F, 0x8C, 0x8A, 0x23, 0x80,
  0xD9, 0xC5, 0x11, 0x11, 0xCF, 0xE5, 0x91, 0xE9, 0xC7, 0x06, 0xC5, 0x4F, 0xE9, 0x5E, 0x1B, 0x13, 0x47, 0x47, 0x04, 0x36,
  0x29, 0xF6, 0x46, 0xE2, 0x6A, 0x6F, 0x44, 0xFC, 0xD4, 0xF5, 0xEF, 0xAD, 0x54, 0x70, 0xCC, 0x2E, 0xA6, 0xF1, 0x42, 0x16,
  0xEA, 0xFD, 0x9C, 0x60, 0x31, 0x41, 0x49, 0x91, 0xFF, 0xD0, 0xAE, 0x1E, 0x7E, 0x79, 0x54, 0xB4, 0xD8, 0xB6, 0x5D, 0x13,
  0xC1, 0x86, 0xA2, 0x14, 0xE2, 0x31, 0xE1, 0x62, 0x65, 0x1D, 0x54, 0x25, 0x51, 0x8D, 0x16, 0xAB, 0x0D, 0x58, 0x00, 0xE6,
  0x00, 0xDE, 0x0E, 0x45, 0x72, 0x60, 0x56, 0xB1, 0x7D, 0x71, 0xD8, 0x91, 0xA1, 0x13, 0x87, 0x61, 0x11, 0x9E, 0x3D, 0xA3,
  0x20, 0x8C, 0x77, 0x7C, 0x94, 0xFA, 0x10, 0x08, 0xD5, 0x11, 0xE8, 0x81, 0x89, 0xE8, 0xB4, 0xA1, 0xCA, 0x81, 0x11, 0x64,
  0x61, 0x23, 0xE4, 0x78, 0xF5, 0xB1, 0x5C, 0xEF, 0xB4, 0xC1, 0x2A, 0x21, 0x93, 0x24, 0x4C, 0xAD, 0xB4, 0x0C, 0x99, 0xED,
  0x1C, 0x1F, 0xAD, 0xEC, 0x29, 0x07, 0x76, 0x38, 0x8C, 0x93, 0xDC, 0x53, 0x3E, 0x81, 0xE3, 0x8B, 0x98, 0xE2, 0x67, 0x04,
  0x57, 0x43, 0x4A, 0x28, 0x38, 0x2C, 0x13, 0x05, 0x77, 0xB3, 0x25, 0xA9, 0xD2, 0x67, 0x54, 0x19, 0x04, 0xAC, 0x06, 0xA2,
  0x36, 0xBA, 0x7A, 0x1C, 0xA4, 0xDC, 0xE5, 0x29, 0xFB, 0x32, 0x2A, 0x39, 0xF9, 0x75, 0x39, 0xDC, 0x80, 0xE7, 0x70, 0xF5,
  0x88, 0xBB, 0x74, 0x9C, 0x02, 0xC5, 0x71, 0xA2, 0x2F, 0x3B, 0x2D, 0x7C, 0x2A, 0x5A, 0x79, 0x6A, 0xB0, 0xD4, 0xF3, 0xF2,
  0x56, 0x3C, 0xD7, 0x91, 0xDB, 0x9C, 0x6D, 0x3A, 0xD7, 0xAA, 0xE5, 0x19, 0xE0, 0x5D, 0xC2, 0x72, 0x4D, 0xF7, 0xDB, 0x24,
  0xA2, 0xC1, 0x61, 0xD3, 0x84, 0x94, 0x08, 0xEC, 0x09, 0xCD, 0x34, 0xE9, 0xEA, 0x96, 0x89, 0xAB, 0x59, 0x26, 0xDE, 0x61,
  0xCB, 0xC4, 0x3F, 0xD5, 0x32, 0x29, 0x30, 0x29, 0x4B, 0x5D, 0x9D, 0xBD, 0xA8, 0x8C, 0xA2, 0x02, 0x47, 0x51, 0x54, 0x8F,
  0xC8, 0x48, 0xC1, 0x63, 0x54, 0xA0, 0xB1, 0x14, 0x7A, 0x60, 0x6E, 0x6B, 0xA0, 0x1D, 0x45, 0xA0, 0xEA, 0xC0, 0x5D, 0xC5,
  0xDF, 0xD7, 0x4B, 0x01, 0x6B, 0x1D, 0x63, 0x56, 0xA7, 0xAB, 0x56, 0xF0, 0x59, 0x8F, 0xA8, 0x88, 0x55, 0x35, 0xEC, 0x9E,
  0xF2, 0xC8, 0x7D, 0x3E, 0x91, 0xF9, 0xC5, 0xFD, 0x19, 0xB6, 0xC8, 0xDD, 0x93, 0xF3, 0x6F, 0x8C, 0x6B, 0xC4, 0x98, 0xD2,
  0xC4, 0x60, 0x5C, 0x62, 0xAC, 0xC0, 0xD7, 0xB3, 0xA5, 0x41, 0x65, 0x66, 0x14, 0x09, 0xE6, 0x0F, 0x29, 0xE9, 0x0D, 0x2F,
  0xCF, 0x58, 0x2F, 0xD1, 0x6E, 0xB0, 0x31, 0xE0, 0x5E, 0x66, 0x1B, 0xE3, 0x4D, 0x8C, 0x03, 0xB5, 0x99, 0xB1, 0xA0, 0x43,
  0xD0, 0xC6, 0x37, 0xE7, 0xFB, 0x39, 0x6E, 0xFB, 0xC4, 0x30, 0xB4, 0x43, 0xC8, 0xEC, 0x79, 0x1F, 0x4F, 0xF9, 0x41, 0x64,
  0x2E, 0x45, 0x8A, 0x83, 0xC8, 0xA3, 0xC1, 0x68, 0x38, 0x4A, 0xE5, 0x77, 0x07, 0x0F, 0x10, 0x56, 0x1E, 0x0D, 0xE4, 0x03,
  0x97, 0x55, 0x36, 0x24, 0x28, 0x48, 0x61, 0x23, 0xF0, 0xD3, 0xCA, 0xF6, 0xD0, 0xE9, 0xBA, 0x49, 0x71, 0x5A, 0xD9, 0xEF,
  0x06, 0xDD, 0x88, 0x4E, 0x2B, 0x8F, 0x62, 0x60, 0x0D, 0x95, 0x55, 0x51, 0x14, 0x74, 0xE3, 0xFC, 0xF4, 0x32, 0x4A, 0x68,
  0x7C, 0xD4, 0x22, 0x72, 0x10, 0xD8, 0x01, 0x66, 0xD7, 0xF7, 0x93, 0xB8, 0x2B, 0xCE, 0x33, 0x63, 0x4E, 0xDF, 0x0B, 0xC3,
  0xC1, 0x48, 0x7C, 0x47, 0x5E, 0x71, 0x8A, 0x59, 0x9D, 0x34, 0x66, 0x60, 0x80, 0x24, 0xD2, 0x19, 0xBA, 0x58, 0x61, 0xE4,
  0x47, 0x7C, 0x90, 0x8C, 0x26, 0x8D, 0x07, 0x5E, 0x88, 0x13, 0x42, 0xED, 0x42, 0x25, 0xDA, 0x32, 0x07, 0x5E, 0xA9, 0xA2,
  0x44, 0x70, 0x92, 0x83, 0xCF, 0x4E, 0xAD, 0xAF, 0xE6, 0x37, 0x37, 0xE0, 0x5E, 0xC2, 0x06, 0x2F, 0xE5, 0xE9, 0x97, 0x7F,
  0xE1, 0xA9, 0xE6, 0xA7, 0x43, 0x2F, 0xB1, 0x52, 0xAB, 0xA6, 0x2B, 0x47, 0x83, 0xEB, 0x7A, 0x71, 0x68, 0x95, 0x3B, 0xC7,
  0x43, 0x8A, 0xB7, 0xA2, 0x06, 0xC7, 0x0D, 0x22, 0x48, 0x6F, 0xD6, 0xF9, 0x06, 0xA1, 0xA8, 0x65, 0x9B, 0x49, 0x75, 0x5E,
  0x0D, 0xEA, 0x04, 0x08, 0x9B, 0x22, 0x74, 0xEA, 0xBB, 0x3C, 0xAF, 0x21, 0x9B, 0x30, 0x84, 0x89, 0x82, 0x51, 0x94, 0x12,
  0x88, 0x7F, 0x14, 0xC8, 0x50, 0x07, 0xBA, 0x99, 0x10, 0x9A, 0xAB, 0xCD, 0xFC, 0x62, 0xA0, 0x02, 0x29, 0x01, 0x21, 0x25,
  0x0F, 0x4B, 0xC3, 0x12, 0x83, 0x28, 0xB7, 0xAD, 0x88, 0x19, 0x64, 0x26, 0xCB, 0xCF, 0x91, 0xA5, 0x20, 0x7F, 0xD7, 0xC6,
  0x8B, 0x9C, 0xA2, 0x45, 0xDB, 0x2E, 0x8E, 0x3F, 0x52, 0x52, 0x1B, 0xA9, 0x91, 0x90, 0x1F, 0x2F, 0x51, 0x21, 0xE3, 0x88,
  0x41, 0x44, 0xB8, 0xEB, 0x77, 0x73, 0x58, 0x16, 0x19, 0xF8, 0x20, 0xDB, 0x30, 0x1E, 0x96, 0xE7, 0x85, 0x99, 0xA6, 0x89,
  0x3C, 0x7E, 0x98, 0xB6, 0xDC, 0x50, 0x14, 0xFB, 0x73, 0x80, 0xBB, 0x66, 0x64, 0xB1, 0xC2, 0x0A, 0x8E, 0x85, 0xC7, 0x94,
  0xF0, 0xF2, 0xE8, 0xE1, 0xE0, 0xA6, 0xF5, 0xB8, 0x72, 0x43, 0xF5, 0x50, 0x7A, 0xAE, 0xC0, 0xAD, 0x93, 0x2D, 0xE6, 0x80,
  0x99, 0xBC, 0x6E, 0x97, 0xD1, 0xDD, 0xE3, 0x2D, 0xE6, 0xE3, 0xDD, 0x8F, 0xC2, 0x2E, 0xAC, 0xDD, 0xD3, 0x0E, 0x84, 0xC3,
  0x98, 0x0D, 0xA4, 0x09, 0xCA, 0x76, 0x16, 0xE9, 0x36, 0x0A, 0xA0, 0x95, 0x4B, 0x1F, 0x70, 0xE2, 0xFB, 0xA0, 0x31, 0x0B,
  0x3B, 0x82, 0x1C, 0x30, 0x31, 0x92, 0x23, 0xCC, 0x62, 0x9C, 0x2F, 0xC7, 0xC1, 0x43, 0xBF, 0x7A, 0xB8, 0xBC, 0x28, 0xA2,
  0x2A, 0x33, 0xA5, 0xC8, 0xBA, 0x83, 0x41, 0x4C, 0xCF, 0x66, 0x44, 0xB8, 0x8F, 0x3F, 0x51, 0x30, 0x1F, 0x06, 0x41, 0xBF,
  0x96, 0x39, 0x51, 0x77, 0xEA, 0xA7, 0xA3, 0x7D, 0xCC, 0x89, 0x3A, 0x7F, 0x87, 0xFD, 0x5A, 0xE6, 0x4C, 0x31, 0xAF, 0xC3,
  0x72, 0x36, 0x75, 0x6C, 0x49, 0x0D, 0x9C, 0x90, 0xF3, 0x87, 0xAB, 0x70, 0xAE, 0xC2, 0x93, 0x36, 0x4A, 0x33, 0x28, 0x38,
  0xCB, 0xDA, 0x38, 0x51, 0x1D, 0x53, 0x32, 0x49, 0x15, 0x94, 0xCF, 0x85, 0x1F, 0xE3, 0x47, 0x77, 0x0F, 0x3F, 0x7A, 0xAC,
  0xC8, 0xC4, 0xEE, 0x86, 0xCC, 0x28, 0xEF, 0xEB, 0xCC, 0x88, 0x3A, 0xC8, 0x84, 0x0B, 0xD2, 0x7A, 0x66, 0x0C, 0x6C, 0x66,
  0x82, 0x21, 0x55, 0xC5, 0x18, 0xEC, 0x20, 0x2F, 0x3A, 0xAC, 0xA0, 0x85, 0xB2, 0xEF, 0x64, 0xA6, 0x3C, 0x51, 0x0B, 0xF6,
  0x94, 0xE3, 0x1A, 0x4A, 0xD0, 0x92, 0x4E, 0x6C, 0x88, 0x72, 0x12, 0x18, 0x22, 0xA2, 0x9E, 0xAB, 0x7C, 0x8E, 0x43, 0x6D,
  0x2F, 0x4E, 0x74, 0x28, 0x8F, 0xD4, 0xB3, 0x1D, 0x76, 0xED, 0xD1, 0x34, 0xC1, 0xD6, 0x55, 0x0A, 0xD1, 0x1C, 0xBA, 0xBA,
  0x56, 0x65, 0xC9, 0x50, 0x26, 0xA3, 0xA2, 0xEA, 0x65, 0x3C, 0x63, 0xE7, 0x1B, 0x1E, 0x79, 0x53, 0x01, 0x1D, 0x92, 0x09,
  0x85, 0x31, 0xF4, 0x45, 0x0E, 0xAE, 0x7A, 0x07, 0x4E, 0x38, 0xF6, 0xEF, 0x6F, 0x01, 0x13, 0x6B, 0x4C, 0x87, 0x0C, 0xC9,
  0x5C, 0x39, 0xED, 0xB4, 0x9D, 0x1D, 0x7D, 0x99, 0xE3, 0x76, 0x66, 0xE5, 0xF8, 0x9D, 0x4A, 0x20, 0xA2, 0xBA, 0xB6, 0x36,
  0x6C, 0xD2, 0x2E, 0x5D, 0x94, 0x21, 0x25, 0xB7, 0xB0, 0x06, 0xCC, 0xA7, 0x28, 0x42, 0x0D, 0xBD, 0x41, 0x4B, 0x3F, 0xD8,
  0x53, 0x34, 0x32, 0xC5, 0x95, 0x28, 0x55, 0x41, 0x6F, 0x8A, 0xC2, 0xCC, 0x12, 0xB5, 0xEE, 0x3F, 0xDC, 0x17, 0x96, 0x5B,
  0x1E, 0x3B, 0xCF, 0x57, 0x43, 0x3A, 0x5C, 0xCA, 0xB4, 0xEA, 0x8F, 0xF8, 0xB1, 0x96, 0xDF, 0x4F, 0x36, 0x8B, 0xDB, 0xED,
  0x5E, 0xDA, 0x93, 0x03, 0x94, 0x4E, 0x90, 0x6A, 0x47, 0x6C, 0x74, 0x30, 0xF3, 0x7A, 0xD9, 0x52, 0x75, 0x29, 0xB3, 0x9B,
  0xA3, 0xFC, 0x20, 0x1C, 0xFB, 0x98, 0x1F, 0xC6, 0xB6, 0x4E, 0x36, 0xA6, 0x55, 0x46, 0x3F, 0xED, 0x60, 0x19, 0x19, 0xBB,
  0xEF, 0x53, 0xF8, 0xAE, 0x30, 0x09, 0x61, 0xC8, 0xFE, 0x30, 0xFE, 0xDB, 0x1A, 0xC8, 0xFA, 0x9E, 0x64, 0x8B, 0x31, 0x9F,
  0xE1, 0x16, 0xA1, 0xBB, 0xF1, 0x0D, 0xEB, 0xCB, 0xCC, 0x5F, 0x46, 0x9E, 0x22, 0x3D, 0x22, 0x0C, 0x60, 0x6A, 0x36, 0xD9,
  0x30, 0x63, 0xB7, 0xC3, 0x44, 0xD2, 0xF5, 0x3A, 0x1B, 0x81, 0xB4, 0xB7, 0x52, 0x42, 0x3D, 0xB0, 0x2A, 0x22, 0xF9, 0x0D,
  0x51, 0x3C, 0x35, 0x0D, 0xA5, 0x91, 0x48, 0x21, 0xE4, 0x5B, 0x8A, 0x60, 0xA9, 0xA8, 0xF3, 0xB2, 0x72, 0x73, 0xD9, 0x39,
  0x3C, 0x1E, 0x64, 0x24, 0x0D, 0xA7, 0x0E, 0x06, 0x6F, 0x4E, 0xFD, 0xBA, 0x69, 0x99, 0xEA, 0x57, 0xA6, 0x0C, 0x74, 0x9D,
  0x17, 0xE2, 0x22, 0x94, 0x8A, 0xDE, 0x47, 0x7C, 0x2B, 0x57, 0xFC, 0x9A, 0xA4, 0x87, 0xAB, 0x5D, 0x7D, 0x0A, 0x07, 0x2F,
  0x77, 0xD6, 0x79, 0xB5, 0x29, 0xA9, 0x6A, 0x08, 0x63, 0xAB, 0xDB, 0xD2, 0x16, 0x56, 0x65, 0x92, 0x42, 0x8D, 0xE9, 0x0D,
  0xF3, 0x80, 0x92, 0xDA, 0x8C, 0x3F, 0x2A, 0xA3, 0x8A, 0x55, 0x3A, 0x68, 0x75, 0x54, 0x3C, 0x92, 0x1F, 0xAF, 0x88, 0x08,
  0xE0, 0x75, 0x86, 0xCE, 0xB3, 0x16, 0xDF, 0x3C, 0xF8, 0x2A, 0x32, 0x8E, 0x2D, 0xAB, 0x50, 0x3F, 0x7F, 0x04, 0x45, 0x66,
  0x95, 0xB7, 0xB7, 0x48, 0x8B, 0x97, 0x24, 0x92, 0xF2, 0x58, 0xAE, 0x50, 0x79, 0xA8, 0x88, 0x3E, 0x77, 0xBF, 0xE4, 0xDB,
  0xE9, 0x64, 0xF7, 0xC5, 0xE5, 0x80, 0x36, 0xF8, 0x78, 0xD9, 0xE4, 0x07, 0x05, 0xCC, 0xB8, 0xF6, 0x24, 0xC7, 0xFE, 0xC1,
  0xEB, 0xB7, 0xD3, 0xA2, 0x63, 0x90, 0x86, 0x93, 0x5B, 0x18, 0x8E, 0x4D, 0x36, 0x0D, 0xD9, 0xDB, 0xCE, 0x31, 0x23, 0x03,
  0x16, 0xBD, 0x76, 0xFE, 0x53, 0x85, 0x93, 0x7F, 0x79, 0xC7, 0x4D, 0x83, 0x6D, 0x85, 0xDB, 0x14, 0x7A, 0x7F, 0x0C, 0x9F,
  0x39, 0xD1, 0x63, 0xF8, 0x8C, 0x43, 0xEC, 0x46, 0x28, 0xCB, 0xF2, 0x84, 0x59, 0x54, 0xE2, 0x34, 0xA7, 0x8E, 0xD3, 0x7C,
  0x76, 0xDA, 0x4D, 0x1D, 0x4B, 0xB1, 0x84, 0x5A, 0xB5, 0x3F, 0x70, 0xD3, 0xE7, 0xF3, 0x58, 0x4B, 0x86, 0x28, 0xE9, 0x50,
  0xDD, 0x68, 0xDF, 0x1E, 0xB1, 0x23, 0xC5, 0x6E, 0x1E, 0xA3, 0x75, 0xBA, 0x26, 0x4E, 0x07, 0x32, 0xDF, 0x0C, 0x56, 0xE3,
  0x31, 0x5B, 0xD0, 0xAB, 0xB5, 0x05, 0x81, 0x92, 0xAE, 0x19, 0xB0, 0x7D, 0x3E, 0x6D, 0x17, 0x73, 0x6A, 0x53, 0xE1, 0xA2,
  0xF2, 0x11, 0xD7, 0xAB, 0x81, 0x4B, 0x9D, 0xB5, 0x1E, 0x2E, 0xAF, 0x34, 0x31, 0xEE, 0x69, 0x1B, 0xE3, 0x24, 0x4C, 0x3C,
  0xD1, 0x85, 0xB8, 0x5E, 0x0E, 0x4A, 0x4E, 0xEA, 0x63, 0x28, 0xC6, 0xFB, 0xA2, 0x92, 0x19, 0x27, 0x1E, 0x2B, 0x20, 0xFF,
  0x21, 0xCD, 0xE6, 0x25, 0x88, 0x8F, 0x79, 0x7F, 0x88, 0x57, 0xE5, 0xC2, 0x9C, 0xAE, 0xD5, 0x62, 0xB1, 0x54, 0xCA, 0x5F,
  0x54, 0xC9, 0xF3, 0x98, 0x68, 0x25, 0x35, 0xAD, 0x0A, 0x46, 0xC4, 0x69, 0x8F, 0x88, 0xD2, 0xBA, 0x1E, 0x62, 0x29, 0x6F,
  0x71, 0xE3, 0x9D, 0xB6, 0xFD, 0xF2, 0x2C, 0x92, 0xD9, 0x99, 0xED, 0xFB, 0xE9, 0xD7, 0x49, 0x1F, 0x49, 0x21, 0x96, 0xA0,
  0x92, 0xFD, 0xFD, 0xCD, 0x83, 0x7A, 0x07, 0x0B, 0x58, 0x8E, 0x93, 0x74, 0x10, 0x67, 0x47, 0xB6, 0xA2, 0xA2, 0xB9, 0xBD,
  0x2F, 0xAC, 0xB9, 0x55, 0x98, 0x4E, 0x34, 0x99, 0x34, 0x88, 0x4F, 0xB0, 0x99, 0x2A, 0x94, 0xC0, 0x62, 0x88, 0xFB, 0x36,
  0x5D, 0x44, 0x14, 0xAB, 0xF1, 0x72, 0x11, 0xE4, 0xAD, 0xE0, 0xAB, 0x4A, 0x31, 0x81, 0x4E, 0x31, 0x2C, 0x79, 0x7A, 0x98,
  0xC6, 0x6A, 0x7A, 0x08, 0x4B, 0x4F, 0x9A, 0x9F, 0xA6, 0x21, 0x4A, 0x54, 0x10, 0xC7, 0x5D, 0xC0, 0x9F, 0x21, 0x7B, 0x4E,
  0x33, 0xFD, 0x14, 0xBB, 0x0F, 0xFF, 0xA7, 0xA8, 0x27, 0x22, 0xEA, 0xAB, 0xF5, 0xB2, 0x88, 0x6C, 0x76, 0x26, 0xAC, 0xFD,
  0xDB, 0xF8, 0x4E, 0x5F, 0x44, 0x6E, 0xD8, 0xC2, 0xD3, 0x1A, 0x7E, 0xDC, 0xF4, 0x65, 0x44, 0x58, 0x3D, 0x38, 0x55, 0x9C,
  0x5C, 0xB0, 0x99, 0xF1, 0x66, 0xC2, 0xA8, 0x1F, 0xB2, 0x8C, 0xB2, 0xD1, 0x36, 0xE8, 0x2A, 0x1F, 0x94, 0x61, 0x0A, 0xFB,
  0x39, 0xA4, 0x20, 0xB5, 0xE2, 0x88, 0xF2, 0xEF, 0x4A, 0x11, 0x1A, 0x79, 0xB2, 0x46, 0x71, 0xB5, 0x00, 0x7B, 0x36, 0x9C,
  0xC4, 0xD3, 0x05, 0xE3, 0x35, 0xD3, 0xC3, 0x41, 0x15, 0x8A, 0x35, 0x56, 0xCB, 0xAF, 0xF6, 0xF8, 0xA7, 0xFB, 0x4C, 0x30,
  0x55, 0x0E, 0x3A, 0x9E, 0x56, 0xEF, 0xF5, 0xEB, 0xD4, 0xAA, 0x1B, 0xFC, 0xE6, 0xE6, 0x2B, 0xAB, 0xB1, 0xA8, 0x31, 0x5F,
  0x51, 0x4E, 0x5E, 0xF3, 0x94, 0xCC, 0x39, 0xD5, 0x82, 0x75, 0xC4, 0x79, 0x29, 0x97, 0x85, 0xBA, 0x6A, 0x86, 0xF7, 0x2A,
  0x3A, 0x9B, 0xD9, 0xF0, 0x66, 0x71, 0x2E, 0xC3, 0x0F, 0xF9, 0x79, 0x2B, 0xEA, 0xBF, 0x4F, 0xCB, 0x32, 0x5D, 0xE1, 0x17,
  0xB7, 0xB7, 0xE1, 0x10, 0x7E, 0x64, 0x06, 0xF6, 0x09, 0xA6, 0x50, 0x18, 0xD4, 0xC7, 0x5B, 0x10, 0x40, 0x75, 0xF1, 0xAF,
  0x6B, 0xB3, 0x78, 0xCB, 0x31, 0x61, 0xEE, 0x5A, 0x3A, 0xDB, 0xE0, 0xDA, 0x44, 0xDD, 0xCA, 0xF5, 0x8E, 0xD9, 0xC9, 0x27,
  0x8D, 0xA0, 0xD8, 0xC9, 0x9C, 0xA4, 0x61, 0xDD, 0x1E, 0xBA, 0x47, 0xA7, 0xA0, 0xFD, 0x23, 0x0D, 0x05, 0x07, 0x1C, 0x69,
  0xA5, 0x11, 0xF2, 0xD1, 0xB6, 0x85, 0x55, 0xEE, 0x3A, 0x79, 0xB0, 0xA0, 0x9E, 0xF1, 0x0F, 0x5D, 0x0F, 0x5A, 0x3A, 0x67,
  0x52, 0x1C, 0xA2, 0xB4, 0xEA, 0xAF, 0xC8, 0xD4, 0x98, 0x6D, 0x3C, 0xBB, 0xC5, 0x25, 0xA4, 0xAB, 0x83, 0x77, 0x24, 0x44,
  0x7B, 0xFC, 0x33, 0xA7, 0xDE, 0x3D, 0x63, 0x69, 0xFA, 0x22, 0x1B, 0x1D, 0xEC, 0x5D, 0xD4, 0xE5, 0x37, 0x87, 0x2E, 0x49,
  0x53, 0xBB, 0x19, 0x1D, 0x88, 0xCC, 0xED, 0x9E, 0x6B, 0x04, 0x7D, 0xE6, 0x49, 0xE8, 0x6D, 0x8D, 0x78, 0xFB, 0xEB, 0x82,
  0x56, 0xDA, 0x5D, 0x93, 0xCA, 0x8D, 0x2E, 0x16, 0x3B, 0x3B, 0x52, 0x15, 0x6F, 0xDA, 0x99, 0x6C, 0xDD, 0xAC, 0xF3, 0x8E,
  0x5E, 0x22, 0x66, 0xD7, 0xDC, 0x21, 0x68, 0x85, 0x54, 0x9A, 0x5B, 0x13, 0xCD, 0xAA, 0x75, 0x05, 0xE1, 0xD8, 0x39, 0xF5,
  0x4E, 0xA0, 0xA3, 0x87, 0xA5, 0xF2, 0xEF, 0xEA, 0x45, 0x53, 0xCE, 0x41, 0x07, 0xB0, 0x8C, 0xD9, 0xEA, 0x45, 0x52, 0x35,
  0xFE, 0x53, 0x58, 0x0A, 0x53, 0xD5, 0x50, 0x4F, 0x54, 0x93, 0x91, 0xE8, 0xEF, 0x8F, 0x8C, 0x55, 0x21, 0xE9, 0x88, 0xF8,
  0x55, 0xA5, 0x36, 0x98, 0x4E, 0x04, 0xD2, 0xA9, 0x03, 0xDB, 0x16, 0x57, 0x6F, 0x94, 0x01, 0x81, 0xF0, 0x80, 0xC8, 0x84,
  0xD8, 0xA4, 0x52, 0x10, 0x98, 0xF3, 0x35, 0x80, 0xD4, 0x58, 0x72, 0x7B, 0x7C, 0x10, 0x2A, 0x34, 0xF1, 0xC4, 0x65, 0x69,
  0xC5, 0x99, 0xEC, 0x2E, 0xBB, 0x36, 0xA1, 0x53, 0xC6, 0xA0, 0x1A, 0x43, 0x2A, 0xD1, 0x58, 0x4D, 0xB8, 0x97, 0xE9, 0x5B,
  0x56, 0x9D, 0x5E, 0xA2, 0x29, 0x5F, 0x4F, 0x2E, 0x5B, 0x75, 0x1A, 0xB3, 0x66, 0x57, 0xBC, 0xBD, 0x6E, 0x5C, 0x4D, 0x1E,
  0x2D, 0xD8, 0xAB, 0x4C, 0x28, 0x70, 0xEF, 0x14, 0xAB, 0xB5, 0x4C, 0x64, 0xF0, 0x98, 0x1E, 0x38, 0xAE, 0x4C, 0x3C, 0xDD,
  0xB2, 0x2D, 0x09, 0x86, 0x17, 0xF3, 0x29, 0x48, 0x7D, 0xB5, 0x15, 0x58, 0x09, 0x1C, 0xDD, 0x3C, 0x09, 0x9C, 0xD2, 0xFD,
  0x51, 0xA1, 0xF2, 0x5D, 0xC4, 0xE8, 0xC3, 0x0A, 0xB2, 0xC4, 0x85, 0x5A, 0xAA, 0x6B, 0x47, 0xDB, 0xE5, 0x46, 0x35, 0xCA,
  0xF0, 0xF8, 0x02, 0x9C, 0xE3, 0xDA, 0x30, 0x38, 0x65, 0x8D, 0x82, 0x99, 0xCC, 0xBD, 0x3F, 0xEF, 0xA1, 0x14, 0x02, 0x5B,
  0x1D, 0xFE, 0xD0, 0xC1, 0xFE, 0x7A, 0x1B, 0xF2, 0x0B, 0xDB, 0x4C, 0x55, 0x1C, 0xE1, 0x94, 0xD8, 0xAF, 0x30, 0x9B, 0xC2,
  0x5A, 0xB3, 0xC9, 0xD1, 0x8C, 0x26, 0x85, 0xBF, 0x41, 0xD3, 0x7B, 0x8D, 0x26, 0x11, 0x25, 0xA1, 0xC3, 0x6B, 0x0E, 0x4F,
  0x33, 0x23, 0x9F, 0x25, 0x9E, 0xC2, 0x91, 0x77, 0x1C, 0xFA, 0x25, 0x62, 0x29, 0xA5, 0x53, 0x0D, 0x27, 0x84, 0x5B, 0xE0,
  0xCE, 0x92, 0xD9, 0xC6, 0x6E, 0x8B, 0x3E, 0x4C, 0x2C, 0x48, 0xEB, 0xD6, 0x12, 0x8B, 0xA3, 0xA4, 0x8E, 0xA3, 0xD6, 0x63,
  0x77, 0xF3, 0xB0, 0xF0, 0x43, 0x8D, 0x9B, 0x0D, 0xBC, 0x40, 0x69, 0xF3, 0x73, 0x11, 0x55, 0x2E, 0xA7, 0x73, 0xA2, 0x94,
  0x2D, 0x0B, 0x5D, 0x56, 0xE2, 0x94, 0x5F, 0xB2, 0xE1, 0x21, 0x91, 0x18, 0x9E, 0x2E, 0xF7, 0x22, 0x56, 0x61, 0xE7, 0x6B,
  0xA7, 0x29, 0x71, 0x46, 0x90, 0x25, 0xD6, 0xBB, 0x5C, 0xF0, 0x9D, 0xB6, 0x1A, 0x95, 0xD0, 0x4F, 0x10, 0x62, 0xBE, 0xF3,
  0x08, 0x21, 0xD6, 0x3D, 0x51, 0x86, 0xA9, 0xDB, 0x7A, 0x54, 0x06, 0x74, 0x83, 0x3A, 0x57, 0xB8, 0x72, 0xE5, 0xC6, 0x3E,
  0xFE, 0xE3, 0x8D, 0x54, 0xA7, 0x8C, 0x3C, 0x9E, 0xC2, 0x27, 0xB3, 0x4A, 0x3E, 0x59, 0xA9, 0x00, 0x28, 0x52, 0xAC, 0x91,
  0x48, 0xBF, 0xA3, 0x53, 0x93, 0x78, 0xA5, 0xD3, 0xE9, 0x38, 0x43, 0x56, 0x63, 0xFE, 0xEC, 0xD4, 0x8D, 0x18, 0x68, 0x37,
  0x37, 0xF3, 0x9A, 0xA4, 0x92, 0x09, 0xA6, 0x1C, 0xD8, 0x38, 0x78, 0xE5, 0x35, 0x33, 0xCC, 0x5C, 0x09, 0x05, 0xD9, 0x2D,
  0x3D, 0xFA, 0xCF, 0xAE, 0x6A, 0xA6, 0xED, 0xBB, 0x7F, 0x94, 0xED, 0x90, 0xA2, 0xE3, 0xBA, 0x75, 0x36, 0x92, 0xC7, 0x6E,
  0x6E, 0x3D, 0x41, 0xBD, 0x3A, 0xB5, 0xEA, 0x35, 0x92, 0xD9, 0x54, 0x6D, 0x9A, 0xDD, 0x11, 0xAD, 0xE4, 0x47, 0xFA, 0x06,
  0xF9, 0x51, 0x49, 0x2B, 0x05, 0x55, 0xAD, 0x14, 0x54, 0x55, 0x78, 0xC8, 0xEA, 0xB8, 0xF0, 0xB6, 0x05, 0xFE, 0x92, 0x85,
  0xE7, 0xE7, 0xE2, 0xD5, 0x15, 0x54, 0xBC, 0x80, 0x3F, 0xC9, 0xF8, 0x8E, 0xBD, 0x52, 0xA2, 0xA8, 0xE0, 0x3A, 0x23, 0xCF,
  0x7B, 0xB9, 0xD4, 0x1F, 0x71, 0x77, 0x1B, 0xE5, 0x6F, 0x78, 0x3D, 0xC5, 0x59, 0x96, 0xDE, 0x60, 0xAB, 0xCF, 0x8C, 0x18,
  0xAF, 0x18, 0x68, 0xB3, 0x6B, 0xAB, 0x2E, 0xCE, 0xF4, 0x17, 0x4D, 0xB0, 0x7A, 0x2E, 0xC4, 0x66, 0x88, 0x24, 0xF0, 0x32,
  0x0A, 0xC3, 0x60, 0xF3, 0x88, 0x71, 0x8B, 0x8A, 0x40, 0xFE, 0x36, 0x0B, 0xF5, 0x3B, 0x9F, 0x80, 0x87, 0xE7, 0xCF, 0x8C,
  0x55, 0x3C, 0x60, 0x56, 0xFA, 0xC5, 0x99, 0xA5, 0xCF, 0xF6, 0x92, 0x88, 0xCA, 0xD0, 0xE6, 0x64, 0xD3, 0xD4, 0x4C, 0x24,
  0x8A, 0xEF, 0x44, 0x7F, 0xBE, 0x0E, 0xBC, 0x41, 0x23, 0x5B, 0xA7, 0xA2, 0x47, 0x4D, 0x1F, 0xAA, 0xEA, 0x3C, 0xBB, 0x7C,
  0x7E, 0x8E, 0xE7, 0x79, 0x9B, 0xE5, 0xDD, 0x8D, 0xD6, 0x86, 0xD7, 0xEB, 0x9D, 0x19, 0x74, 0x14, 0xF4, 0xDB, 0x39, 0x81,
  0x48, 0x8C, 0xEC, 0x79, 0xF4, 0x4F, 0x19, 0x39, 0x1D, 0x2D, 0xE5, 0x17, 0x7C, 0xE5, 0x2A, 0xF0, 0x7B, 0xA1, 0x3F, 0x8A,
  0xD5, 0x53, 0x6D, 0xEB, 0x2B, 0xB8, 0xDB, 0xC0, 0x3D, 0x46, 0x42, 0xC9, 0x06, 0x3E, 0x6C, 0xF0, 0xC1, 0xC1, 0x87, 0xEC,
  0xE2, 0x0C, 0x9A, 0xED, 0xAC, 0x18, 0x85, 0x80, 0xC1, 0xFE, 0x6B, 0xD0, 0xE4, 0x45, 0xBB, 0x67, 0x06, 0x4F, 0x7C, 0x10,
  0xCA, 0x2E, 0x69, 0xD7, 0xE7, 0x8B, 0xE3, 0x3D, 0x51, 0xA3, 0x5B, 0xF4, 0xEB, 0xF8, 0xA7, 0x77, 0xA4, 0x7A, 0xDC, 0xA2,
  0xA7, 0x5D, 0xED, 0xF8, 0xFC, 0x5C, 0x5F, 0xB2, 0xF2, 0x0B, 0x57, 0xA6, 0x55, 0x5C, 0xB0, 0x13, 0xCE, 0x1C, 0x19, 0x0F,
  0x36, 0xDB, 0xF9, 0x0D, 0xFF, 0xF3, 0xE0, 0xD0, 0x14, 0xC6, 0x86, 0xFD, 0xA9, 0xC2, 0x56, 0xAC, 0xDB, 0x28, 0x2A, 0x84,
  0xF1, 0x4A, 0x14, 0x7E, 0x00, 0x4E, 0x3C, 0x14, 0xFE, 0xE2, 0x41, 0xEC, 0x28, 0x88, 0xD0, 0x47, 0x1A, 0x44, 0x28, 0x5D,
  0x4E, 0xCB, 0x23, 0xC1, 0xF5, 0x3C, 0x3E, 0x96, 0xFD, 0xB9, 0x40, 0x3D, 0x3F, 0xD7, 0xF1, 0x94, 0x53, 0xD6, 0xB9, 0x4A,
  0x5A, 0xCF, 0x85, 0x15, 0x55, 0x21, 0x7C, 0x56, 0x54, 0xCE, 0xA9, 0x2A, 0x74, 0x38, 0x51, 0xD1, 0x5F, 0x80, 0x10, 0xB0,
  0x6D, 0xE6, 0xFD, 0x8E, 0x0E, 0x43, 0x45, 0xE5, 0xB5, 0xA3, 0xF8, 0xEE, 0x69, 0xA3, 0x10, 0xB1, 0xD4, 0x0E, 0xE0, 0x02,
  0x33, 0x14, 0x68, 0xC2, 0xDB, 0x73, 0xB2, 0x49, 0xF3, 0xA9, 0xC6, 0x0D, 0xAD, 0x13, 0x21, 0xCC, 0xCF, 0xC5, 0xEF, 0x5B,
  0xA8, 0x98, 0x81, 0x54, 0xCD, 0x99, 0xC1, 0x4B, 0xBC, 0xD5, 0xF9, 0x72, 0x8A, 0x6B, 0x3D, 0x02, 0x25, 0x74, 0xD0, 0xFD,
  0x74, 0xC4, 0xEA, 0xB2, 0x83, 0x1D, 0xF6, 0x56, 0x48, 0xF8, 0x39, 0x9D, 0xB0, 0xA9, 0xB6, 0xC0, 0x71, 0xF0, 0x33, 0x03,
  0x6C, 0xF1, 0x26, 0xC4, 0x4B, 0x24, 0xE2, 0xC0, 0x37, 0xF0, 0x7F, 0x26, 0x65, 0x50, 0x19, 0x8E, 0x5A, 0x43, 0x9A, 0x86,
  0x3A, 0x2A, 0xE3, 0xD4, 0x00, 0x9B, 0x17, 0xBA, 0x97, 0x80, 0x65, 0xB0, 0x3A, 0x35, 0xA0, 0x9E, 0xDF, 0xE4, 0x1F, 0x2B,
  0x60, 0xB1, 0x33, 0xE2, 0x1C, 0x26, 0xDF, 0x35, 0xBA, 0x36, 0xFD, 0xDF, 0x77, 0xDF, 0x04, 0x2E, 0xFE, 0x7B, 0xEB, 0x44,
  0x77, 0x4E, 0x54, 0x06, 0xAA, 0x0E, 0x24, 0x3A, 0x92, 0xCD, 0xA1, 0x81, 0x89, 0x2D, 0x24, 0x5D, 0x77, 0x3F, 0x3C, 0x90,
  0xBC, 0x42, 0xB6, 0x17, 0x02, 0xF9, 0xB9, 0x2E, 0x8B, 0x64, 0x61, 0xF4, 0xD9, 0xE5, 0xF5, 0x9F, 0x5E, 0xBF, 0xFA, 0xF0,
  0xA7, 0xD7, 0x6F, 0xBF, 0x07, 0x18, 0xB5, 0x4D, 0x8B, 0xB2, 0xE8, 0xB3, 0xCB, 0x77, 0xEF, 0x5F, 0xFF, 0xF1, 0xEA, 0xC3,
  0x4B, 0xE3, 0xFA, 0xC3, 0x8F, 0xEF, 0xAF, 0xBE, 0x7F, 0x09, 0x9E, 0x45, 0x1D, 0xEE, 0xE5, 0x3F, 0xFF, 0x81, 0x39, 0xE9,
  0x83, 0xF1, 0xE6, 0xEA, 0xFA, 0xC3, 0xCB, 0xF7, 0x86, 0x65, 0x17, 0x83, 0x95, 0x55, 0x85, 0xAC, 0xA3, 0xAE, 0xD5, 0x2F,
  0x7C, 0x3C, 0x31, 0x5A, 0x0E, 0xBD, 0xF8, 0x20, 0xFF, 0x28, 0x23, 0x92, 0xED, 0xC2, 0xD5, 0x25, 0xD7, 0x80, 0xC5, 0xCB,
  0x9E, 0x3E, 0xB0, 0x4C, 0x4E, 0xAE, 0x9A, 0x15, 0xFB, 0xC3, 0xA8, 0x29, 0x4C, 0x31, 0x54, 0x43, 0x10, 0x6A, 0x14, 0xEF,
  0xAF, 0x2A, 0x94, 0x2A, 0x83, 0x93, 0xEE, 0xA2, 0x41, 0xCD, 0xF3, 0xC5, 0xD9, 0x28, 0xC6, 0x11, 0x49, 0x88, 0xF0, 0x19,
  0x4E, 0x7A, 0x0D, 0x3F, 0x62, 0x64, 0x36, 0xD1, 0x07, 0x1A, 0xB3, 0xD9, 0x12, 0x2B, 0xD0, 0x66, 0x65, 0xD5, 0x34, 0xB5,
  0xAB, 0xFD, 0xD7, 0x7F, 0xFF, 0xA7, 0x5C, 0x6A, 0xA5, 0xD7, 0x0F, 0xA4, 0xB7, 0xCF, 0x2E, 0x99, 0x8A, 0x32, 0xA6, 0xD8,
  0xFF, 0x1C, 0x29, 0x1C, 0xAC, 0xB2, 0x8D, 0x40, 0x97, 0xBD, 0x4A, 0x8D, 0xBE, 0xE4, 0xA6, 0xA5, 0xFC, 0xA9, 0xB8, 0x47,
  0xAE, 0x56, 0x81, 0x17, 0xD7, 0x89, 0xAA, 0x0C, 0x56, 0x6E, 0xF0, 0x86, 0x11, 0xCB, 0xBF, 0xFE, 0xD7, 0x7F, 0x6B, 0x4A,
  0x9E, 0x37, 0x04, 0xF8, 0xEC, 0x65, 0x1C, 0x2A, 0x2D, 0x89, 0x27, 0xCF, 0xD9, 0x0D, 0xA5, 0x97, 0x3F, 0xFC, 0xF8, 0xE2,
  0xEA, 0x87, 0x9C, 0x6A, 0xCE, 0x8D, 0xAB, 0xF7, 0xEF, 0xAF, 0x7E, 0x46, 0x23, 0xF6, 0xA3, 0x6E, 0x36, 0x68, 0x5F, 0xCA,
  0x50, 0xD0, 0x4D, 0xA6, 0x87, 0xA0, 0x14, 0x97, 0x91, 0x9E, 0x5D, 0xF2, 0xB7, 0x76, 0x19, 0xDF, 0x63, 0xD1, 0x98, 0x8E,
  0xD7, 0xA7, 0x97, 0x21, 0xBF, 0x75, 0x2E, 0x7F, 0x9E, 0xAF, 0x33, 0x92, 0x75, 0xE9, 0xD2, 0x7C, 0x3E, 0xC8, 0x2E, 0x71,
  0xF8, 0x9C, 0x42, 0x5C, 0x2C, 0x03, 0xD4, 0x81, 0xE1, 0xE7, 0xA8, 0x12, 0xE7, 0xF2, 0x1A, 0x46, 0x3A, 0x0C, 0x35, 0x14,
  0xC6, 0xE3, 0xA4, 0xE3, 0x0C, 0xD6, 0x97, 0xC8, 0x10, 0xB1, 0x97, 0x7F, 0x19, 0x77, 0x74, 0xCB, 0x54, 0x6A, 0x02, 0x9C,
  0x35, 0x2B, 0x86, 0x17, 0x99, 0x23, 0xAA, 0x1F, 0x42, 0x22, 0xF3, 0x7E, 0x9E, 0x7D, 0x34, 0xA0, 0xD8, 0xD6, 0x8B, 0x4E,
  0xCE, 0x1A, 0xC7, 0x16, 0xCB, 0x5E, 0x55, 0x76, 0x29, 0x58, 0xEA, 0xC5, 0x8F, 0x6F, 0x3F, 0xBC, 0xFF, 0xF1, 0x07, 0xE3,
  0xDD, 0x0F, 0x57, 0x6F, 0x5F, 0x1A, 0x5F, 0xCF, 0x06, 0xCB, 0x45, 0xFF, 0x9F, 0xFF, 0xE0, 0x7F, 0x8D, 0x9C, 0x2D, 0x5F,
  0x5E, 0x5F, 0xBF, 0xFE, 0xF1, 0xAD, 0xCA, 0xF6, 0xE7, 0x82, 0x18, 0x0E, 0x90, 0x06, 0xDD, 0xC1, 0x5C, 0x4B, 0x19, 0xCA,
  0xF5, 0xAE, 0x90, 0x13, 0x62, 0x9D, 0x57, 0x74, 0x0B, 0x05, 0x70, 0x4A, 0x3C, 0xAE, 0x42, 0x7F, 0x6B, 0xAB, 0xDD, 0xD8,
  0x2B, 0x20, 0xCE, 0x24, 0xCA, 0x80, 0x4A, 0xBB, 0x90, 0x91, 0x8C, 0x49, 0xE9, 0x5A, 0x46, 0x29, 0x59, 0x98, 0x6D, 0xAC,
  0x74, 0xC6, 0xDB, 0x1E, 0xCE, 0x2E, 0xB9, 0xC5, 0xBA, 0xA1, 0x0D, 0xD2, 0x4D, 0xE5, 0x21, 0x92, 0x98, 0xD0, 0xEB, 0xB0,
  0x91, 0x96, 0xB4, 0x15, 0xE4, 0xE6, 0x8C, 0x67, 0xEB, 0x54, 0xC3, 0xAB, 0xB2, 0x88, 0xE2, 0xB2, 0x4B, 0x9D, 0xC7, 0xB9,
  0xE1, 0x0C, 0x83, 0x79, 0x32, 0x5E, 0xAE, 0x74, 0x63, 0x19, 0xC4, 0x03, 0x4F, 0x77, 0x65, 0xC4, 0xFC, 0xB6, 0x49, 0x85,
  0x08, 0x14, 0x29, 0xB3, 0xC4, 0xD2, 0x5E, 0xCF, 0xDE, 0x70, 0xC9, 0xCC, 0xA7, 0x92, 0xF9, 0xE9, 0xB2, 0x00, 0xC9, 0xA7,
  0x12, 0xD3, 0xC8, 0x76, 0x42, 0x0E, 0x14, 0xB2, 0x04, 0x04, 0x72, 0x25, 0xC0, 0x6D, 0x36, 0xD8, 0xDE, 0x34, 0x5A, 0x0A,
  0x12, 0x0B, 0xCE, 0xAF, 0x82, 0x93, 0xA5, 0x7F, 0x5B, 0xA3, 0xA0, 0x8D, 0xC3, 0x73, 0xEA, 0xF4, 0x65, 0x59, 0xA6, 0xCD,
  0x2F, 0x46, 0x24, 0x08, 0xDE, 0xF3, 0x8F, 0x02, 0x21, 0x65, 0x40, 0x74, 0x3A, 0x60, 0xA1, 0x6B, 0x82, 0xA8, 0xA0, 0x2D,
  0x03, 0x77, 0xB6, 0xDE, 0xCE, 0xF1, 0xE8, 0xDD, 0x8F, 0xD7, 0x1F, 0x00, 0x04, 0x23, 0xC1, 0x8B, 0xB3, 0x73, 0xD6, 0xE2,
  0x4C, 0xDD, 0x28, 0x8D, 0x14, 0xC9, 0xE4, 0xA5, 0x0D, 0x21, 0x9E, 0x84, 0xF5, 0xB1, 0xA4, 0xDB, 0xE0, 0xA6, 0x20, 0xAA,
  0x9F, 0xC4, 0x27, 0x58, 0x7A, 0xF4, 0xB3, 0xD2, 0x9C, 0x5D, 0xA7, 0xCB, 0x26, 0xCF, 0x5B, 0x8B, 0x37, 0x02, 0x16, 0xDF,
  0x95, 0x7B, 0x7A, 0xA5, 0x5B, 0x54, 0xFC, 0x48, 0x69, 0xD5, 0x21, 0xBC, 0x4A, 0x38, 0xB4, 0x5A, 0x27, 0xC2, 0x05, 0x3C,
  0xF6, 0xA4, 0x1E, 0xB4, 0x05, 0xE0, 0x07, 0x83, 0x43, 0x7E, 0xBE, 0x13, 0x9F, 0x0E, 0x81, 0x96, 0xB7, 0x16, 0xA0, 0x15,
  0xDF, 0xF9, 0xB6, 0x15, 0xDF, 0x6B, 0x40, 0x2D, 0x7E, 0xD4, 0x41, 0x45, 0x29, 0x2D, 0x85, 0xF4, 0xDA, 0xC5, 0xEF, 0x35,
  0x20, 0x0B, 0x72, 0xE1, 0xD3, 0x2C, 0xD7, 0x03, 0xDC, 0x30, 0x73, 0x76, 0xF9, 0xE3, 0x02, 0x6E, 0xEA, 0x90, 0x55, 0xF7,
  0xA6, 0xD5, 0x9D, 0xA5, 0xDD, 0xAC, 0x6E, 0xAD, 0x20, 0x8D, 0x83, 0x9B, 0x4B, 0x3E, 0x2F, 0x09, 0xC2, 0xEA, 0xFE, 0x0A,
  0xDF, 0xB8, 0x1E, 0x97, 0xB3, 0xF4, 0xFE, 0xA7, 0x7C, 0xA7, 0x5F, 0xDC, 0xCE, 0xE7, 0x54, 0xBF, 0x9F, 0xEF, 0xD0, 0x21,
  0xBC, 0xAA, 0x3D, 0x0F, 0xEF, 0x3A, 0x6A, 0x8C, 0x3A, 0xB8, 0x5E, 0x30, 0x7D, 0xE8, 0x40, 0x2C, 0x80, 0xB9, 0xF6, 0xEF,
  0x3B, 0xA2, 0x09, 0x93, 0x74, 0x76, 0x83, 0xB7, 0x4F, 0x9E, 0xB9, 0xF8, 0x16, 0x3F, 0xC8, 0x6F, 0x8E, 0x87, 0x31, 0x63,
  0x8A, 0x7A, 0x60, 0xAD, 0x7F, 0xB9, 0x6A, 0xFF, 0x7B, 0xDC, 0xFE, 0xBB, 0xD5, 0xEE, 0xFE, 0x52, 0x7C, 0xEC, 0xFC, 0xCF,
  0xF6, 0x2F, 0x5B, 0x44, 0x37, 0xDD, 0x1D, 0x36, 0x96, 0xA4, 0x21, 0x86, 0xF8, 0xD7, 0x7F, 0xFC, 0x6F, 0xC7, 0x33, 0x78,
  0xB4, 0x64, 0x69, 0x1A, 0xB3, 0xF5, 0x74, 0xC0, 0x3E, 0x24, 0xF3, 0x15, 0xFE, 0x7B, 0x0B, 0x3B, 0x01, 0x27, 0xAE, 0x4C,
  0xDC, 0xC5, 0x60, 0x20, 0xD0, 0x46, 0x17, 0x6A, 0xC0, 0xAE, 0x5F, 0x1E, 0xA3, 0x3E, 0xAC, 0xFB, 0x5D, 0x4E, 0x80, 0x2F,
  0xE8, 0x84, 0x3F, 0x61, 0x6C, 0x71, 0x02, 0x25, 0xAA, 0x3D, 0x1F, 0x47, 0x8C, 0x57, 0x2B, 0xAC, 0x02, 0x4A, 0xD5, 0x88,
  0xD8, 0xCB, 0x3C, 0xB1, 0xE9, 0x80, 0xB6, 0x8C, 0x46, 0x0C, 0xAF, 0xD0, 0xA3, 0x82, 0xCA, 0x48, 0x43, 0x65, 0xE0, 0x1D,
  0x5B, 0x21, 0xA8, 0x73, 0x34, 0xCE, 0xA6, 0xCA, 0x2A, 0xF9, 0x83, 0x93, 0x16, 0x59, 0xEE, 0x2C, 0x16, 0x5A, 0x79, 0x7C,
  0x02, 0xF3, 0x31, 0x75, 0x8F, 0xDE, 0xF9, 0xBC, 0x46, 0x7C, 0x13, 0x8F, 0x67, 0x5F, 0x76, 0xDD, 0xB5, 0x4C, 0x9A, 0x0B,
  0xE0, 0x05, 0xAE, 0x29, 0xB8, 0x8B, 0x27, 0x47, 0x18, 0x55, 0xC6, 0xA8, 0x94, 0xBB, 0x8F, 0x35, 0x36, 0xCC, 0x9F, 0x71,
  0xAD, 0x87, 0x70, 0x35, 0x56, 0x3E, 0x67, 0x3E, 0xCF, 0xE5, 0x5E, 0x9B, 0x64, 0xCA, 0xCC, 0x91, 0xB7, 0xE9, 0x3D, 0xA9,
  0x01, 0xD2, 0x8F, 0x4B, 0x83, 0x5E, 0xCA, 0x40, 0x5B, 0x64, 0xCC, 0xEF, 0x67, 0xC0, 0x8F, 0x84, 0xCE, 0xE0, 0x49, 0x71,
  0x63, 0xC9, 0xA2, 0x9A, 0xB3, 0x8E, 0x01, 0xEB, 0x58, 0x34, 0xA1, 0x8B, 0x71, 0x96, 0x69, 0xCA, 0xF5, 0xBA, 0xE4, 0x33,
  0x70, 0x02, 0x9D, 0x23, 0xE4, 0x0F, 0x25, 0xE6, 0x3A, 0xC6, 0x95, 0x9C, 0x86, 0xAE, 0xBE, 0x22, 0x63, 0x6B, 0xBC, 0x64,
  0x06, 0x00, 0xB7, 0xB4, 0xFA, 0xD4, 0x1D, 0x84, 0x0E, 0x15, 0x0A, 0x31, 0x83, 0x1A, 0xEE, 0xAB, 0xB7, 0xC4, 0x38, 0x7F,
  0x7C, 0xF7, 0xD6, 0x68, 0xFE, 0xE1, 0xC3, 0x87, 0x77, 0xAD, 0xCE, 0x3E, 0x33, 0xA8, 0xE4, 0x4E, 0xC8, 0xB7, 0xAA, 0x8E,
  0xD6, 0x33, 0x6E, 0x1B, 0xA9, 0x5A, 0x90, 0x2C, 0x6F, 0x13, 0xCE, 0x55, 0x9C, 0x09, 0x9C, 0x5D, 0x90, 0xCA, 0x6E, 0xF1,
  0x73, 0x8C, 0x33, 0xEC, 0x88, 0x10, 0x85, 0x17, 0xD4, 0x90, 0xDE, 0xF2, 0x2A, 0xB5, 0x26, 0x9D, 0x3B, 0xCB, 0x5F, 0xF5,
  0x8A, 0x17, 0xC3, 0x8A, 0xB7, 0xBC, 0x7E, 0xBB, 0x79, 0x9D, 0x08, 0xD5, 0x4E, 0xB2, 0xB0, 0xD1, 0xEA, 0x08, 0x97, 0x40,
  0xF4, 0x3B, 0xD8, 0x4D, 0x11, 0xBB, 0x45, 0xC7, 0xAF, 0x4E, 0xE9, 0x59, 0x18, 0x2B, 0xE8, 0xC8, 0xF6, 0xF3, 0x07, 0x08,
  0xE7, 0x0E, 0xF7, 0x5D, 0xF0, 0xB3, 0xB0, 0x08, 0x1A, 0xA6, 0x1C, 0xAD, 0x75, 0x0A, 0x20, 0x27, 0x8C, 0x77, 0xD2, 0x70,
  0x1A, 0x74, 0x84, 0xFD, 0xD5, 0x2A, 0x1B, 0x83, 0xC0, 0x31, 0x92, 0x66, 0xB0, 0x34, 0xCC, 0x6B, 0xFC, 0x30, 0xBB, 0x69,
  0xE6, 0x50, 0x3E, 0x06, 0xCC, 0x53, 0x06, 0xAE, 0x1F, 0x17, 0xCF, 0xB2, 0xCD, 0x35, 0x6B, 0x3B, 0xCF, 0x9A, 0x8D, 0xE2,
  0x1D, 0x67, 0x18, 0x95, 0x92, 0xD2, 0x2F, 0xC4, 0xDB, 0x84, 0x45, 0xEF, 0xDF, 0x35, 0x74, 0x7B, 0xA9, 0xD1, 0x6B, 0x08,
  0x13, 0xEE, 0x30, 0x55, 0x94, 0x4C, 0xE2, 0x7D, 0x83, 0x0B, 0xA5, 0xA8, 0x71, 0x10, 0x73, 0x33, 0x0A, 0xCE, 0x21, 0x7E,
  0x23, 0x4E, 0xE1, 0x3C, 0x37, 0x5D, 0xE7, 0x92, 0x43, 0x74, 0x13, 0x63, 0x49, 0x3E, 0xC5, 0x33, 0xCE, 0x98, 0x1C, 0xCA,
  0x0E, 0x00, 0x7E, 0xB4, 0xF5, 0xCD, 0x96, 0x86, 0x17, 0x22, 0xAB, 0xBC, 0xD2, 0xDA, 0x72, 0x1E, 0x99, 0x0A, 0xD6, 0x39,
  0xB8, 0x72, 0xD1, 0xA7, 0x81, 0xBB, 0x9C, 0xF9, 0x27, 0x6D, 0xF5, 0x8D, 0x46, 0xFE, 0x38, 0x4B, 0xA7, 0x58, 0x88, 0xB2,
  0x95, 0xF9, 0xAD, 0xEE, 0x0D, 0xA4, 0xB6, 0x50, 0xF1, 0x77, 0x12, 0xDB, 0x21, 0x0D, 0xF0, 0x92, 0x8A, 0x6F, 0x88, 0x6E,
  0x53, 0x60, 0x09, 0x54, 0xC8, 0x64, 0x6D, 0xC3, 0x8C, 0x97, 0x9B, 0xD9, 0xD0, 0x60, 0x95, 0x39, 0x17, 0x97, 0xC4, 0xE8,
  0xEC, 0x63, 0x07, 0x01, 0x00, 0xFA, 0xFB, 0x5D, 0x3A, 0x8A, 0xD7, 0x93, 0x55, 0x93, 0x51, 0x08, 0x5F, 0x1E, 0x91, 0xC3,
  0x05, 0x6F, 0x24, 0xCC, 0xB0, 0x0F, 0xC8, 0x0A, 0xA5, 0xAB, 0xA2, 0xC5, 0x23, 0x11, 0x90, 0xF7, 0xE3, 0x42, 0xFE, 0x82,
  0x26, 0x28, 0x13, 0xA1, 0x78, 0x67, 0x8E, 0xA6, 0x26, 0x7E, 0xE1, 0x7D, 0xC5, 0xA5, 0xFE, 0xF2, 0x75, 0x3A, 0x4C, 0x62,
  0xF5, 0xC5, 0x43, 0x0D, 0xA7, 0x44, 0x95, 0xB4, 0xAF, 0xE3, 0xD9, 0xBF, 0xFE, 0xE3, 0xFF, 0x34, 0x7E, 0x0D, 0xDE, 0x69,
  0x5A, 0x7A, 0x23, 0x36, 0x13, 0xB6, 0x02, 0x76, 0xA4, 0x4B, 0x2E, 0xA0, 0x0A, 0x8D, 0x9F, 0xDE, 0xFF, 0x70, 0x0D, 0x9A,
  0x18, 0xDE, 0xBE, 0x83, 0xA1, 0x30, 0x5D, 0x36, 0xE9, 0x19, 0x6D, 0xC2, 0x77, 0xE8, 0xDE, 0xA4, 0xA5, 0x71, 0x6E, 0x2B,
  0x04, 0x2A, 0xAB, 0xCD, 0x4C, 0x2F, 0x62, 0xAE, 0x5D, 0x52, 0x7A, 0xFF, 0x75, 0x83, 0xFB, 0x0A, 0x0D, 0x73, 0xCB, 0xAD,
  0xCD, 0x5E, 0x83, 0xAC, 0xCD, 0x86, 0x49, 0xA9, 0x19, 0x58, 0x1E, 0xBD, 0x6D, 0x43, 0x00, 0xDC, 0xFE, 0x00, 0x84, 0x80,
  0x7E, 0xE9, 0xBD, 0xCF, 0xE3, 0x21, 0x73, 0xE4, 0xCF, 0x91, 0xE7, 0xBA, 0xBF, 0x6F, 0xB3, 0x3B, 0x27, 0x11, 0xC2, 0x4C,
  0x67, 0x43, 0xC8, 0x83, 0xA4, 0xB1, 0x63, 0x07, 0xE9, 0x21, 0xA0, 0x78, 0x2A, 0xAE, 0xD7, 0x18, 0xA1, 0x32, 0x74, 0x7E,
  0xDF, 0xD8, 0x09, 0x68, 0x40, 0xCB, 0x12, 0x94, 0x8E, 0x6C, 0x84, 0xF2, 0x20, 0x64, 0xDA, 0x66, 0x48, 0x54, 0x76, 0xE8,
  0xC5, 0xDF, 0x2C, 0x4C, 0x00, 0xA6, 0x03, 0x1A, 0x01, 0x21, 0xB0, 0x90, 0xA5, 0x74, 0xE9, 0xD6, 0x4E, 0x59, 0x4D, 0x02,
  0xA5, 0x39, 0x9E, 0x88, 0xB5, 0xE4, 0xE3, 0x11, 0x86, 0x9B, 0x62, 0x9E, 0x3A, 0xAC, 0xF3, 0x5E, 0x9F, 0x3E, 0x35, 0x7E,
  0x9A, 0xD1, 0x16, 0x12, 0xA3, 0xE5, 0xBC, 0x99, 0xEF, 0x87, 0x7C, 0x5F, 0x38, 0x7B, 0x9F, 0x41, 0x83, 0xBD, 0xCF, 0x80,
  0x31, 0xA1, 0x7C, 0x65, 0x38, 0x3D, 0x68, 0x6D, 0x6B, 0x37, 0x55, 0xCA, 0x07, 0xE8, 0xD7, 0x09, 0xC2, 0x13, 0x73, 0x92,
  0x04, 0x80, 0x2E, 0xC6, 0x99, 0x7C, 0x92, 0x1E, 0x38, 0xD1, 0xCF, 0x0C, 0x9B, 0x23, 0x93, 0xD1, 0x3A, 0x71, 0x27, 0x27,
  0x42, 0x38, 0x38, 0x6D, 0x51, 0xA2, 0x39, 0xE6, 0x59, 0xD6, 0x12, 0x9D, 0xEA, 0x6F, 0x60, 0x08, 0x42, 0xF7, 0x93, 0x13,
  0x35, 0xDE, 0xFF, 0xC7, 0x3C, 0xCB, 0xFB, 0x4A, 0x09, 0xBE, 0x7F, 0x52, 0xC5, 0x64, 0x07, 0x42, 0x60, 0x6B, 0x81, 0xB5,
  0xF3, 0xEE, 0xC2, 0xA6, 0x65, 0x74, 0xB9, 0x7F, 0x88, 0x92, 0xE5, 0xAB, 0x0E, 0x03, 0x9A, 0x97, 0x20, 0x7C, 0x75, 0x71,
  0xA1, 0x0E, 0x77, 0x80, 0x90, 0x64, 0x8F, 0x25, 0x34, 0x1B, 0xA3, 0xA5, 0x29, 0xD1, 0xDF, 0x31, 0x42, 0x2D, 0x58, 0xE5,
  0x74, 0x71, 0x95, 0xCE, 0x58, 0xA9, 0xA7, 0x20, 0x8A, 0xFF, 0xF7, 0x65, 0x96, 0x74, 0x81, 0xBF, 0xBC, 0xD8, 0xDA, 0x95,
  0xA7, 0x07, 0x79, 0x97, 0x85, 0xCC, 0x5F, 0x97, 0xF3, 0x59, 0xB3, 0x10, 0x66, 0x5F, 0xE5, 0x3F, 0xCC, 0x3F, 0xB6, 0x56,
  0xB7, 0x88, 0xE9, 0x19, 0xB4, 0xAA, 0x97, 0xB4, 0x1D, 0x4D, 0x3E, 0x42, 0x47, 0xA0, 0x4D, 0x13, 0x3C, 0x43, 0xE1, 0x51,
  0x72, 0x63, 0xBC, 0xD3, 0x38, 0x20, 0xB6, 0x2A, 0xA3, 0x48, 0x3B, 0x88, 0xD3, 0xFA, 0x8A, 0x84, 0xCB, 0xCF, 0xBA, 0xAD,
  0x61, 0xB0, 0xDB, 0x00, 0x98, 0x67, 0x55, 0x18, 0x2C, 0xC2, 0x56, 0xC1, 0xD5, 0x6A, 0x2B, 0x6E, 0x57, 0x14, 0xD3, 0xE9,
  0xB4, 0x24, 0xDE, 0x07, 0x23, 0xDA, 0x30, 0x96, 0xA3, 0x2B, 0xE3, 0x73, 0xD9, 0x5A, 0x13, 0x4F, 0x33, 0x99, 0x64, 0x6A,
  0x9D, 0x26, 0x28, 0xD9, 0x4F, 0x27, 0x61, 0xE5, 0x37, 0x10, 0x94, 0x65, 0x9F, 0x4F, 0x08, 0x4B, 0xB8, 0x32, 0xC2, 0x61,
  0xA9, 0x7A, 0x2E, 0x44, 0x3E, 0x1B, 0x9E, 0x8A, 0x60, 0x49, 0x04, 0x93, 0x2E, 0xEA, 0x07, 0x09, 0x4A, 0x43, 0x2C, 0x8F,
  0xFC, 0xF1, 0xAA, 0x1F, 0xB8, 0x2B, 0xAC, 0xEE, 0xA7, 0xF1, 0x3B, 0xF1, 0xB7, 0x07, 0xFE, 0xC8, 0x3E, 0x36, 0xFA, 0xB9,
  0xEC, 0x90, 0x1F, 0x84, 0x00, 0xC9, 0x57, 0xC7, 0xFB, 0xCB, 0xE1, 0xFA, 0x7C, 0x74, 0x36, 0x46, 0xFE, 0xB0, 0x18, 0xBD,
  0x5F, 0x6F, 0x48, 0x5F, 0x4D, 0x26, 0xB0, 0xA5, 0x95, 0x64, 0x0C, 0x24, 0x11, 0xB6, 0xF0, 0x25, 0xB4, 0x90, 0x38, 0x6E,
  0x08, 0x51, 0x9E, 0xBF, 0xA0, 0xA8, 0x62, 0xBB, 0x8B, 0x84, 0x4C, 0x6E, 0xBA, 0xB3, 0xB9, 0xC0, 0x96, 0xFB, 0x7B, 0xB0,
  0x18, 0x41, 0xC3, 0x64, 0x0D, 0x7F, 0xD7, 0x90, 0xC9, 0xA0, 0xB9, 0x41, 0x6B, 0xE6, 0x49, 0x21, 0xB2, 0xD4, 0xF3, 0xC7,
  0xAC, 0x9D, 0x78, 0x9E, 0x0F, 0x3B, 0x9E, 0x81, 0x40, 0xFF, 0xF0, 0xE1, 0xCD, 0x0F, 0x17, 0x62, 0x98, 0xC7, 0xE5, 0x7B,
  0xFE, 0xEB, 0x58, 0xBE, 0xE7, 0x3B, 0x82, 0x45, 0x49, 0xF7, 0x00, 0xA2, 0xDF, 0x3A, 0xA3, 0x44, 0x16, 0x8F, 0x54, 0x79,
  0xAB, 0x78, 0xBF, 0xDE, 0x60, 0x83, 0xBC, 0xA0, 0x74, 0x3C, 0x25, 0x26, 0x80, 0x12, 0x08, 0x15, 0xEA, 0xD1, 0xA2, 0xFF,
  0x74, 0x44, 0xB5, 0x91, 0x44, 0x8B, 0xB8, 0xC9, 0x07, 0xE0, 0x8B, 0x77, 0xFE, 0x34, 0xA8, 0x79, 0x4E, 0x8E, 0x24, 0x77,
  0xC9, 0x82, 0x9A, 0x88, 0xAC, 0x02, 0x6D, 0xD7, 0x6B, 0x94, 0x3F, 0x41, 0xA3, 0x4B, 0x6F, 0x83, 0x57, 0xA6, 0x35, 0x4C,
  0x49, 0x4F, 0x2D, 0xC9, 0xAE, 0xAD, 0xED, 0x0E, 0xF5, 0x39, 0x39, 0xCD, 0x6B, 0xF9, 0xB7, 0xAD, 0xC2, 0x01, 0x27, 0x12,
  0xB1, 0xC2, 0x04, 0x8C, 0xF8, 0x7B, 0xE2, 0xAB, 0xC9, 0x1C, 0xFD, 0xDD, 0x13, 0x61, 0xEF, 0xD5, 0xD8, 0x1E, 0x1C, 0xF4,
  0x86, 0x29, 0xCD, 0x0E, 0x2C, 0x90, 0x5B, 0x14, 0xB8, 0x90, 0x8B, 0x86, 0x2D, 0x2F, 0xA5, 0xA5, 0x00, 0xC7, 0x1B, 0x42,
  0x00, 0xFF, 0x91, 0x74, 0xAF, 0x10, 0x4A, 0xC4, 0xDE, 0x8F, 0x5E, 0x00, 0xC4, 0x12, 0x83, 0x3B, 0x17, 0x6C, 0x6A, 0x1C,
  0x63, 0xBD, 0x60, 0x07, 0x9B, 0x5E, 0xCB, 0x03, 0xEC, 0xD8, 0x66, 0x20, 0x89, 0xB4, 0x81, 0x58, 0x16, 0xD3, 0xD5, 0x6F,
  0x58, 0x9D, 0x5C, 0xA3, 0xC9, 0xEA, 0xC7, 0x7B, 0x06, 0xFB, 0xD3, 0x62, 0x2E, 0x65, 0x53, 0x1C, 0x54, 0xE8, 0x91, 0xFC,
  0x4A, 0x5B, 0xE0, 0x50, 0xD6, 0x21, 0x5D, 0x7E, 0xFA, 0x54, 0x37, 0xC0, 0x9E, 0x53, 0x67, 0x86, 0x38, 0x76, 0x56, 0x74,
  0x6F, 0x71, 0xF5, 0x4F, 0x85, 0x63, 0x06, 0xAF, 0x97, 0xBC, 0x98, 0xAD, 0xF1, 0x26, 0x43, 0x76, 0x8F, 0xD9, 0x85, 0x65,
  0x3E, 0xE0, 0xDF, 0xE6, 0xC2, 0x2A, 0x24, 0x47, 0x15, 0xFD, 0x02, 0x32, 0xD2, 0xEF, 0xC5, 0x16, 0x08, 0x31, 0xC7, 0x73,
  0x3C, 0xC2, 0xBE, 0x5B, 0x31, 0xC3, 0xAE, 0x43, 0x97, 0x2A, 0x43, 0x9C, 0x7E, 0xFD, 0x75, 0xDD, 0x53, 0x08, 0x22, 0x35,
  0x3B, 0xC4, 0x89, 0xFB, 0x2B, 0x31, 0x0E, 0x43, 0x18, 0x87, 0x12, 0x04, 0xC6, 0xFE, 0x76, 0x58, 0x71, 0x98, 0x30, 0x2F,
  0x90, 0xD1, 0x06, 0x61, 0xAF, 0x36, 0xCD, 0x46, 0x5E, 0x8C, 0x8B, 0x01, 0x4E, 0x6A, 0xB8, 0xC9, 0x1B, 0xB2, 0xF5, 0xEF,
  0x84, 0x55, 0x24, 0x1E, 0x89, 0xF9, 0xFB, 0x0F, 0xD2, 0x52, 0x9D, 0x50, 0x41, 0xCB, 0x9F, 0xFB, 0x1B, 0xED, 0xFB, 0xCF,
  0x0C, 0x56, 0x86, 0xB9, 0x16, 0xC7, 0x9F, 0x30, 0x90, 0xAE, 0xE4, 0x0D, 0x5F, 0xAF, 0xE8, 0x69, 0xB3, 0xD9, 0x02, 0x82,
  0x04, 0x82, 0x59, 0x17, 0x3E, 0xCB, 0xA7, 0x4F, 0xE2, 0x43, 0x67, 0x8C, 0x82, 0x3A, 0x88, 0x37, 0xC6, 0x6C, 0x62, 0x7F,
  0xA4, 0x7D, 0x31, 0x84, 0x75, 0xC1, 0x1B, 0x01, 0x69, 0xDF, 0x52, 0x19, 0x28, 0xC8, 0xFA, 0x05, 0x9B, 0xFE, 0x3D, 0x7E,
  0x6C, 0x96, 0x96, 0x0B, 0xCA, 0xAB, 0x43, 0x8A, 0xF9, 0x06, 0x75, 0x0E, 0x20, 0x81, 0x07, 0xDC, 0x29, 0xC3, 0x3F, 0xD2,
  0x59, 0x38, 0xCB, 0x32, 0x9B, 0x0F, 0x6D, 0x9A, 0xA3, 0x43, 0xB7, 0xB7, 0xB7, 0xCE, 0xD9, 0x47, 0x56, 0xD0, 0xF8, 0x0D,
  0x7E, 0x6C, 0xB5, 0xFE, 0xAD, 0xF1, 0xAC, 0x71, 0xCA, 0x04, 0x9B, 0x03, 0x13, 0x6C, 0xF8, 0x04, 0x74, 0x9A, 0x9A, 0x8F,
  0xCF, 0x6B, 0x04, 0x95, 0x09, 0x76, 0xAD, 0x9D, 0xB9, 0x25, 0x5B, 0x96, 0xDE, 0x35, 0x46, 0xBC, 0x0F, 0x6E, 0x3C, 0x4E,
  0x7E, 0x38, 0x3C, 0xFF, 0x1B, 0x51, 0x9F, 0x18, 0xE6, 0xEB, 0xAF, 0x25, 0x19, 0x32, 0x11, 0x0B, 0xAF, 0x6C, 0x29, 0x84,
  0x07, 0x3B, 0x99, 0x93, 0x26, 0xDC, 0x6F, 0x69, 0xB5, 0xB6, 0xB2, 0xD9, 0x71, 0xD2, 0x3C, 0xAD, 0xE5, 0x86, 0xC3, 0x21,
  0x68, 0xF1, 0x42, 0x52, 0x63, 0x4B, 0xA5, 0xD7, 0x9D, 0x94, 0x92, 0xFB, 0x64, 0x4D, 0xAD, 0xBD, 0xD2, 0xD4, 0x45, 0xD4,
  0xCB, 0xBC, 0x6C, 0xB2, 0xA9, 0x04, 0x56, 0xE1, 0x96, 0xD1, 0x6A, 0xF7, 0xEB, 0xA3, 0xA2, 0xDA, 0x52, 0x75, 0xA1, 0xD8,
  0x15, 0x88, 0xFB, 0x3B, 0x15, 0xA5, 0x93, 0x6A, 0xA7, 0x39, 0x2F, 0x79, 0xBC, 0x60, 0x9D, 0xBF, 0xFE, 0x9A, 0xFD, 0xA9,
  0x44, 0xFD, 0xD4, 0xE2, 0x48, 0xB5, 0xB3, 0xD4, 0x7C, 0x7B, 0xC3, 0x85, 0x54, 0xA4, 0xA2, 0x76, 0x10, 0xD2, 0xF1, 0x0D,
  0x13, 0x8E, 0x17, 0x9F, 0x25, 0x47, 0x15, 0x47, 0x16, 0x72, 0xF9, 0x1D, 0xA7, 0xC5, 0x8B, 0xCF, 0x94, 0xE9, 0xC2, 0xF3,
  0xFB, 0x4A, 0x60, 0x1C, 0x02, 0x81, 0x21, 0x00, 0x7F, 0x05, 0x5E, 0xF0, 0x49, 0x2C, 0xF2, 0xD3, 0x27, 0x0D, 0xF8, 0xB2,
  0x38, 0xCF, 0xA1, 0xBA, 0x67, 0x20, 0xB0, 0x36, 0xEF, 0xD8, 0x5A, 0xE0, 0xBE, 0xA4, 0x17, 0xD0, 0xF7, 0x13, 0x2A, 0x24,
  0xE7, 0x2E, 0x3A, 0x9B, 0x94, 0x7C, 0xE1, 0xF9, 0x48, 0x47, 0x49, 0x85, 0xDB, 0x48, 0x99, 0x4A, 0x92, 0x69, 0xB4, 0x0E,
  0xB7, 0x85, 0x7F, 0x7B, 0x1B, 0xCF, 0x48, 0x2D, 0xCB, 0xD9, 0x84, 0x2F, 0x90, 0xD2, 0x6B, 0x76, 0x0E, 0xCC, 0x78, 0xE2,
  0x64, 0xF9, 0x3C, 0xDA, 0xF0, 0x3B, 0x95, 0x00, 0xE7, 0x8B, 0x3F, 0xD1, 0xF2, 0x21, 0x21, 0x3F, 0x1B, 0x03, 0x9C, 0x27,
  0x4F, 0x46, 0x42, 0x4D, 0xF3, 0xCF, 0xC3, 0x03, 0x1F, 0xE8, 0xF4, 0x29, 0xF7, 0x62, 0x43, 0x8D, 0x73, 0x97, 0xCD, 0x97,
  0x22, 0x5F, 0x00, 0x7C, 0x0A, 0x96, 0x14, 0x6F, 0x1F, 0x68, 0xE8, 0x81, 0x77, 0x76, 0xD5, 0x65, 0x6D, 0x73, 0x71, 0x25,
  0xA6, 0xE0, 0x04, 0x4E, 0xB8, 0x32, 0x23, 0xC2, 0x5D, 0x2A, 0xBE, 0x21, 0x44, 0xB4, 0x75, 0xBE, 0x00, 0x6F, 0xDA, 0x30,
  0x1B, 0x24, 0xBF, 0x72, 0x7E, 0x62, 0xAD, 0xC1, 0x14, 0xD9, 0x8A, 0x47, 0x21, 0x68, 0x19, 0x64, 0xA2, 0xE4, 0xB9, 0xBD,
  0x7C, 0x68, 0x7A, 0x9A, 0x3E, 0xA0, 0x5C, 0x74, 0x3C, 0x05, 0x9E, 0x2C, 0xF9, 0x88, 0xA2, 0xDF, 0xB3, 0xF5, 0x42, 0x79,
  0x9A, 0x8B, 0xBA, 0xF9, 0x8C, 0x89, 0x1D, 0xC1, 0xAB, 0x6F, 0x80, 0x3C, 0x2E, 0xC7, 0x5B, 0x39, 0x25, 0xC8, 0x59, 0x3E,
  0x7D, 0x12, 0xD1, 0x2B, 0xDE, 0x94, 0x42, 0x03, 0xB4, 0x13, 0xAB, 0xF9, 0x9A, 0x7C, 0xA4, 0x82, 0xD5, 0x8A, 0xA8, 0x05,
  0xF4, 0xF1, 0x92, 0x0B, 0xAF, 0xBD, 0xFA, 0x59, 0x69, 0xFF, 0x70, 0xD1, 0xD4, 0xEC, 0x89, 0x76, 0x93, 0x8F, 0xC0, 0xD4,
  0xEF, 0xBF, 0x89, 0xCF, 0x4C, 0xFF, 0x9E, 0xE3, 0xFC, 0xCD, 0xB9, 0xFA, 0x40, 0x1D, 0x66, 0xA3, 0x0F, 0xF3, 0x73, 0x3E,
  0x0C, 0x18, 0x40, 0x8E, 0xC2, 0xB5, 0xAC, 0x3A, 0x0C, 0x7F, 0xC2, 0xC7, 0x11, 0xE2, 0xA5, 0x5E, 0xA7, 0xAB, 0xAF, 0x90,
  0x53, 0x14, 0x7B, 0x3B, 0x28, 0x34, 0x7B, 0x60, 0xB6, 0x37, 0xDF, 0xE0, 0x66, 0x5E, 0x28, 0x70, 0x9C, 0x2A, 0x92, 0x91,
  0x89, 0x53, 0x47, 0xDD, 0xEC, 0x1D, 0xF5, 0xA1, 0x3C, 0xE8, 0x4E, 0xDD, 0x48, 0x16, 0x61, 0x60, 0x7B, 0xF9, 0x61, 0x4C,
  0x41, 0xC5, 0x6D, 0xCD, 0xAC, 0x55, 0x9D, 0xAA, 0x2D, 0xA7, 0x16, 0xD2, 0x83, 0x7D, 0x36, 0x35, 0x80, 0xCC, 0x67, 0xFF,
  0x23, 0xDD, 0x7C, 0x87, 0x90, 0xC9, 0x3E, 0x42, 0xD2, 0x68, 0xA5, 0xEC, 0x9D, 0xBC, 0xC4, 0x9D, 0x62, 0x88, 0x39, 0x49,
  0x62, 0x93, 0x4F, 0x89, 0xE2, 0xCA, 0x0F, 0x8D, 0x86, 0x18, 0xFB, 0x50, 0x5C, 0x95, 0xC5, 0x5B, 0x3E, 0x8E, 0x17, 0x42,
  0x91, 0xF3, 0x47, 0xBB, 0x1A, 0xE4, 0x41, 0x29, 0xA6, 0xCD, 0x23, 0xC0, 0xE6, 0x0C, 0xC7, 0xD9, 0x90, 0x1E, 0x09, 0xE5,
  0xC6, 0xF2, 0x4B, 0xC4, 0x5F, 0xB0, 0xBC, 0x9A, 0x39, 0x07, 0xB6, 0xF6, 0xB7, 0x51, 0x59, 0x52, 0x34, 0x3B, 0x41, 0x32,
  0xF1, 0xCD, 0xA8, 0x13, 0x4E, 0xFB, 0xC5, 0x93, 0xDE, 0x47, 0x4A, 0x28, 0xB3, 0x51, 0xBA, 0xAB, 0x57, 0x0E, 0x23, 0xA5,
  0x96, 0xE8, 0x56, 0xB0, 0xA8, 0x22, 0x85, 0x72, 0x79, 0x53, 0xFC, 0x50, 0x09, 0x69, 0xAA, 0xF2, 0x4C, 0xC6, 0xBD, 0x0E,
  0xE8, 0xA0, 0xE6, 0x7C, 0x56, 0x7E, 0xF4, 0x82, 0x69, 0x8A, 0xF2, 0xEA, 0x6A, 0x95, 0x0A, 0x28, 0x02, 0x18, 0x86, 0xE0,
  0xCC, 0x89, 0x2F, 0x9F, 0xB2, 0x88, 0xB7, 0x96, 0x15, 0x11, 0x15, 0x97, 0xC1, 0x91, 0x97, 0xC4, 0x71, 0xBC, 0x87, 0xE6,
  0xDB, 0x55, 0x05, 0xE7, 0xC9, 0x03, 0x60, 0xEB, 0x69, 0x04, 0x9D, 0x63, 0xEB, 0x18, 0xA9, 0x1E, 0x23, 0x92, 0xAF, 0x72,
  0xD6, 0x29, 0xCC, 0x1D, 0x41, 0xC5, 0xDA, 0x30, 0x0A, 0xF5, 0x6F, 0xEB, 0x5B, 0x0C, 0x10, 0x10, 0x9E, 0xBD, 0xC7, 0x58,
  0xF1, 0xE4, 0x18, 0x07, 0x3C, 0x8E, 0xC8, 0x8E, 0x50, 0xA6, 0xA2, 0x38, 0xF7, 0x92, 0x61, 0x6D, 0x6B, 0xF1, 0x26, 0xA2,
  0xBC, 0xAD, 0xAA, 0xDE, 0x04, 0xB3, 0x01, 0xB5, 0x92, 0xD5, 0xC4, 0xA2, 0x71, 0x25, 0xBB, 0x95, 0x23, 0x99, 0x6F, 0x52,
  0x8D, 0x95, 0x56, 0x47, 0x14, 0x40, 0x86, 0x62, 0xCF, 0xE6, 0xE8, 0xDE, 0x2A, 0xDB, 0x7D, 0x24, 0x10, 0x50, 0x25, 0x96,
  0x8A, 0x53, 0x77, 0xCA, 0x60, 0x87, 0x09, 0xE7, 0x80, 0x5B, 0xB8, 0x87, 0x3F, 0x6A, 0xED, 0xE1, 0xC3, 0x9C, 0x58, 0x58,
  0x17, 0x55, 0x44, 0x2B, 0x74, 0x84, 0x03, 0xB7, 0x3E, 0x61, 0x7B, 0xD7, 0x2A, 0x39, 0x5B, 0xE7, 0xE2, 0xBC, 0xDA, 0x39,
  0xBD, 0xE2, 0xE9, 0xF2, 0xC9, 0xFF, 0x05, 0x7A, 0x43, 0x64, 0x44, 0x98, 0x99, 0x00, 0x00,
};
  static const size_t LOGIN_PAGE_LEN = sizeof(LOGIN_PAGE);

  server.sendHeader("Cache-Control", "no-store, no-cache, must-revalidate, max-age=0");
  server.sendHeader("Pragma", "no-cache");
  server.sendHeader("Content-Encoding", "gzip");
  server.send_P(
    200,
    "text/html; charset=utf-8",
    (PGM_P)LOGIN_PAGE,
    LOGIN_PAGE_LEN
  );
}

void handleLogin() {
  if (
    !server.hasArg("username") ||
    !server.hasArg("password")
  ) {
    server.send(
      400,
      "text/plain",
      "Missing credentials"
    );

    return;
  }

  String username = normalizeUsername(server.arg("username"));
  String password = server.arg("password");
  String adminUsername = normalizeUsername(String(UI_USERNAME));
  bool authenticated = false;
  bool isAdmin = false;

  if (username == adminUsername && password == UI_PASSWORD) {
    authenticated = true;
    isAdmin = true;
  } else {
    StoredNasUser account;
    int accountSlot = findStoredNasUser(username, account);
    if (
      accountSlot >= 0 &&
      passwordMatches(password, account.saltHex, account.passwordHashHex)
    ) {
      if (account.status == "pending") {
        server.send(
          403,
          "text/plain; charset=utf-8",
          "Your account request is waiting for owner approval."
        );
        return;
      }
      authenticated = account.status == "active";
    }
  }

  if (!authenticated) {
    server.send(
      401,
      "text/plain; charset=utf-8",
      "Invalid username or password"
    );

    return;
  }

  String newSessionToken = createSession(username, isAdmin);

  server.sendHeader(
    "Set-Cookie",
    "SWIFTWING_SESSION=" +
    newSessionToken +
    "; Path=/; HttpOnly; SameSite=Lax"
  );

  redirectTo("/");
}

void sendAccountResponse(int statusCode, bool ok, const String &message) {
  String json = "{\"ok\":";
  json += ok ? "true" : "false";
  json += ",\"message\":\"" + jsonEscape(message) + "\"}";
  server.sendHeader("Cache-Control", "no-store");
  server.send(statusCode, "application/json; charset=utf-8", json);
}

void handleRegister() {
  if (
    !server.hasArg("username") ||
    !server.hasArg("password") ||
    !server.hasArg("confirmPassword")
  ) {
    sendAccountResponse(400, false, "Complete all account fields.");
    return;
  }

  String username = normalizeUsername(server.arg("username"));
  String password = server.arg("password");
  String confirmPassword = server.arg("confirmPassword");

  if (!validUsername(username)) {
    sendAccountResponse(400, false, "Use 3–24 letters, numbers, dots, hyphens, or underscores.");
    return;
  }

  if (username == normalizeUsername(String(UI_USERNAME))) {
    sendAccountResponse(409, false, "That username is reserved for the NAS owner.");
    return;
  }

  if (password.length() < 8 || password.length() > 64) {
    sendAccountResponse(400, false, "Choose a password between 8 and 64 characters.");
    return;
  }

  if (password != confirmPassword) {
    sendAccountResponse(400, false, "The passwords do not match.");
    return;
  }

  StoredNasUser existing;
  if (findStoredNasUser(username, existing) >= 0) {
    sendAccountResponse(409, false, "That username is already in use.");
    return;
  }

  if (countNasUsersWithStatus("pending") >= MAX_PENDING_NAS_USERS) {
    sendAccountResponse(409, false, "The approval queue is full. Please contact the NAS owner.");
    return;
  }

  int slot = findFreeNasUserSlot();
  if (slot < 0) {
    sendAccountResponse(409, false, "The NAS has reached its user account limit.");
    return;
  }

  StoredNasUser account;
  account.username = username;
  account.status = "pending";
  account.saltHex = makeRandomSaltHex();
  account.valid = derivePasswordHash(password, account.saltHex, account.passwordHashHex);
  if (!account.valid) {
    sendAccountResponse(500, false, "Could not secure the password. Please try again.");
    return;
  }

  if (!saveStoredNasUser(slot, account)) {
    sendAccountResponse(500, false, "Could not create the account. Please try again.");
    return;
  }

  sendAccountResponse(202, true, "Request submitted. You can sign in after the NAS owner approves it.");
}

void handleAccounts() {
  if (!isAdminAuthenticated()) {
    sendAccountResponse(403, false, "Owner access required.");
    return;
  }

  String json;
  json.reserve(1200);
  json = "{\"pending\":[";
  bool firstPending = true;
  for (int slot = 0; slot < MAX_NAS_USERS; slot++) {
    StoredNasUser account;
    if (!loadStoredNasUser(slot, account) || account.status != "pending") continue;
    if (!firstPending) json += ",";
    json += "{\"username\":\"" + jsonEscape(account.username) + "\"}";
    firstPending = false;
  }
  json += "],\"users\":[";
  bool firstActive = true;
  for (int slot = 0; slot < MAX_NAS_USERS; slot++) {
    StoredNasUser account;
    if (!loadStoredNasUser(slot, account) || account.status != "active") continue;
    if (!firstActive) json += ",";
    json += "{\"username\":\"" + jsonEscape(account.username) + "\"}";
    firstActive = false;
  }
  json += "]}";

  server.sendHeader("Cache-Control", "no-store");
  server.send(200, "application/json; charset=utf-8", json);
}

void handleAccountReview() {
  if (!isAdminAuthenticated()) {
    sendAccountResponse(403, false, "Owner access required.");
    return;
  }

  if (!server.hasArg("username") || !server.hasArg("action")) {
    sendAccountResponse(400, false, "Missing account or action.");
    return;
  }

  String username = normalizeUsername(server.arg("username"));
  String action = server.arg("action");
  StoredNasUser account;
  int slot = findStoredNasUser(username, account);
  if (slot < 0) {
    sendAccountResponse(404, false, "User account was not found.");
    return;
  }

  if (action == "approve") {
    if (account.status != "pending") {
      sendAccountResponse(409, false, "Only pending requests can be approved.");
      return;
    }
    account.status = "active";
    if (!saveStoredNasUser(slot, account)) {
      sendAccountResponse(500, false, "Could not approve this account request.");
      return;
    }
    sendAccountResponse(200, true, "Account approved. The user can now sign in.");
    return;
  }

  if (action == "reject") {
    if (account.status != "pending") {
      sendAccountResponse(409, false, "Only pending requests can be rejected.");
      return;
    }
    clearSessionsForUser(username);
    if (!removeStoredNasUser(slot)) {
      sendAccountResponse(500, false, "Could not reject this account request.");
      return;
    }
    sendAccountResponse(200, true, "Request rejected and removed.");
    return;
  }

  if (action != "revoke" || account.status != "active") {
    sendAccountResponse(400, false, "Choose approve, reject or revoke for the selected account.");
    return;
  }

  clearSessionsForUser(username);
  if (!removeStoredNasUser(slot)) {
    sendAccountResponse(500, false, "Could not remove this account.");
    return;
  }
  sendAccountResponse(200, true, "Account access revoked.");
}

void handleLogout() {
  removeCurrentSession();

  server.sendHeader(
    "Set-Cookie",
    "SWIFTWING_SESSION=deleted; Path=/; Max-Age=0; HttpOnly; SameSite=Lax"
  );

  redirectTo("/");
}

// =====================================================
// Discovery
// =====================================================

void sendStorageDiscovery() {
  storageUDP.beginPacket(
    IPAddress(255, 255, 255, 255),
    STORAGE_DISCOVERY_PORT
  );

  storageUDP.print(
    "SWIFTWING_DISCOVER|MASTER"
  );

  storageUDP.endPacket();
}

void processStorageReplies() {
  int packetSize = storageUDP.parsePacket();

  while (packetSize) {
    char buffer[256];

    int len = storageUDP.read(
      buffer,
      sizeof(buffer) - 1
    );

    if (len > 0) {
      buffer[len] = '\0';
    }

    String msg(buffer);

    // SWIFTWING_STORAGE|NODE1|ip|port|ready|total|used|free|uptime
    if (msg.startsWith("SWIFTWING_STORAGE|")) {
      String id = fieldAt(msg, 1);

      IPAddress reportedIP;

      if (!parseIPv4(fieldAt(msg, 2), reportedIP)) {
        reportedIP = storageUDP.remoteIP();
      }

      uint16_t port = (uint16_t)fieldAt(msg, 3).toInt();
      if (port == 0) {
        port = 80;
      }

      bool storageReady = fieldAt(msg, 4).toInt() == 1;

      uint64_t totalBytes = strtoull(
        fieldAt(msg, 5).c_str(),
        nullptr,
        10
      );

      uint64_t usedBytes = strtoull(
        fieldAt(msg, 6).c_str(),
        nullptr,
        10
      );

      uint64_t freeBytes = strtoull(
        fieldAt(msg, 7).c_str(),
        nullptr,
        10
      );

      uint32_t uptimeSeconds =
        fieldAt(msg, 8).toInt();

      if (id == "NODE1") {
        node1IP = reportedIP;
        node1Port = port;
        node1StorageReady = storageReady;
        node1TotalBytes = totalBytes;
        node1UsedBytes = usedBytes;
        node1FreeBytes = freeBytes;
        node1UptimeSeconds = uptimeSeconds;
        node1LastSeen = millis();
        node1Online = true;
      }

      else if (id == "NODE2") {
        node2IP = reportedIP;
        node2Port = port;
        node2StorageReady = storageReady;
        node2TotalBytes = totalBytes;
        node2UsedBytes = usedBytes;
        node2FreeBytes = freeBytes;
        node2UptimeSeconds = uptimeSeconds;
        node2LastSeen = millis();
        node2Online = true;
      }
    }

    packetSize = storageUDP.parsePacket();
  }

  unsigned long now = millis();

  if (
    node1Online &&
    now - node1LastSeen > NODE_TIMEOUT_MS
  ) {
    node1Online = false;
  }

  if (
    node2Online &&
    now - node2LastSeen > NODE_TIMEOUT_MS
  ) {
    node2Online = false;
  }
}

IPAddress subnetBroadcastIP() {
  IPAddress ip = WiFi.localIP();
  IPAddress mask = WiFi.subnetMask();

  return IPAddress(
    ip[0] | (uint8_t)(~mask[0]),
    ip[1] | (uint8_t)(~mask[1]),
    ip[2] | (uint8_t)(~mask[2]),
    ip[3] | (uint8_t)(~mask[3])
  );
}

void sendMasterAnnouncementTo(
  IPAddress targetIP,
  uint16_t targetPort
) {
  String msg =
    "SWIFTWING_MASTER|" +
    WiFi.localIP().toString() +
    "|" +
    String(millis() / 1000UL);

  masterAnnounceUDP.beginPacket(
    targetIP,
    targetPort
  );

  masterAnnounceUDP.print(msg);
  masterAnnounceUDP.endPacket();
}

void sendMasterAnnouncement() {
  if (
    WiFi.status() !=
    WL_CONNECTED
  ) {
    return;
  }

  // Traditional limited broadcast.
  sendMasterAnnouncementTo(
    IPAddress(255, 255, 255, 255),
    MASTER_ANNOUNCE_PORT
  );

  // Subnet-directed broadcast, e.g. 192.168.0.255.
  IPAddress subnetBroadcast =
    subnetBroadcastIP();

  if (
    subnetBroadcast !=
    IPAddress(255, 255, 255, 255)
  ) {
    sendMasterAnnouncementTo(
      subnetBroadcast,
      MASTER_ANNOUNCE_PORT
    );
  }
}

void processMasterDiscoveryRequests() {
  int packetSize =
    masterAnnounceUDP.parsePacket();

  while (packetSize) {
    char buffer[160];

    int len =
      masterAnnounceUDP.read(
        buffer,
        sizeof(buffer) - 1
      );

    if (len > 0) {
      buffer[len] = '\0';
    }

    String msg(buffer);

    if (
      msg.startsWith(
        "SWIFTWING_FIND_MASTER|"
      )
    ) {
      // Reply directly to the requesting device.
      sendMasterAnnouncementTo(
        masterAnnounceUDP.remoteIP(),
        masterAnnounceUDP.remotePort()
      );

      Serial.print(
        "Master discovery reply -> "
      );
      Serial.print(
        masterAnnounceUDP.remoteIP()
      );
      Serial.print(":");
      Serial.println(
        masterAnnounceUDP.remotePort()
      );
    }

    packetSize =
      masterAnnounceUDP.parsePacket();
  }
}

void processDNSStatus() {
  int packetSize =
    dnsStatusUDP.parsePacket();

  while (packetSize) {
    char buffer[160];

    int len =
      dnsStatusUDP.read(
        buffer,
        sizeof(buffer) - 1
      );

    if (len > 0) {
      buffer[len] = '\0';
    }

    String msg(buffer);

    if (
      msg.startsWith(
        "SWIFTWING_DNS|C3|"
      )
    ) {
      IPAddress ip;

      if (
        parseIPv4(
          fieldAt(msg, 2),
          ip
        )
      ) {
        c3IP = ip;
      } else {
        c3IP =
          dnsStatusUDP.remoteIP();
      }

      c3Uptime =
        fieldAt(msg, 3).toInt();

      c3LastSeen =
        millis();

      c3Online =
        true;
    }

    packetSize =
      dnsStatusUDP.parsePacket();
  }

  if (
    c3Online &&
    millis() - c3LastSeen >
    SERVICE_TIMEOUT_MS
  ) {
    c3Online = false;
  }
}

void processMonitorStatus() {
  int packetSize =
    monitorStatusUDP.parsePacket();

  while (packetSize) {
    char buffer[180];

    int len =
      monitorStatusUDP.read(
        buffer,
        sizeof(buffer) - 1
      );

    if (len > 0) {
      buffer[len] = '\0';
    }

    String msg(buffer);

    String monitorType = fieldAt(msg, 1);

    if (
      msg.startsWith("SWIFTWING_MONITOR|") &&
      (monitorType == "ESP32" || monitorType == "ESP8266")
    ) {
      IPAddress ip;

      if (
        parseIPv4(
          fieldAt(msg, 2),
          ip
        )
      ) {
        monitorIP = ip;
      } else {
        monitorIP =
          monitorStatusUDP.remoteIP();
      }

      monitorUptime =
        fieldAt(msg, 3).toInt();

      monitorRSSI =
        fieldAt(msg, 4).toInt();

      monitorFanSupported = fieldAt(msg, 5) == "FAN1";
      if (monitorFanSupported) {
        int targetPercent = fieldAt(msg, 6).toInt();
        int outputPercent = fieldAt(msg, 7).toInt();
        monitorFanPercent = (uint8_t)constrain(targetPercent, 0, 100);
        monitorFanOutputPercent = (uint8_t)constrain(outputPercent, 0, 100);
      } else {
        monitorFanPercent = 0;
        monitorFanOutputPercent = 0;
      }

      monitorLastSeen =
        millis();

      monitorOnline =
        true;

      monitorBoard =
        monitorType;
    }

    packetSize =
      monitorStatusUDP.parsePacket();
  }

  if (
    monitorOnline &&
    millis() - monitorLastSeen >
    SERVICE_TIMEOUT_MS
  ) {
    monitorOnline = false;
    monitorFanSupported = false;
  }
}

// =====================================================
// JSON State API
// =====================================================

String node1Json() {
  String s = "{";

  s += "\"id\":\"" + jsonEscape(node1Id) + "\",";
  s += "\"label\":\"" + jsonEscape(node1Label) + "\",";
  s += "\"online\":" + String(node1Online ? "true" : "false") + ",";
  s += "\"storageReady\":" + String(node1StorageReady ? "true" : "false") + ",";
  s += "\"ip\":\"" + node1IP.toString() + "\",";
  s += "\"port\":" + String(node1Port) + ",";
  s += "\"total\":" + uint64ToString(node1TotalBytes) + ",";
  s += "\"used\":" + uint64ToString(node1UsedBytes) + ",";
  s += "\"free\":" + uint64ToString(node1FreeBytes) + ",";
  s += "\"uptime\":" + String(node1UptimeSeconds);

  s += "}";
  return s;
}

String node2Json() {
  String s = "{";

  s += "\"id\":\"" + jsonEscape(node2Id) + "\",";
  s += "\"label\":\"" + jsonEscape(node2Label) + "\",";
  s += "\"online\":" + String(node2Online ? "true" : "false") + ",";
  s += "\"storageReady\":" + String(node2StorageReady ? "true" : "false") + ",";
  s += "\"ip\":\"" + node2IP.toString() + "\",";
  s += "\"port\":" + String(node2Port) + ",";
  s += "\"total\":" + uint64ToString(node2TotalBytes) + ",";
  s += "\"used\":" + uint64ToString(node2UsedBytes) + ",";
  s += "\"free\":" + uint64ToString(node2FreeBytes) + ",";
  s += "\"uptime\":" + String(node2UptimeSeconds);

  s += "}";
  return s;
}

void handleState() {
  int sessionSlot = currentSessionSlot();
  if (sessionSlot < 0) {
    server.send(
      401,
      "application/json",
      "{\"error\":\"unauthorized\"}"
    );

    return;
  }

  String json;
  json.reserve(1600);

  json = "{";

  json +=
    "\"currentUser\":\"" +
    jsonEscape(sessions[sessionSlot].username) +
    "\",";

  json +=
    "\"isAdmin\":" +
    String(sessions[sessionSlot].isAdmin ? "true" : "false") +
    ",";

  json +=
    "\"apiKey\":\"" +
    jsonEscape(
      String(NODE_API_KEY)
    ) +
    "\",";

  json +=
    "\"domain\":\"" +
    jsonEscape(
      String(NAS_DOMAIN)
    ) +
    "\",";

  json +=
    "\"nodes\":{";

  json +=
    "\"NODE1\":" +
    node1Json() +
    ",";

  json +=
    "\"NODE2\":" +
    node2Json();

  json += "},";

  json +=
    "\"services\":{";

  json +=
    "\"master\":{";

  json +=
    "\"label\":\"Master\",";

  json +=
    "\"detail\":\"Control / UI\",";

  json +=
    "\"online\":true,";

  json +=
    "\"ip\":\"" +
    WiFi.localIP().toString() +
    "\",";

  json +=
    "\"uptime\":" +
    String(
      millis() / 1000UL
    );

  json += "},";

  json +=
    "\"dns\":{";

  json +=
    "\"label\":\"C3 DNS\",";

  json +=
    "\"detail\":\"Local DNS\",";

  json +=
    "\"online\":" +
    String(
      c3Online ?
      "true" :
      "false"
    ) +
    ",";

  json +=
    "\"ip\":\"" +
    c3IP.toString() +
    "\",";

  json +=
    "\"uptime\":" +
    String(c3Uptime);

  json += "},";

  json +=
    "\"monitor\":{";

  json +=
    "\"label\":\"" +
    monitorBoard +
    " Monitor\",";

  json +=
    "\"detail\":\"Monitor / OLED\",";

  json +=
    "\"online\":" +
    String(
      monitorOnline ?
      "true" :
      "false"
    ) +
    ",";

  json +=
    "\"ip\":\"" +
    monitorIP.toString() +
    "\",";

  json +=
    "\"uptime\":" +
    String(
      monitorUptime
    ) +
    ",";

  json +=
    "\"rssi\":" +
    String(
      monitorRSSI
    ) +
    ",";

  json +=
    "\"fanSupported\":" +
    String(monitorFanSupported ? "true" : "false") +
    ",";

  json +=
    "\"fanPercent\":" +
    String(monitorFanPercent) +
    ",";

  json +=
    "\"fanOutputPercent\":" +
    String(monitorFanOutputPercent);

  json += "}";

  json += "}";

  json += "}";

  server.sendHeader(
    "Cache-Control",
    "no-store"
  );

  server.send(
    200,
    "application/json; charset=utf-8",
    json
  );
}

void handleFanControl() {
  if (!isAuthenticated()) {
    server.send(401, "application/json", "{\"error\":\"unauthorized\"}");
    return;
  }

  if (!isAdminAuthenticated()) {
    server.send(403, "application/json", "{\"error\":\"owner account required\"}");
    return;
  }

  if (!server.hasArg("percent")) {
    server.send(400, "application/json", "{\"error\":\"missing percent\"}");
    return;
  }

  String rawPercent = server.arg("percent");
  rawPercent.trim();
  char* end = nullptr;
  long percent = strtol(rawPercent.c_str(), &end, 10);
  if (rawPercent.length() == 0 || end == rawPercent.c_str() || *end != '\0' || percent < 0 || percent > 100) {
    server.send(400, "application/json", "{\"error\":\"percent must be 0 to 100\"}");
    return;
  }

  if (!monitorOnline || !monitorFanSupported) {
    server.send(409, "application/json", "{\"error\":\"fan-capable ESP32 Monitor is offline\"}");
    return;
  }

  monitorStatusUDP.beginPacket(monitorIP, MONITOR_FAN_CONTROL_PORT);
  monitorStatusUDP.print(String("SWIFTWING_FAN|V1|") + String(percent));
  if (monitorStatusUDP.endPacket() != 1) {
    server.send(502, "application/json", "{\"error\":\"fan command could not be sent\"}");
    return;
  }

  server.sendHeader("Cache-Control", "no-store");
  server.send(202, "application/json", String("{\"ok\":true,\"requested\":") + String(percent) + "}");
}

// =====================================================
// Web Routes
// =====================================================

void handleRoot() {
  if (provisioningMode && WiFi.status() != WL_CONNECTED) {
    server.sendHeader("Cache-Control", "no-store, no-cache, must-revalidate, max-age=0");
    server.sendHeader("Content-Encoding", "gzip");
    server.send_P(200, "text/html; charset=utf-8", (PGM_P)WIFI_SETUP_PAGE, WIFI_SETUP_PAGE_LEN);
    return;
  }

  if (!isAuthenticated()) {
    handleLoginPage();
    return;
  }

  server.sendHeader("Cache-Control", "no-store, no-cache, must-revalidate, max-age=0");
  server.sendHeader("Pragma", "no-cache");
  server.sendHeader("Expires", "0");

  server.sendHeader("Content-Encoding", "gzip");
  server.send_P(
    200,
    "text/html; charset=utf-8",
    (PGM_P)MAIN_PAGE,
    MAIN_PAGE_LEN
  );
}

void handleStatusPage() {
  if (!isAuthenticated()) {
    redirectTo("/");
    return;
  }

  server.sendHeader("Content-Encoding", "gzip");
  server.send_P(
    200,
    "text/html; charset=utf-8",
    (PGM_P)STATUS_PAGE,
    STATUS_PAGE_LEN
  );
}

// =====================================================
// WiFi
// =====================================================

// Managed by the Swiftwing Wi-Fi block near the top of this file.

// =====================================================
// Setup / Loop
// =====================================================

void setup() {
  // The control/UI board does not handle file data. 160 MHz keeps Wi-Fi and
  // the web UI responsive while reducing the CPU's active power from 240 MHz.
  bool cpuClockReduced = setCpuFrequencyMhz(160);
  Serial.begin(115200);

  if (!cpuClockReduced) {
    Serial.println("Master CPU clock reduction unavailable; using board default");
  }

  delay(500);
  connectWiFi();

  wifiSyncUDP.begin(WIFI_SYNC_LOCAL_PORT);

  storageUDP.begin(
    STORAGE_DISCOVERY_PORT
  );

  masterAnnounceUDP.begin(
    MASTER_LOCAL_PORT
  );

  dnsStatusUDP.begin(
    DNS_STATUS_PORT
  );

  monitorStatusUDP.begin(
    MONITOR_STATUS_PORT
  );

  const char* headerKeys[] = {
    "Cookie"
  };

  server.collectHeaders(
    headerKeys,
    1
  );

  server.on(
    "/",
    HTTP_GET,
    handleRoot
  );

  server.on(
    "/status",
    HTTP_GET,
    handleStatusPage
  );

  server.on(
    "/api/state",
    HTTP_GET,
    handleState
  );

  server.on(
    "/api/fan",
    HTTP_POST,
    handleFanControl
  );

  server.on(
    "/login",
    HTTP_GET,
    handleLoginPage
  );

  server.on(
    "/login",
    HTTP_POST,
    handleLogin
  );

  server.on(
    "/register",
    HTTP_POST,
    handleRegister
  );

  server.on(
    "/api/accounts",
    HTTP_GET,
    handleAccounts
  );

  server.on(
    "/api/accounts/review",
    HTTP_POST,
    handleAccountReview
  );

  server.on(
    "/logout",
    HTTP_GET,
    handleLogout
  );

  server.on(
    "/ui-version",
    HTTP_GET,
    []() {
      server.sendHeader("Cache-Control", "no-store, no-cache, must-revalidate, max-age=0");
      server.send(200, "text/plain; charset=utf-8", UI_BUILD);
    }
  );

  server.on(
    "/wifi",
    HTTP_GET,
    []() {
      if (!wifiAdminAllowed()) { redirectTo("/"); return; }
      server.sendHeader("Cache-Control", "no-store, no-cache, must-revalidate, max-age=0");
      server.sendHeader("Content-Encoding", "gzip");
      server.send_P(200, "text/html; charset=utf-8", (PGM_P)WIFI_SETUP_PAGE, WIFI_SETUP_PAGE_LEN);
    }
  );

  server.on(
    "/api/wifi/status",
    HTTP_GET,
    handleWiFiStatus
  );

  server.on(
    "/api/wifi/scan",
    HTTP_GET,
    handleWiFiScan
  );

  server.on(
    "/api/wifi/apply",
    HTTP_POST,
    handleWiFiApply
  );

  server.on(
    "/api/wifi/bootstrap",
    HTTP_GET,
    handleWiFiBootstrap
  );

  server.onNotFound(
    []() {
      if (!isAuthenticated()) {
        redirectTo("/");
        return;
      }

      server.send(
        404,
        "text/plain",
        "Not found"
      );
    }
  );

  server.begin();

  sendStorageDiscovery();

  sendMasterAnnouncement();

  lastDiscovery =
    millis();

  lastMasterAnnouncement =
    millis();

  Serial.println(
    "Swiftwing Master V1.3 ONLINE"
  );

  Serial.print(
    "Files: http://"
  );

  Serial.println(
    WiFi.localIP()
  );

  Serial.print(
    "Status: http://"
  );

  Serial.print(
    WiFi.localIP()
  );

  Serial.println(
    "/status"
  );
}

void loop() {
  server.handleClient();

  processMasterDiscoveryRequests();
  processStorageReplies();

  processDNSStatus();

  processMonitorStatus();

  maintainMasterWiFi();

  if (wifiRestartAt && (long)(millis() - wifiRestartAt) >= 0) {
    ESP.restart();
  }

  unsigned long now =
    millis();

  if (
    now - lastDiscovery >=
    DISCOVERY_INTERVAL_MS
  ) {
    lastDiscovery =
      now;

    sendStorageDiscovery();
  }

  if (
    now - lastMasterAnnouncement >=
    MASTER_ANNOUNCE_MS
  ) {
    lastMasterAnnouncement =
      now;

    sendMasterAnnouncement();
  }

  // Give the Wi-Fi task more idle time while keeping UI/UDP polling responsive.
  delay(5);
}
